id,title,ratingClass,difficulty,rating,metadata_origin,chart_path,audio_path,chart_bytes,chart_sha256,audio_bytes,audio_override,audio_source,chart_source
sayonarahatsukoi,Sayonara Hatsukoi,0,PST,1,Infinity songlist,assets/songs/sayonarahatsukoi/0.aff,assets/songs/sayonarahatsukoi/base.ogg,1638,c617104a505f31327cc215b2134cfdfcb8f9170a1fbb8455fe0ed055da197d19,2804871,False,Infinity,Infinity
sayonarahatsukoi,Sayonara Hatsukoi,1,PRS,4,Infinity songlist,assets/songs/sayonarahatsukoi/1.aff,assets/songs/sayonarahatsukoi/base.ogg,4104,2a8f206c635b62550261539eb5e03e3a7e7242fcdcda622d99f1e57d14f36f67,2804871,False,Infinity,Infinity
sayonarahatsukoi,Sayonara Hatsukoi,2,FTR,7,Infinity songlist,assets/songs/sayonarahatsukoi/2.aff,assets/songs/sayonarahatsukoi/base.ogg,9636,5079c545839aae3876dd5e2b9a9469561ea247b478e25c117f1a9e3dc6b3d595,2804871,False,Infinity,Infinity
sayonarahatsukoi,Sayonara Hatsukoi,4,ETR,8,Infinity songlist,assets/songs/sayonarahatsukoi/4.aff,assets/songs/sayonarahatsukoi/base.ogg,22364,ae601087cae680a7570f9ff084ed626e9afbc73e63ec6f590fbcbc5a5d3d30a4,2804871,False,Infinity,Infinity
lostcivilization,Lost Civilization,0,PST,4,Infinity songlist,assets/songs/lostcivilization/0.aff,assets/songs/lostcivilization/base.ogg,6026,94a38ee3dd11eb0c23469a68ed275a604a4b8e81d4a1006eb4ea696e62bfbcca,3016192,False,Infinity,Infinity
lostcivilization,Lost Civilization,1,PRS,7,Infinity songlist,assets/songs/lostcivilization/1.aff,assets/songs/lostcivilization/base.ogg,8422,6ed9b2f2a8268bc048dce7b4ce91c18af1b481aada0893db6b955ef2ef6419d7,3016192,False,Infinity,Infinity
lostcivilization,Lost Civilization,2,FTR,9,Infinity songlist,assets/songs/lostcivilization/2.aff,assets/songs/lostcivilization/base.ogg,15232,b208ccbcefef521f9ed7c08c7f261e663a1d96d23d46723b627bc0eb8ab55313,3016192,False,Infinity,Infinity
lostcivilization,Lost Civilization,3,BYD,9,Infinity songlist,assets/songs/lostcivilization/3.aff,assets/songs/lostcivilization/base.ogg,35979,b30feaa6847b3e44793ef9bbd6ee37f4436ea6dd3a384468dbfb6ce7a6225851,3016192,False,Infinity,Infinity
goodtek,GOODTEK (Arcaea Edit),0,PST,4,Infinity songlist,assets/songs/goodtek/0.aff,assets/songs/goodtek/base.ogg,4369,5c70b9d1090f60d5c6794d58cb565cb3fa368f217e7eeb03287d1468507e596a,3066727,False,Infinity,Infinity
goodtek,GOODTEK (Arcaea Edit),1,PRS,6,Infinity songlist,assets/songs/goodtek/1.aff,assets/songs/goodtek/base.ogg,9273,80dc9bc025952dfd10abb6c3c570c492a65c9b26480695fab2f60ebe9f4f0f24,3066727,False,Infinity,Infinity
goodtek,GOODTEK (Arcaea Edit),2,FTR,9,Infinity songlist,assets/songs/goodtek/2.aff,assets/songs/goodtek/base.ogg,28162,97abf2acc070df16149367cb847cee7153e5e83b037cf31ee8eba00f49cbeb23,3066727,False,Infinity,Infinity
goodtek,GOODTEK (Arcaea Edit),3,BYD,9,Infinity songlist,assets/songs/goodtek/3.aff,assets/songs/goodtek/base.ogg,41773,aaa28b008a6b9b2569fb5a4a7568f6cc4f58a06c15cb9327712f3f0f98799aa0,3066727,False,Infinity,Infinity
viyella,cry of viyella,0,PST,3,Infinity songlist,assets/songs/viyella/0.aff,assets/songs/viyella/base.ogg,5576,d3ea77b27fd4660819386ba90669db59da4c5d76544047450a3f7a5e7054b467,3095891,False,Infinity,Infinity
viyella,cry of viyella,1,PRS,6,Infinity songlist,assets/songs/viyella/1.aff,assets/songs/viyella/base.ogg,7607,fe66c3005a626e6f6a9c7578177ddb4e4d20d90f6f7685bbc91aa7cca3e1fbdd,3095891,False,Infinity,Infinity
viyella,cry of viyella,2,FTR,8,Infinity songlist,assets/songs/viyella/2.aff,assets/songs/viyella/base.ogg,13607,9da5edb6aac1d1ba8de10b1ddf5d255e4479b25d968e513e3dbd00e9f31347b0,3095891,False,Infinity,Infinity
rise,Rise,0,PST,2,Infinity songlist,assets/songs/rise/0.aff,assets/songs/rise/base.ogg,3445,064d2c69c843831d63dffd54b90e0af7d3efa24e914713b24bb19eb33917ec42,3445980,False,Infinity,Infinity
rise,Rise,1,PRS,4,Infinity songlist,assets/songs/rise/1.aff,assets/songs/rise/base.ogg,6934,036025fb09cd492a6f36a8a6aafdcf768bc93730caab66dfcd6d1c3d626a5a80,3445980,False,Infinity,Infinity
rise,Rise,2,FTR,7,Infinity songlist,assets/songs/rise/2.aff,assets/songs/rise/base.ogg,16623,40c2899dc7bb0b492ab7d1df4c043fb298d18fc88622440d88060cbc35c40b1f,3445980,False,Infinity,Infinity
lucifer,Lucifer,0,PST,3,Infinity songlist,assets/songs/lucifer/0.aff,assets/songs/lucifer/base.ogg,4012,edca73afe7637cce41706c6a271a339a1bb17e6bede1cb1dbb03419488831c69,3227633,False,Infinity,Infinity
lucifer,Lucifer,1,PRS,5,Infinity songlist,assets/songs/lucifer/1.aff,assets/songs/lucifer/base.ogg,5967,56351f4ad19603c4bbd5a2a1d7e22520ab15973522c7023bdd6bc78a8f912e57,3227633,False,Infinity,Infinity
lucifer,Lucifer,2,FTR,8,Infinity songlist,assets/songs/lucifer/2.aff,assets/songs/lucifer/base.ogg,16078,df44a395c9111f198a9fb996423ce374db5900f0674be81c642a8f6eedd3c5cc,3227633,False,Infinity,Infinity
fairytale,Fairytale,0,PST,1,Infinity songlist,assets/songs/fairytale/0.aff,assets/songs/fairytale/base.ogg,1570,c2c757b1764d9e635ac6b2a6f196b35c40c157dc1a1d7f109cc9b2f0d088f30b,3171343,False,Infinity,Infinity
fairytale,Fairytale,1,PRS,3,Infinity songlist,assets/songs/fairytale/1.aff,assets/songs/fairytale/base.ogg,4696,a7ddc69b112ace961f032cb1f03bf8933271c6269af54e308802cb38b8ed17da,3171343,False,Infinity,Infinity
fairytale,Fairytale,2,FTR,7,Infinity songlist,assets/songs/fairytale/2.aff,assets/songs/fairytale/base.ogg,10438,784203db96821cea5d641df05372c8effd5a018e2d2dd1bb9340098cc7d48bf7,3171343,False,Infinity,Infinity
fairytale,Fairytale,3,BYD,9,Infinity songlist,assets/songs/fairytale/3.aff,assets/songs/fairytale/base.ogg,24343,424aa65fffa3736b2776a38f63fa3ce3082820cf3cefa1a9a92cca922197f609,3171343,False,Infinity,Infinity
hearditsaid,I've heard it said,0,PST,3,Infinity songlist,assets/songs/hearditsaid/0.aff,assets/songs/hearditsaid/base.ogg,3220,b16d281d3c3b86be64b23cf4d2233a1a2ac210a1e374a0486e06ac4ce772937b,3072988,False,Infinity,Infinity
hearditsaid,I've heard it said,1,PRS,6,Infinity songlist,assets/songs/hearditsaid/1.aff,assets/songs/hearditsaid/base.ogg,5397,84092ce45c5e40c9e4efce77f923499e9ad2a0d62df4701b55cc2cb9560028cd,3072988,False,Infinity,Infinity
hearditsaid,I've heard it said,2,FTR,8,Infinity songlist,assets/songs/hearditsaid/2.aff,assets/songs/hearditsaid/base.ogg,11842,5d854025bc78d78c932c9776e9855e3ae23002f225af4166468c2f81920b7254,3072988,False,Infinity,Infinity
babaroque,Babaroque,0,PST,3,Infinity songlist,assets/songs/babaroque/0.aff,assets/songs/babaroque/base.ogg,5730,b53c03a8c9f75ac8629f76754e5d5c0dc5c331e0af58e41a50c8576274a83cd7,3600779,False,Infinity,Infinity
babaroque,Babaroque,1,PRS,6,Infinity songlist,assets/songs/babaroque/1.aff,assets/songs/babaroque/base.ogg,11126,152cab89a0881c084d95f9eb999bcedb9b722420a7bb0fd3c87f27bf1b7a4eb4,3600779,False,Infinity,Infinity
babaroque,Babaroque,2,FTR,8,Infinity songlist,assets/songs/babaroque/2.aff,assets/songs/babaroque/base.ogg,18845,4f7ff9de21b0b7e671f72b610461c90b45ef98b65188c7b482042233f494e83e,3600779,False,Infinity,Infinity
memoryfactory,memoryfactory.lzh,0,PST,2,Infinity songlist,assets/songs/memoryfactory/0.aff,assets/songs/memoryfactory/base.ogg,3710,68f53395a3a1a1efd8d060a20aebb90e660ddacf584049d36f6cea72fea13fa1,3147540,False,Infinity,Infinity
memoryfactory,memoryfactory.lzh,1,PRS,5,Infinity songlist,assets/songs/memoryfactory/1.aff,assets/songs/memoryfactory/base.ogg,6007,8e526c2d6f332836b2dc90c1434c8bda93d2bd0e27362717d4e7883f403647a9,3147540,False,Infinity,Infinity
memoryfactory,memoryfactory.lzh,2,FTR,8,Infinity songlist,assets/songs/memoryfactory/2.aff,assets/songs/memoryfactory/base.ogg,19025,94164cd180be30da1f521ac5266de9f7475458e1754f5a1f5d02f7baa51b9a3c,3147540,False,Infinity,Infinity
snowwhite,Snow White,0,PST,2,Infinity songlist,assets/songs/snowwhite/0.aff,assets/songs/snowwhite/base.ogg,2707,5621b6332d0f8257f9ce0b85a7b6cfd19266debe07bda1502f7d8c00c5574a7a,3612336,False,Infinity,Infinity
snowwhite,Snow White,1,PRS,5,Infinity songlist,assets/songs/snowwhite/1.aff,assets/songs/snowwhite/base.ogg,8727,ba387ac6b6b8f1dd0762f2d54de4a556bceea263293c1f5fb393b61098eb1b54,3612336,False,Infinity,Infinity
snowwhite,Snow White,2,FTR,8,Infinity songlist,assets/songs/snowwhite/2.aff,assets/songs/snowwhite/base.ogg,19925,f67ebb0f323f2ba9d0b8f248070bf4b2f77c393541f2afaa51bc8c4e506709d0,3612336,False,Infinity,Infinity
snowwhite,Snow White,3,BYD,9,Infinity songlist,assets/songs/snowwhite/3.aff,assets/songs/snowwhite/base.ogg,50467,cfd4c6160ffb14db0a72a690e14668cd1c7ed591bbe0b2288d6348e8dff0c91a,3612336,False,Infinity,Infinity
relentless,Relentless,0,PST,4,Infinity songlist,assets/songs/relentless/0.aff,assets/songs/relentless/base.ogg,8708,f00321e292ee2e277bf7117f5d62cd640e6b287ddd981991b3b2c252ba3647f3,3348939,False,Infinity,Infinity
relentless,Relentless,1,PRS,6,Infinity songlist,assets/songs/relentless/1.aff,assets/songs/relentless/base.ogg,13541,705acd2de1932bc4dacb5ff735188c7c2a865ee24b218f6979a8984bd823d466,3348939,False,Infinity,Infinity
relentless,Relentless,2,FTR,8,Infinity songlist,assets/songs/relentless/2.aff,assets/songs/relentless/base.ogg,27299,4ce0bb11b9f9320c97ccf4a9f8107c47c55e52adde30a1ae8da1ce220bc86e07,3348939,False,Infinity,Infinity
shadesoflight,Shades of Light in a Transcendent Realm,0,PST,3,Infinity songlist,assets/songs/shadesoflight/0.aff,assets/songs/shadesoflight/base.ogg,6705,a0251c838173bc53c5f1a99d2780f893735097eec3ed8c5799243328610b35d7,3644662,False,Infinity,Infinity
shadesoflight,Shades of Light in a Transcendent Realm,1,PRS,6,Infinity songlist,assets/songs/shadesoflight/1.aff,assets/songs/shadesoflight/base.ogg,9931,76a6136d94547724e33ca3e741df63385ecf178fddc670c7e1907e26a4349d39,3644662,False,Infinity,Infinity
shadesoflight,Shades of Light in a Transcendent Realm,2,FTR,8,Infinity songlist,assets/songs/shadesoflight/2.aff,assets/songs/shadesoflight/base.ogg,19705,63e4541add39c54ce8afedd80c6d07fa882465a53d65406a1a67cc707f79e2a1,3644662,False,Infinity,Infinity
shadesoflight,Shades of Light in a Transcendent Realm,3,BYD,9,Infinity songlist,assets/songs/shadesoflight/3.aff,assets/songs/shadesoflight/base.ogg,32314,465bf4048e271b8ee760ca508ca54761f27ff0eacb2fd78696111155b87f0332,3644662,False,Infinity,Infinity
vexaria,Vexaria,0,PST,2,Infinity songlist,assets/songs/vexaria/0.aff,assets/songs/vexaria/base.ogg,3662,a04e995711eeeeca6e59c5a9a324b7f557c42f7dd154aee5f3b683346d2cad4a,3223710,False,Infinity,Infinity
vexaria,Vexaria,1,PRS,5,Infinity songlist,assets/songs/vexaria/1.aff,assets/songs/vexaria/base.ogg,6026,d4871d61f99da2dbd6e530bed33a5d998a0caf8a07bffc6c8894918368cc3ec8,3223710,False,Infinity,Infinity
vexaria,Vexaria,2,FTR,7,Infinity songlist,assets/songs/vexaria/2.aff,assets/songs/vexaria/base.ogg,11393,cbdcbbceb1bc55641280cd580673bff897cf1a151698808a6fb4feea4dd80860,3223710,False,Infinity,Infinity
vexaria,Vexaria,3,BYD,9,Infinity songlist,assets/songs/vexaria/3.aff,assets/songs/vexaria/base.ogg,37311,1f4321f54b7e48193440bec12091301622df6b7f8dfcf8536c40c5894f0c6de6,3223710,False,Infinity,Infinity
essenceoftwilight,Essence of Twilight,0,PST,4,Infinity songlist,assets/songs/essenceoftwilight/0.aff,assets/songs/essenceoftwilight/base.ogg,5131,70c14e298776e3d577d2e839f97a810513e2aba61b5b6035e3dd095a63fea13c,3674295,False,Infinity,Infinity
essenceoftwilight,Essence of Twilight,1,PRS,7,Infinity songlist,assets/songs/essenceoftwilight/1.aff,assets/songs/essenceoftwilight/base.ogg,8379,ddfb1f7df38897bed0d5d6b86f78dd8d607ca8638f844800ed79e0899946a165,3674295,False,Infinity,Infinity
essenceoftwilight,Essence of Twilight,2,FTR,9,Infinity songlist,assets/songs/essenceoftwilight/2.aff,assets/songs/essenceoftwilight/base.ogg,20191,7634d876f07043a10aaf65fa690482e3e0b6455fd6b61872c4d158a93c93982a,3674295,False,Infinity,Infinity
qualia,qualia -ideaesthesia-,0,PST,4,Infinity songlist,assets/songs/qualia/0.aff,assets/songs/qualia/base.ogg,4603,7da6fd5208911825b88aa3a1c94dd91bfcaef27568a6c42051bfdf88eb96316a,3483708,False,Infinity,Infinity
qualia,qualia -ideaesthesia-,1,PRS,7,Infinity songlist,assets/songs/qualia/1.aff,assets/songs/qualia/base.ogg,21079,2e4fe107339dbac14ec7c7ac173a6ac0418f70b89c6165b18ddcbff40777f8d5,3483708,False,Infinity,Infinity
qualia,qualia -ideaesthesia-,2,FTR,9,Infinity songlist,assets/songs/qualia/2.aff,assets/songs/qualia/base.ogg,29661,aac420e4bf2e1cbe4e952e0a01be51c3610c5771291715359fedf367ef4782d2,3483708,False,Infinity,Infinity
qualia,qualia -ideaesthesia-,3,BYD,9,Infinity songlist,assets/songs/qualia/3.aff,assets/songs/qualia/base.ogg,43080,3461567375e4cd60e06f7cbb31ed34cf57925c6e93596f3961d84f83b7a30af5,3483708,False,Infinity,Infinity
pragmatism,PRAGMATISM,0,PST,4,Infinity songlist,assets/songs/pragmatism/0.aff,assets/songs/pragmatism/base.ogg,5740,360b97879e60793f47ac983b05bca6a920118fa6e0a6e8ff011c70fe69125cb4,2915065,False,Infinity,Infinity
pragmatism,PRAGMATISM,1,PRS,8,Infinity songlist,assets/songs/pragmatism/1.aff,assets/songs/pragmatism/base.ogg,15459,21ce2a76261181fd1b83c818b56657a57e5cc1f6a03c9ac27fc4549fb1b133f2,2915065,False,Infinity,Infinity
pragmatism,PRAGMATISM,2,FTR,10,Infinity songlist,assets/songs/pragmatism/2.aff,assets/songs/pragmatism/base.ogg,23845,233df600c422cebf5c2aaf92f5abcb75e70ce43a9e7eac189f74193ab7fe9f9d,2915065,False,Infinity,Infinity
pragmatism,PRAGMATISM,3,BYD,11,Infinity songlist,assets/songs/pragmatism/3.aff,assets/songs/pragmatism/3.ogg,68586,af3761ab01a8391e681692be9c345720233fe606afb87630625a24bf8424c870,3851093,True,Infinity,Infinity
sheriruth,Sheriruth,0,PST,5,Infinity songlist,assets/songs/sheriruth/0.aff,assets/songs/sheriruth/base.ogg,7761,bcc775f5fa024a644eff0b4e21177d588ac7f43a4cdc5a3cadefb5a44746a696,3343646,False,Infinity,Infinity
sheriruth,Sheriruth,1,PRS,7,Infinity songlist,assets/songs/sheriruth/1.aff,assets/songs/sheriruth/base.ogg,11636,18ea47ffa16e2ad33fe78eaba431ea9901cfeeae8624f6a75d0b7cf21d465c0c,3343646,False,Infinity,Infinity
sheriruth,Sheriruth,2,FTR,10,Infinity songlist,assets/songs/sheriruth/2.aff,assets/songs/sheriruth/base.ogg,27563,a4918d131295099c9c95a2af5fbece4cf77ff4428dd813bc9d4384aaae640a62,3343646,False,Infinity,Infinity
lumia,Lumia,0,PST,2,Infinity songlist,assets/songs/lumia/0.aff,assets/songs/lumia/base.ogg,4944,bf24e2b90f3d64322d96d6de43d2dbc0c81f09aab9806660f7845d08a995eda1,2999053,False,Infinity,Infinity
lumia,Lumia,1,PRS,5,Infinity songlist,assets/songs/lumia/1.aff,assets/songs/lumia/base.ogg,7804,0e736049726762a7c6bc9eda2ec746af03bdfa2ca30b890a56ba07ca35cb3bdf,2999053,False,Infinity,Infinity
lumia,Lumia,2,FTR,8,Infinity songlist,assets/songs/lumia/2.aff,assets/songs/lumia/base.ogg,16443,d6f47ba43f7cc6cf971c246b3dcef921b76f563d7f77a0c033d0fb210b6774b4,2999053,False,Infinity,Infinity
lumia,Lumia,3,BYD,9,Infinity songlist,assets/songs/lumia/3.aff,assets/songs/lumia/base.ogg,25381,6b5521909276c47f02c6e4363f530723f0ebbb58966ffbe87a5c42ebbfa35d9f,2999053,False,Infinity,Infinity
dement,Dement ~after legend~,0,PST,3,Infinity songlist,assets/songs/dement/0.aff,assets/songs/dement/base.ogg,5511,4a579f74c5169ed85cb3ce0dc5381404945bdfb85916ce1c243d31cad3553029,3137844,False,Infinity,Infinity
dement,Dement ~after legend~,1,PRS,6,Infinity songlist,assets/songs/dement/1.aff,assets/songs/dement/base.ogg,7816,5d1a5fc66c0c305ceb6af395655522c4121047bcf04c2152895c543d954270ce,3137844,False,Infinity,Infinity
dement,Dement ~after legend~,2,FTR,7,Infinity songlist,assets/songs/dement/2.aff,assets/songs/dement/base.ogg,16637,ec502dc18e0683c511b1bf190683d1c76eeed45e473ee6a9d82dd54108ccaccf,3137844,False,Infinity,Infinity
dement,Dement ~after legend~,3,BYD,9,Infinity songlist,assets/songs/dement/3.aff,assets/songs/dement/base.ogg,27012,8f43603913812a4dcc25807de5595ef2cee76990f50a975344e2c8c02d50e1d2,3137844,False,Infinity,Infinity
dandelion,Dandelion,0,PST,2,Infinity songlist,assets/songs/dandelion/0.aff,assets/songs/dandelion/base.ogg,4504,374fa6bf58005e02ed6a415ac8f935aad62d8787f365b3bd64e070bb25883a4c,3846770,False,Infinity,Infinity
dandelion,Dandelion,1,PRS,6,Infinity songlist,assets/songs/dandelion/1.aff,assets/songs/dandelion/base.ogg,10537,7979b5175095c0bea4c54348b466abe73e31c4ba1710734485de739cd738b373,3846770,False,Infinity,Infinity
dandelion,Dandelion,2,FTR,8,Infinity songlist,assets/songs/dandelion/2.aff,assets/songs/dandelion/base.ogg,21511,908e3c2e45d690f1754d7a0862c34f04d030c60b2627b310275598842c288b08,3846770,False,Infinity,Infinity
anokumene,Anökumene,0,PST,2,Infinity songlist,assets/songs/anokumene/0.aff,assets/songs/anokumene/base.ogg,4112,2feed2940de833048e3908a6b697bff555c9d55481063bba803b16d51f465137,2818063,False,Infinity,Infinity
anokumene,Anökumene,1,PRS,6,Infinity songlist,assets/songs/anokumene/1.aff,assets/songs/anokumene/base.ogg,9146,0f9565e63ed722152e7711b5fc67e386d2edc9e3a8ed92205a3eb9a698bc89f0,2818063,False,Infinity,Infinity
anokumene,Anökumene,2,FTR,9,Infinity songlist,assets/songs/anokumene/2.aff,assets/songs/anokumene/base.ogg,26884,c63cd148fd4c653ff9ad1b7eb0c65ca05498117ff1e1d89ed173d6d33a2a80f8,2818063,False,Infinity,Infinity
anokumene,Anökumene,3,BYD,9,Infinity songlist,assets/songs/anokumene/3.aff,assets/songs/anokumene/base.ogg,28604,be1ef72cd1124fd406407407f0ceb9e66ea2f85919eadb520535b8f771151684,2818063,False,Infinity,Infinity
infinityheaven,Infinity Heaven,0,PST,1,Infinity songlist,assets/songs/infinityheaven/0.aff,assets/songs/infinityheaven/base.ogg,2246,d90df873974f4dc7d2d783df143d53058d245c25138f218d65c7dc77e39d9514,3752608,False,Infinity,Infinity
infinityheaven,Infinity Heaven,1,PRS,5,Infinity songlist,assets/songs/infinityheaven/1.aff,assets/songs/infinityheaven/base.ogg,6372,3185797202dc8a291e2f05789c0829f8585267cb90b162126d2295d310f3ba1c,3752608,False,Infinity,Infinity
infinityheaven,Infinity Heaven,2,FTR,7,Infinity songlist,assets/songs/infinityheaven/2.aff,assets/songs/infinityheaven/base.ogg,13005,2932d1c784615f179af96b9264b5e92ad1999436ddf3bc33d5a4c9816fafa6e2,3752608,False,Infinity,Infinity
infinityheaven,Infinity Heaven,3,BYD,9,Infinity songlist,assets/songs/infinityheaven/3.aff,assets/songs/infinityheaven/base.ogg,18733,5e9f4974b110675bedd7bd6092a0da2817205c5b16f89a23e35d7ee45d32dd84,3752608,False,Infinity,Infinity
partyvinyl,Party Vinyl,0,PST,4,Infinity songlist,assets/songs/partyvinyl/0.aff,assets/songs/partyvinyl/base.ogg,8240,ab2dc22e08b1d853711f3bcbfffdc93c306fd4bcf4bcc57ab84d690ed2e8f82f,2692161,False,Infinity,Infinity
partyvinyl,Party Vinyl,1,PRS,7,Infinity songlist,assets/songs/partyvinyl/1.aff,assets/songs/partyvinyl/base.ogg,11686,4775dcfe13cd90866e577848e203f312305eaced5ef9c22ae4cebf2ad16fce22,2692161,False,Infinity,Infinity
partyvinyl,Party Vinyl,2,FTR,9,Infinity songlist,assets/songs/partyvinyl/2.aff,assets/songs/partyvinyl/base.ogg,27458,29c82ae51ecb1992279fe0eb5c9ec396015a5409b766c4eb06fe4099c2f783bb,2692161,False,Infinity,Infinity
partyvinyl,Party Vinyl,3,BYD,10,Infinity songlist,assets/songs/partyvinyl/3.aff,assets/songs/partyvinyl/base.ogg,47968,6cf9b8f8a0da0160a617e4eb2bd32a32b86cc39af07808c5447fe31a38dbfc9d,2692161,False,Infinity,Infinity
flashback,Flashback,0,PST,2,Infinity songlist,assets/songs/flashback/0.aff,assets/songs/flashback/base.ogg,2858,a9b32b016576f9a54af715f7105b2e9b8c89ec42d4f953bd4fad443ff7fa9a84,2981063,False,Infinity,Infinity
flashback,Flashback,1,PRS,5,Infinity songlist,assets/songs/flashback/1.aff,assets/songs/flashback/base.ogg,4569,0156d7bab0e6536f8bb839acac6f2949aff889be0b7ce8487e2a7fedde8bcba6,2981063,False,Infinity,Infinity
flashback,Flashback,2,FTR,8,Infinity songlist,assets/songs/flashback/2.aff,assets/songs/flashback/base.ogg,15544,1e75813c5480927f5aec4806f0cce9dc04f429a31b83e277b9cbede8d80ee208,2981063,False,Infinity,Infinity
flyburg,Flyburg and Endroll,0,PST,3,Infinity songlist,assets/songs/flyburg/0.aff,assets/songs/flyburg/base.ogg,3725,b1e4cd4a32f3bbc3f38a2b6c9e6e6285d5bea3b69b672f565ab9a79688aaa767,3540500,False,Infinity,Infinity
flyburg,Flyburg and Endroll,1,PRS,6,Infinity songlist,assets/songs/flyburg/1.aff,assets/songs/flyburg/base.ogg,7981,e9f31adc8228fa552e25a2eb16c5bfa19bfbc5bba717e9b10eaecf2f97d00123,3540500,False,Infinity,Infinity
flyburg,Flyburg and Endroll,2,FTR,9,Infinity songlist,assets/songs/flyburg/2.aff,assets/songs/flyburg/base.ogg,23228,4f785d4d2f670a2c7e1de84435ee811971145dcf739d50e87b1e1b2f20c31911,3540500,False,Infinity,Infinity
nirvluce,Nirv lucE,0,PST,2,Infinity songlist,assets/songs/nirvluce/0.aff,assets/songs/nirvluce/base.ogg,4352,bbe4f9ab3ae734fcfa1cb57f31900f78e93200d74633fefd6a2fc9508c30364f,3127867,False,Infinity,Infinity
nirvluce,Nirv lucE,1,PRS,7,Infinity songlist,assets/songs/nirvluce/1.aff,assets/songs/nirvluce/base.ogg,13837,5df859522de609a0703cf93131481a6dd5f62ae1e712db1dcc999e5a5bb82d35,3127867,False,Infinity,Infinity
nirvluce,Nirv lucE,2,FTR,10,Infinity songlist,assets/songs/nirvluce/2.aff,assets/songs/nirvluce/base.ogg,36753,0f699702d805eb6e82e5e8fcd210c6a2b0f9e5a0767d3272f01f29a07d2d97c0,3127867,False,Infinity,Infinity
paradise,Paradise,0,PST,1,Infinity songlist,assets/songs/paradise/0.aff,assets/songs/paradise/base.ogg,1841,6ff2f8ff381bb1d18061d9f7617b58a48f2b94fc309376e9ad160724fc7b7f46,3603357,False,Infinity,Infinity
paradise,Paradise,1,PRS,4,Infinity songlist,assets/songs/paradise/1.aff,assets/songs/paradise/base.ogg,4230,7471ac299c3a2cd26b37e59700ac58919683cd00f0705e5f3f4553bb711fdf8d,3603357,False,Infinity,Infinity
paradise,Paradise,2,FTR,7,Infinity songlist,assets/songs/paradise/2.aff,assets/songs/paradise/base.ogg,11180,63c5c4b2697af875a46bea5b2e00d43a7328396508205c0d069185d9a165b85b,3603357,False,Infinity,Infinity
brandnewworld,Brand new world,0,PST,2,Infinity songlist,assets/songs/brandnewworld/0.aff,assets/songs/brandnewworld/base.ogg,2520,2cb82c64e205cdfc50e735684a582f51a475cb6af8ad7624de0c2696a8b95505,3518131,False,Infinity,Infinity
brandnewworld,Brand new world,1,PRS,4,Infinity songlist,assets/songs/brandnewworld/1.aff,assets/songs/brandnewworld/base.ogg,5121,599ea7a23bc9ff792f8a7ccd8b7145dafba467ee0aefc56fa76cf85aa7abf616,3518131,False,Infinity,Infinity
brandnewworld,Brand new world,2,FTR,7,Infinity songlist,assets/songs/brandnewworld/2.aff,assets/songs/brandnewworld/base.ogg,13690,3ae38e7920aa8a79d162a06339424dcb3b07e2f70fa07cf495ff4002f417f569,3518131,False,Infinity,Infinity
dataerror,DataErr0r,0,PST,3,Infinity songlist,assets/songs/dataerror/0.aff,assets/songs/dataerror/base.ogg,4570,8aab741a2ebf978fc120797762bcb48b263d1282c60c8127b40bc71d760facfe,3045383,False,Infinity,Infinity
dataerror,DataErr0r,1,PRS,7,Infinity songlist,assets/songs/dataerror/1.aff,assets/songs/dataerror/base.ogg,13930,7e5ec017037fb6b861ecc55189d9090b63c2c0b0e07dbaec5a7a1f30bd15de37,3045383,False,Infinity,Infinity
dataerror,DataErr0r,2,FTR,9,Infinity songlist,assets/songs/dataerror/2.aff,assets/songs/dataerror/base.ogg,28562,3f9186b3937cedf1355b772fb2b04d14c0c1dc50b0f26a98b465057af9768c8b,3045383,False,Infinity,Infinity
crosssoul,CROSS†SOUL,0,PST,4,Infinity songlist,assets/songs/crosssoul/0.aff,assets/songs/crosssoul/base.ogg,6105,fad6af15451d87d7a21e5afd92df5ca94462077d9db1ae7cfda942905cb5a778,3395054,False,Infinity,Infinity
crosssoul,CROSS†SOUL,1,PRS,7,Infinity songlist,assets/songs/crosssoul/1.aff,assets/songs/crosssoul/base.ogg,15271,56f8b7cc676ed6779bef32d5874c3c24a1fde51743e4c80cedb94ada1ec2ed9c,3395054,False,Infinity,Infinity
crosssoul,CROSS†SOUL,2,FTR,9,Infinity songlist,assets/songs/crosssoul/2.aff,assets/songs/crosssoul/base.ogg,29301,0a7b1c2e76899e350d17701c76461d2e93d4e16677f0dd16a88a9034a42d17aa,3395054,False,Infinity,Infinity
yourvoiceso,Your voice so... feat. Such,0,PST,3,Infinity songlist,assets/songs/yourvoiceso/0.aff,assets/songs/yourvoiceso/base.ogg,4837,d9443cf7549d89253cf886d0da9d2fa7742ca4d10fb9330c1dd192fd9912c89b,3640860,False,Infinity,Infinity
yourvoiceso,Your voice so... feat. Such,1,PRS,6,Infinity songlist,assets/songs/yourvoiceso/1.aff,assets/songs/yourvoiceso/base.ogg,11924,bb5f4e4364f9f5af481ca5678139e45ce924f84749e8ccb2c81642bfcdf22d8a,3640860,False,Infinity,Infinity
yourvoiceso,Your voice so... feat. Such,2,FTR,9,Infinity songlist,assets/songs/yourvoiceso/2.aff,assets/songs/yourvoiceso/base.ogg,28374,06f53487872067811bb4b6e2e36c1504d2cd83d6e3b2b652788323124cf9a348,3640860,False,Infinity,Infinity
chronostasis,Chronostasis,0,PST,3,Infinity songlist,assets/songs/chronostasis/0.aff,assets/songs/chronostasis/base.ogg,5725,328447c66dff4d8046673fc3f414f3d99a79ce0176fb51c352c3c422e13c161a,3239140,False,Infinity,Infinity
chronostasis,Chronostasis,1,PRS,7,Infinity songlist,assets/songs/chronostasis/1.aff,assets/songs/chronostasis/base.ogg,10322,121e4746a5e45b845b5a39e58f2479fbb5dd721324ae16801ffc03449b075b57,3239140,False,Infinity,Infinity
chronostasis,Chronostasis,2,FTR,8,Infinity songlist,assets/songs/chronostasis/2.aff,assets/songs/chronostasis/base.ogg,20312,17a9d0071e593de4f7516a1b1f32677237ab1470006ce32edea7ce4ccae704c1,3239140,False,Infinity,Infinity
kanagawa,Kanagawa Cyber Culvert,0,PST,1,Infinity songlist,assets/songs/kanagawa/0.aff,assets/songs/kanagawa/base.ogg,2611,4e1cf97b3228d8b9a42fc3a8538b355114ad276732398d09d99019f94e707539,3618886,False,Infinity,Infinity
kanagawa,Kanagawa Cyber Culvert,1,PRS,5,Infinity songlist,assets/songs/kanagawa/1.aff,assets/songs/kanagawa/base.ogg,8618,49bd5cda9811e8bc76d542cea59a56cfe43eb927e262d63c5178adeb41e40b8a,3618886,False,Infinity,Infinity
kanagawa,Kanagawa Cyber Culvert,2,FTR,9,Infinity songlist,assets/songs/kanagawa/2.aff,assets/songs/kanagawa/base.ogg,21681,669485e4f7adaf3b23a180525e1d5c1649dd5184900b7eaa8f52d4ae3d64b735,3618886,False,Infinity,Infinity
kanagawa,Kanagawa Cyber Culvert,3,BYD,9,Infinity songlist,assets/songs/kanagawa/3.aff,assets/songs/kanagawa/base.ogg,47190,6c309b1fbe4b5b9ed6081771eec1c97b50fec8ab1529e71570c620ddb4d0905b,3618886,False,Infinity,Infinity
moonlightofsandcastle,Moonlight of Sand Castle,0,PST,1,Infinity songlist,assets/songs/moonlightofsandcastle/0.aff,assets/songs/moonlightofsandcastle/base.ogg,2490,282ca8216ae36406a2f786df90230c78b3f48648c88c4d01378943ad644fd07e,3565576,False,Infinity,Infinity
moonlightofsandcastle,Moonlight of Sand Castle,1,PRS,5,Infinity songlist,assets/songs/moonlightofsandcastle/1.aff,assets/songs/moonlightofsandcastle/base.ogg,5539,fa11f87d2e793dfb07d923e8d596f2c37e107203df18b6fc0ae58f02e47c06c4,3565576,False,Infinity,Infinity
moonlightofsandcastle,Moonlight of Sand Castle,2,FTR,7,Infinity songlist,assets/songs/moonlightofsandcastle/2.aff,assets/songs/moonlightofsandcastle/base.ogg,13260,a6729d8cc2a10852a06993a693e444a96490601c20769500a958cc63f527d6ba,3565576,False,Infinity,Infinity
reconstruction,REconstruction,0,PST,2,Infinity songlist,assets/songs/reconstruction/0.aff,assets/songs/reconstruction/base.ogg,6510,41efbfeab3af3911af4c986e1e9b63b7907e900b35abc53a797eb5eb359ce41e,2846458,False,Infinity,Infinity
reconstruction,REconstruction,1,PRS,6,Infinity songlist,assets/songs/reconstruction/1.aff,assets/songs/reconstruction/base.ogg,8586,1fd8add277b0ef7acbe8d394927d86e464be7e78d5f2ff4bd5d168f7e93a54e4,2846458,False,Infinity,Infinity
reconstruction,REconstruction,2,FTR,8,Infinity songlist,assets/songs/reconstruction/2.aff,assets/songs/reconstruction/base.ogg,20396,73f2dc824822a7eeabea8d30bda6b724939a5b69ad86a385b99c53297a9d2669,2846458,False,Infinity,Infinity
evoltex,Evoltex (poppi'n mix),0,PST,2,Infinity songlist,assets/songs/evoltex/0.aff,assets/songs/evoltex/base.ogg,3534,41e3e6af81c0a5bd8d20ab51abe3ef3322054c3c323dc357596ffa96663cbbd3,2581639,False,Infinity,Infinity
evoltex,Evoltex (poppi'n mix),1,PRS,7,Infinity songlist,assets/songs/evoltex/1.aff,assets/songs/evoltex/base.ogg,9757,d946959773ab561c0472eeac0c7a209f3cd423a2177a7718e0acb446a5554e3e,2581639,False,Infinity,Infinity
evoltex,Evoltex (poppi'n mix),2,FTR,8,Infinity songlist,assets/songs/evoltex/2.aff,assets/songs/evoltex/base.ogg,17209,95807550a9e6bf9d1a72bd62eef3447f69b3e7f7d6ed03c81d1c5c78d688f6a3,2581639,False,Infinity,Infinity
oracle,Oracle,0,PST,3,Infinity songlist,assets/songs/oracle/0.aff,assets/songs/oracle/base.ogg,4049,178ab6e9a2aeb7ef18c62b2a1b405d347aa2255983b20e759489a4874341b724,3460390,False,Infinity,Infinity
oracle,Oracle,1,PRS,5,Infinity songlist,assets/songs/oracle/1.aff,assets/songs/oracle/base.ogg,4941,2b7091daa48a0d2cbeca9dafc334a44fa8af13a0e4f61719509086883d051cd0,3460390,False,Infinity,Infinity
oracle,Oracle,2,FTR,9,Infinity songlist,assets/songs/oracle/2.aff,assets/songs/oracle/base.ogg,21063,7bebea5cf7088ab3360f3ef69c749a4f9d516a5543a79c104f8f02d2671f8bdb,3460390,False,Infinity,Infinity
aterlbus,αterlβus,0,PST,4,Infinity songlist,assets/songs/aterlbus/0.aff,assets/songs/aterlbus/base.ogg,8784,b3c7990d3a65aaf0fb18b55d7ef936ae9a7e1084658282463f735faecb97fb88,2912540,False,Infinity,Infinity
aterlbus,αterlβus,1,PRS,7,Infinity songlist,assets/songs/aterlbus/1.aff,assets/songs/aterlbus/base.ogg,19710,136c64826e12133f8ef46e489b9349e1232ffa3ba453fe21e1025fe5face2ad1,2912540,False,Infinity,Infinity
aterlbus,αterlβus,2,FTR,10,Infinity songlist,assets/songs/aterlbus/2.aff,assets/songs/aterlbus/base.ogg,37499,e4d96cc9adb56112368439637e3f317f4f142eecdde05b42135261f81bf9a4c8,2912540,False,Infinity,Infinity
clotho,Clotho and the stargazer,0,PST,2,Infinity songlist,assets/songs/clotho/0.aff,assets/songs/clotho/base.ogg,3389,aee9d0726297510ae1de833cc5aeaa002026130eca663220c2ba6bd16cf39db2,3381057,False,Infinity,Infinity
clotho,Clotho and the stargazer,1,PRS,5,Infinity songlist,assets/songs/clotho/1.aff,assets/songs/clotho/base.ogg,8623,da829f26e167aec4cbe71a6a53e674b3b8abf154f4df6134b9ed2587f0094b2a,3381057,False,Infinity,Infinity
clotho,Clotho and the stargazer,2,FTR,7,Infinity songlist,assets/songs/clotho/2.aff,assets/songs/clotho/base.ogg,18975,8337701a262a562775114e886072cb10738dde059dbb21147f7aaa60f0b4f530,3381057,False,Infinity,Infinity
clotho,Clotho and the stargazer,4,ETR,8,Infinity songlist,assets/songs/clotho/4.aff,assets/songs/clotho/base.ogg,24761,86f2cfcc9ef142da9c7897d4450e374e4ae3865e3e2d5a3b83d77c83b62fc226,3381057,False,Infinity,Infinity
impurebird,Impure Bird,0,PST,2,Infinity songlist,assets/songs/impurebird/0.aff,assets/songs/impurebird/base.ogg,3114,928d72eb01f8628a57b93fe2993cde8061611731596648750c249048bc148995,2816706,False,Infinity,Infinity
impurebird,Impure Bird,1,PRS,5,Infinity songlist,assets/songs/impurebird/1.aff,assets/songs/impurebird/base.ogg,6356,cc35936fca1e96c7a86fba5715293c47ffe5757c90d465de69ce760b939fa2b9,2816706,False,Infinity,Infinity
impurebird,Impure Bird,2,FTR,9,Infinity songlist,assets/songs/impurebird/2.aff,assets/songs/impurebird/base.ogg,19352,430fba3e1793a933888a99785b9975f84374a4b1ab25be99114c89c2de5470b7,2816706,False,Infinity,Infinity
ignotus,Ignotus,0,PST,3,Infinity songlist,assets/songs/ignotus/0.aff,assets/songs/ignotus/base.ogg,8306,002c30d5da56f7ee9d6bab6ecbeb04cbbed31fd92171edd696a3612518736a6e,3563969,False,Infinity,Infinity
ignotus,Ignotus,1,PRS,6,Infinity songlist,assets/songs/ignotus/1.aff,assets/songs/ignotus/base.ogg,14038,9316e1b191478c09c8b981904863922d83e6bfc50adc2c9490a8416062e3a327,3563969,False,Infinity,Infinity
ignotus,Ignotus,2,FTR,9,Infinity songlist,assets/songs/ignotus/2.aff,assets/songs/ignotus/base.ogg,33718,8054bdea6a385eb7087babd248a5cc79be9b83a0f3454f43d0f7e6bb1aa9ad23,3563969,False,Infinity,Infinity
ignotus,Ignotus,3,BYD,9,Infinity songlist,assets/songs/ignotus/3.aff,assets/songs/ignotus/3.ogg,68149,866a3f3bb63a0afe9ebe6c6e83981fc02b9d1f8ad2878faf994d728663f14d5d,3400401,True,Infinity,Infinity
lethaeus,Lethaeus,0,PST,3,Infinity songlist,assets/songs/lethaeus/0.aff,assets/songs/lethaeus/base.ogg,7164,fcb7e772142f791b48f93820fb5ec35ba9392893bcff49af69ca6ba0d0b6e92f,3478444,False,Infinity,Infinity
lethaeus,Lethaeus,1,PRS,6,Infinity songlist,assets/songs/lethaeus/1.aff,assets/songs/lethaeus/base.ogg,10802,f13cdf8df4cb1b8c8bb8ea9202e66ca5dc1974b9b123c37ddb66ceba485bc48f,3478444,False,Infinity,Infinity
lethaeus,Lethaeus,2,FTR,9,Infinity songlist,assets/songs/lethaeus/2.aff,assets/songs/lethaeus/base.ogg,29301,f74867ffcd1dbd0ed46f0e3e5af9dc6cad7c90a0dc43cf45ff91d9ac4f5e5961,3478444,False,Infinity,Infinity
romancewars,Romance Wars,0,PST,1,Infinity songlist,assets/songs/romancewars/0.aff,assets/songs/romancewars/base.ogg,2802,8a6fedc932f7f869b216f9bd3549a60cbaacc2c80f2a2fe0f13e4b64c0f6a73b,3076531,False,Infinity,Infinity
romancewars,Romance Wars,1,PRS,4,Infinity songlist,assets/songs/romancewars/1.aff,assets/songs/romancewars/base.ogg,5839,0c6e8355d15aa8ebd172733f5d1d129b682c4efc416582ac4dfc8a0a953cca2c,3076531,False,Infinity,Infinity
romancewars,Romance Wars,2,FTR,7,Infinity songlist,assets/songs/romancewars/2.aff,assets/songs/romancewars/base.ogg,12618,469e3a4842a31dc61b3c341a29de4e1d54a4e581c56e63cfa67ecfe282a96f38,3076531,False,Infinity,Infinity
blossoms,Blossoms,0,PST,1,Infinity songlist,assets/songs/blossoms/0.aff,assets/songs/blossoms/base.ogg,2430,caa22afced78767754b5fb796717a5bf9699606af957d9386a94c2e2394d6432,3534774,False,Infinity,Infinity
blossoms,Blossoms,1,PRS,4,Infinity songlist,assets/songs/blossoms/1.aff,assets/songs/blossoms/base.ogg,5449,e6002a169bf47f3a89200e67d4cfea16068c99877f41ba2d2623c2a4e91e3964,3534774,False,Infinity,Infinity
blossoms,Blossoms,2,FTR,7,Infinity songlist,assets/songs/blossoms/2.aff,assets/songs/blossoms/base.ogg,11863,bf62dc74b3be42600a01fe9d2d39982554f75d87aa755e7e0bc08f6b14a63de2,3534774,False,Infinity,Infinity
moonheart,Moonheart,0,PST,2,Infinity songlist,assets/songs/moonheart/0.aff,assets/songs/moonheart/base.ogg,2872,4a8840cd363f3299f3e970214fdce08ef254b90e44dcf805bfa809a3d6d88ce1,3246287,False,Infinity,Infinity
moonheart,Moonheart,1,PRS,5,Infinity songlist,assets/songs/moonheart/1.aff,assets/songs/moonheart/base.ogg,9741,966c89998c71b64cdc6e3b3acddfa741e08c86523bcb26c8244dba3bc1405d5e,3246287,False,Infinity,Infinity
moonheart,Moonheart,2,FTR,8,Infinity songlist,assets/songs/moonheart/2.aff,assets/songs/moonheart/base.ogg,29977,918eca2de24c0ee99e2db801bb50bd1560f8eef795466a777c19f799fd398f81,3246287,False,Infinity,Infinity
moonheart,Moonheart,3,BYD,9,Infinity songlist,assets/songs/moonheart/3.aff,assets/songs/moonheart/base.ogg,48366,8cd4a3d9e4a4f9327730b19d7d85da157082e05b7ea9716327f8c7509695704d,3246287,False,Infinity,Infinity
genesis,Genesis,0,PST,2,Infinity songlist,assets/songs/genesis/0.aff,assets/songs/genesis/base.ogg,4085,a89b9bd18a538b6451535ee3745c082bc36f41ed390e23caa1be78d90cbd3c7c,3247279,False,Infinity,Infinity
genesis,Genesis,1,PRS,5,Infinity songlist,assets/songs/genesis/1.aff,assets/songs/genesis/base.ogg,9843,cef6f93b19db403eefcab19d3f7b99878f7a5709ee5e2f3b1c5f8ac185a6c589,3247279,False,Infinity,Infinity
genesis,Genesis,2,FTR,8,Infinity songlist,assets/songs/genesis/2.aff,assets/songs/genesis/base.ogg,27682,7fe1d6fb4295541123ce03db6cf094c54c317d62441547d73889ba3c09d10e95,3247279,False,Infinity,Infinity
harutopia,Harutopia ~Utopia of Spring~,0,PST,1,Infinity songlist,assets/songs/harutopia/0.aff,assets/songs/harutopia/base.ogg,2537,83ca7726b063ce8cdd32b02666023416754e476c2fb601ff895b942ca4d52ad5,3420446,False,Infinity,Infinity
harutopia,Harutopia ~Utopia of Spring~,1,PRS,4,Infinity songlist,assets/songs/harutopia/1.aff,assets/songs/harutopia/base.ogg,4995,10f8a4fc6161cad74d76a349fd1537f7f9271bcca22d393a107dfb41921e7c9d,3420446,False,Infinity,Infinity
harutopia,Harutopia ~Utopia of Spring~,2,FTR,8,Infinity songlist,assets/songs/harutopia/2.aff,assets/songs/harutopia/base.ogg,25704,448b447e372e82ba3a51ae40ef62558d5cc35869c680b8b8be94be6073e93b61,3420446,False,Infinity,Infinity
auxesia,Auxesia,0,PST,3,Infinity songlist,assets/songs/auxesia/0.aff,assets/songs/auxesia/base.ogg,4428,d2be501271e50e21484ddaeeeec727043e4553c8cce217ccf2a01f99d2650fb6,3028478,False,Infinity,Infinity
auxesia,Auxesia,1,PRS,6,Infinity songlist,assets/songs/auxesia/1.aff,assets/songs/auxesia/base.ogg,9877,83174fd7c54f549890c7c1060f49de218b19ced5b4ced5df74729b443c28751c,3028478,False,Infinity,Infinity
auxesia,Auxesia,2,FTR,9,Infinity songlist,assets/songs/auxesia/2.aff,assets/songs/auxesia/base.ogg,22721,a664611182646c034a5177b04960c729fcece5f96513fa378b209c949cb926a8,3028478,False,Infinity,Infinity
rabbitintheblackroom,Rabbit In The Black Room,0,PST,2,Infinity songlist,assets/songs/rabbitintheblackroom/0.aff,assets/songs/rabbitintheblackroom/base.ogg,6549,d6ee9d763d046534ac2db3f861cf7341a86417c05cde1da56d69096976f8bff2,3208296,False,Infinity,Infinity
rabbitintheblackroom,Rabbit In The Black Room,1,PRS,5,Infinity songlist,assets/songs/rabbitintheblackroom/1.aff,assets/songs/rabbitintheblackroom/base.ogg,6962,82928341aaecba2e4b953442838ca237e1e501ddef2a62695116f9962dd26dad,3208296,False,Infinity,Infinity
rabbitintheblackroom,Rabbit In The Black Room,2,FTR,8,Infinity songlist,assets/songs/rabbitintheblackroom/2.aff,assets/songs/rabbitintheblackroom/base.ogg,17768,a3ce4cbd593c0633ec0e1c28abef3a9baaee163f2444e32551d3982c797477b7,3208296,False,Infinity,Infinity
modelista,Modelista,0,PST,3,Infinity songlist,assets/songs/modelista/0.aff,assets/songs/modelista/base.ogg,6506,c51c455e9448b613cd2a4b80132c1da97da305923119e887505f4715ecef0b6a,3092193,False,Infinity,Infinity
modelista,Modelista,1,PRS,7,Infinity songlist,assets/songs/modelista/1.aff,assets/songs/modelista/base.ogg,11640,1bef248dad5412ef975df2391fbce7094f447e6c525511216cfe8288e29b67c7,3092193,False,Infinity,Infinity
modelista,Modelista,2,FTR,9,Infinity songlist,assets/songs/modelista/2.aff,assets/songs/modelista/base.ogg,31349,2fe20e10204390e6314b26c6aa68566596a50a8ee778b56c1911fefd600ef898,3092193,False,Infinity,Infinity
soundwitch,SOUNDWiTCH,0,PST,3,Infinity songlist,assets/songs/soundwitch/0.aff,assets/songs/soundwitch/base.ogg,4288,be97e17bdded4a4f3bce99fed01159f32a991d527b5d4a74cf4f36d0ce1eedc1,2572546,False,Infinity,Infinity
soundwitch,SOUNDWiTCH,1,PRS,6,Infinity songlist,assets/songs/soundwitch/1.aff,assets/songs/soundwitch/base.ogg,7996,650f78b54276777ee0307eca7ddfbf3ecf0fcef2b89a545c50c15d3c700b9f7f,2572546,False,Infinity,Infinity
soundwitch,SOUNDWiTCH,2,FTR,9,Infinity songlist,assets/songs/soundwitch/2.aff,assets/songs/soundwitch/base.ogg,18743,9d6a6bc4e38716a9bd10aed222e38aa86daf81eda59ccc3ca31e715490c2970e,2572546,False,Infinity,Infinity
trappola,trappola bewitching,0,PST,3,Infinity songlist,assets/songs/trappola/0.aff,assets/songs/trappola/base.ogg,4809,1437c26ec950b7297c1102c42ba8777e114ca542f40eb1049dbb17bb438a8749,2911723,False,Infinity,Infinity
trappola,trappola bewitching,1,PRS,6,Infinity songlist,assets/songs/trappola/1.aff,assets/songs/trappola/base.ogg,10829,88290a929528c15e169d4c9a3a2a02a1d91322798827fc7582dca72452e9452e,2911723,False,Infinity,Infinity
trappola,trappola bewitching,2,FTR,9,Infinity songlist,assets/songs/trappola/2.aff,assets/songs/trappola/base.ogg,39351,3bcab2d1b543182eb2123ef6ae5026e343ea1c523672738c8a521ffebf7db949,2911723,False,Infinity,Infinity
trappola,trappola bewitching,3,BYD,10,Infinity songlist,assets/songs/trappola/3.aff,assets/songs/trappola/base.ogg,49165,129c2434cc66bd47052088eaf6bb1ccc8d2c6b57966c4facdec7b65ea4d670e2,2911723,False,Infinity,Infinity
iconoclast,Iconoclast,0,PST,4,Infinity songlist,assets/songs/iconoclast/0.aff,assets/songs/iconoclast/base.ogg,6731,a28ba869264f582a285e31967f6b3ae429dc79ee7829780d8f2e93b53b22accb,3078496,False,Infinity,Infinity
iconoclast,Iconoclast,1,PRS,7,Infinity songlist,assets/songs/iconoclast/1.aff,assets/songs/iconoclast/base.ogg,12528,8536e5132749a9bc566880e7dd399fd80ab752a947e5ce7d13ed4e2c707d58bb,3078496,False,Infinity,Infinity
iconoclast,Iconoclast,2,FTR,9,Infinity songlist,assets/songs/iconoclast/2.aff,assets/songs/iconoclast/base.ogg,27924,8691aca16079c2db233a7d121d7f782de48a6d6bead610927fdc8f1e1cc2fcef,3078496,False,Infinity,Infinity
conflict,conflict,0,PST,4,Infinity songlist,assets/songs/conflict/0.aff,assets/songs/conflict/base.ogg,10771,5484c9d17a15dd90fe5892c35a887e8a59eedf41a461ee304ad81bb3f8e3eebd,3116072,False,Infinity,Infinity
conflict,conflict,1,PRS,7,Infinity songlist,assets/songs/conflict/1.aff,assets/songs/conflict/base.ogg,14526,9cd50ff0210f05fecff741dab0718800c46cd03c25e352a7f98e8c704b691ab6,3116072,False,Infinity,Infinity
conflict,conflict,2,FTR,10,Infinity songlist,assets/songs/conflict/2.aff,assets/songs/conflict/base.ogg,44240,2f323d3790cbfde81d57852662f5fd7894134c2c2dd92b564db55c7a941b4c94,3116072,False,Infinity,Infinity
axiumcrisis,Axium Crisis,0,PST,5,Infinity songlist,assets/songs/axiumcrisis/0.aff,assets/songs/axiumcrisis/base.ogg,10660,126911570367dfe45d4a8f8a51929a3c1a974eba3a86e3cf46611e4a8549070d,3651947,False,Infinity,Infinity
axiumcrisis,Axium Crisis,1,PRS,8,Infinity songlist,assets/songs/axiumcrisis/1.aff,assets/songs/axiumcrisis/base.ogg,20537,bad9abc73c4e2267db243d8012cc261cd73ad91af400a11125fcef74aad11b83,3651947,False,Infinity,Infinity
axiumcrisis,Axium Crisis,2,FTR,10,Infinity songlist,assets/songs/axiumcrisis/2.aff,assets/songs/axiumcrisis/base.ogg,44264,dad2baa2f4265ddfcc10320b58cace1995c9531074c0e1e04b8505991a7dba28,3651947,False,Infinity,Infinity
axiumcrisis,Axium Crisis,3,BYD,11,Infinity songlist,assets/songs/axiumcrisis/3.aff,assets/songs/axiumcrisis/3.ogg,78543,0ff35a09bfc82408064981be413dd379f0a00c3ce42772717a4d8696df4d00d1,3785904,True,Infinity,Infinity
grievouslady,Grievous Lady,0,PST,6,Infinity songlist,assets/songs/grievouslady/0.aff,assets/songs/grievouslady/base.ogg,14234,b4f8c8edc76f7533add084689526a1cda26d5c188675ec2a8f9c68e1c29563f6,3417058,False,Infinity,Infinity
grievouslady,Grievous Lady,1,PRS,9,Infinity songlist,assets/songs/grievouslady/1.aff,assets/songs/grievouslady/base.ogg,20398,cbe0c0e7a3ae2dcee6968ee69fa3ccd5301ad1c7923e6281aabed249173372c0,3417058,False,Infinity,Infinity
grievouslady,Grievous Lady,2,FTR,11,Infinity songlist,assets/songs/grievouslady/2.aff,assets/songs/grievouslady/base.ogg,57925,a65c5cacd80f06825d0df18c28d65462e92a342ecb692e03b295bfd7b17e246a,3417058,False,Infinity,Infinity
dreaminattraction,Dreamin' Attraction!!,0,PST,4,Infinity songlist,assets/songs/dreaminattraction/0.aff,assets/songs/dreaminattraction/base.ogg,8536,be392da6b056a5667c8e326c1bb1e67e3e370562854bd5e3686c031888034215,3381552,False,Infinity,Infinity
dreaminattraction,Dreamin' Attraction!!,1,PRS,7,Infinity songlist,assets/songs/dreaminattraction/1.aff,assets/songs/dreaminattraction/base.ogg,15905,e0265ec8d086c75a9e37c45ed008f0668bb6dd2560f0b463addf1eb698af1374,3381552,False,Infinity,Infinity
dreaminattraction,Dreamin' Attraction!!,2,FTR,9,Infinity songlist,assets/songs/dreaminattraction/2.aff,assets/songs/dreaminattraction/base.ogg,35505,316d81485209ac1a8763b00cc6325196383e16a6fd84486afa239ae8ceaf4fdf,3381552,False,Infinity,Infinity
redandblue,Red and Blue,0,PST,4,Infinity songlist,assets/songs/redandblue/0.aff,assets/songs/redandblue/base.ogg,8782,255cc923cef314ac6351ac768c1b7dd1d581340abcb79855ac38a8c5053d0212,2879379,False,Infinity,Infinity
redandblue,Red and Blue,1,PRS,7,Infinity songlist,assets/songs/redandblue/1.aff,assets/songs/redandblue/base.ogg,16283,2b492dbefc4232d6072892b1c2c1f79a27757343050dd60e0625e817a92d9a1c,2879379,False,Infinity,Infinity
redandblue,Red and Blue,2,FTR,9,Infinity songlist,assets/songs/redandblue/2.aff,assets/songs/redandblue/base.ogg,46024,e6eaa3c9dbd0e997802506445d446db9963633a6dd69ff7e666faee855c389ad,2879379,False,Infinity,Infinity
redandblue,Red and Blue,3,BYD,10,Infinity songlist,assets/songs/redandblue/3.aff,assets/songs/redandblue/3.ogg,56264,793e878b5546818d980a30480d2366caa54e3adaf66cad5bdf45b329fb7c59a9,3678714,True,Infinity,Infinity
onelastdrive,One Last Drive,0,PST,2,Infinity songlist,assets/songs/onelastdrive/0.aff,assets/songs/onelastdrive/base.ogg,5585,9072841a6466b30c26e876ef9d5bfce15189d64cfad90e0181998956e2c1ba46,3506250,False,Infinity,Infinity
onelastdrive,One Last Drive,1,PRS,5,Infinity songlist,assets/songs/onelastdrive/1.aff,assets/songs/onelastdrive/base.ogg,11335,db590d6cc019ae342de7b31b2eb1bacc8f657f77f4f138fed1f47100f6ce0d47,3506250,False,Infinity,Infinity
onelastdrive,One Last Drive,2,FTR,8,Infinity songlist,assets/songs/onelastdrive/2.aff,assets/songs/onelastdrive/base.ogg,21791,256c08bb1d952529a8ef1403a8fdc251ea37d3290a4a6060d432fc1dc5ba483d,3506250,False,Infinity,Infinity
surrender,Surrender,0,PST,3,Infinity songlist,assets/songs/surrender/0.aff,assets/songs/surrender/base.ogg,5999,53ba3ea0d4ea8043e802b6d41a8499eabaed68dc3000aa357ecd5d07b49f5d56,3583332,False,Infinity,Infinity
surrender,Surrender,1,PRS,6,Infinity songlist,assets/songs/surrender/1.aff,assets/songs/surrender/base.ogg,10758,2169048ca2796f39f3cd3218e580bee67162de1e30fea04fc84e37be07b7a26b,3583332,False,Infinity,Infinity
surrender,Surrender,2,FTR,8,Infinity songlist,assets/songs/surrender/2.aff,assets/songs/surrender/base.ogg,20820,9cd9ea529feccd0c06c2ad3deae717bd609a1e749b7d0d908bb054e880cf37e4,3583332,False,Infinity,Infinity
yozakurafubuki,Yosakura Fubuki,0,PST,4,Infinity songlist,assets/songs/yozakurafubuki/0.aff,assets/songs/yozakurafubuki/base.ogg,8673,a40eef36893de837551fb1715e468d3c61b09687eb659dc6329a1d163700a7c7,3272122,False,Infinity,Infinity
yozakurafubuki,Yosakura Fubuki,1,PRS,7,Infinity songlist,assets/songs/yozakurafubuki/1.aff,assets/songs/yozakurafubuki/base.ogg,14946,57eadefb9cd11790287e443e6daed07450a8ec9e61f4e77f7757f48190687a8f,3272122,False,Infinity,Infinity
yozakurafubuki,Yosakura Fubuki,2,FTR,9,Infinity songlist,assets/songs/yozakurafubuki/2.aff,assets/songs/yozakurafubuki/base.ogg,37214,6a4997b580667fbc33179d021e9942ff20c4b54408618cfde48ecbbe0fc62346,3272122,False,Infinity,Infinity
cyanine,cyanine,0,PST,4,Infinity songlist,assets/songs/cyanine/0.aff,assets/songs/cyanine/base.ogg,11454,5385c9eea50c4c2a0cdb065756df78be74382bdfa3c7b2da281122cbaab4fd72,3661526,False,Infinity,Infinity
cyanine,cyanine,1,PRS,7,Infinity songlist,assets/songs/cyanine/1.aff,assets/songs/cyanine/base.ogg,24645,4c763d2b8497bb1d03eb4d98701f9e8a71266d7ce9f09b65c56979e6628f8b33,3661526,False,Infinity,Infinity
cyanine,cyanine,2,FTR,10,Infinity songlist,assets/songs/cyanine/2.aff,assets/songs/cyanine/base.ogg,38510,8c1c0b09b53a8a0ffd36673d2256a499140ccbd54732fe382d5045865a91d477,3661526,False,Infinity,Infinity
dreamgoeson,Dream goes on,0,PST,1,Infinity songlist,assets/songs/dreamgoeson/0.aff,assets/songs/dreamgoeson/base.ogg,4040,079af3dc0d31623324d02a20999387906c9eeee54625a73b12796c98fd9a0e0e,3527669,False,Infinity,Infinity
dreamgoeson,Dream goes on,1,PRS,5,Infinity songlist,assets/songs/dreamgoeson/1.aff,assets/songs/dreamgoeson/base.ogg,6712,6136c853d0240f49e669295dbc8a0e212ad938e93216124b1474c4cb34c4a882,3527669,False,Infinity,Infinity
dreamgoeson,Dream goes on,2,FTR,7,Infinity songlist,assets/songs/dreamgoeson/2.aff,assets/songs/dreamgoeson/base.ogg,12588,f774276f8a9d2c59f8d3180a50b698455b4469a906962d0ebb7fd6ba09c4bb00,3527669,False,Infinity,Infinity
journey,Journey,0,PST,3,Infinity songlist,assets/songs/journey/0.aff,assets/songs/journey/base.ogg,6520,bb9f36ea6207862c773f8541e48551d2f4e6e0afb9e4f4b4fb055e8741ca6be6,3254448,False,Infinity,Infinity
journey,Journey,1,PRS,6,Infinity songlist,assets/songs/journey/1.aff,assets/songs/journey/base.ogg,12941,f6a7cb8a1868ae9161786f5a76a02c693e10ae7f648f81741b8527836d494829,3254448,False,Infinity,Infinity
journey,Journey,2,FTR,9,Infinity songlist,assets/songs/journey/2.aff,assets/songs/journey/base.ogg,35553,d112fcbc326accb8013eb9f5d896e3b5762fd6a9e7bd70f64fff51db7b6f6027,3254448,False,Infinity,Infinity
specta,Specta,0,PST,3,Infinity songlist,assets/songs/specta/0.aff,assets/songs/specta/base.ogg,3363,3a551925b3977c2b5dec0713e75fd9967f45a14b0d245da04d98bfc318785246,3312540,False,Infinity,Infinity
specta,Specta,1,PRS,6,Infinity songlist,assets/songs/specta/1.aff,assets/songs/specta/base.ogg,10493,96b01673b51170c8f9d6c108b076407797002fddb663c3d3121feceb5039382c,3312540,False,Infinity,Infinity
specta,Specta,2,FTR,9,Infinity songlist,assets/songs/specta/2.aff,assets/songs/specta/base.ogg,33181,d1280afd57936e7ab8b84c29b5a9171a4e8d6a8986e2c30eebf870d95ae5c06c,3312540,False,Infinity,Infinity
quon,Quon,0,PST,4,Infinity songlist,assets/songs/quon/0.aff,assets/songs/quon/base.ogg,6015,67d71a4c551c1b444adb148135bb53da5c41bebfe36c5e1a7275ce042a13fc3b,3471758,False,Infinity,Infinity
quon,Quon,1,PRS,6,Infinity songlist,assets/songs/quon/1.aff,assets/songs/quon/base.ogg,9979,674edc0e9fcbf0714f27b16f6c666d897da576492f0c25ff5f1295b48fced63f,3471758,False,Infinity,Infinity
quon,Quon,2,FTR,9,Infinity songlist,assets/songs/quon/2.aff,assets/songs/quon/base.ogg,28326,367c152f98e56417e7efd8d725418c87872720977de7f3a9acd1c5311cbc5bf3,3471758,False,Infinity,Infinity
syro,Syro,0,PST,3,Infinity songlist,assets/songs/syro/0.aff,assets/songs/syro/base.ogg,7641,2fb700a749ba2824b06c3c95c42c21a11c4ecfda36b0c18e5e3557cfb9e1d69d,3420082,False,Infinity,Infinity
syro,Syro,1,PRS,6,Infinity songlist,assets/songs/syro/1.aff,assets/songs/syro/base.ogg,11302,adb6829a1b0aa9f617c4f0e4cc46214b03d97adcd09b2a5a5334216b1218f35c,3420082,False,Infinity,Infinity
syro,Syro,2,FTR,9,Infinity songlist,assets/songs/syro/2.aff,assets/songs/syro/base.ogg,30738,1a368df3d38b80c0f95feabe6f1c4dbb2c1dfdb24369a1c5d74a36b320a6af60,3420082,False,Infinity,Infinity
reinvent,Reinvent,0,PST,2,Infinity songlist,assets/songs/reinvent/0.aff,assets/songs/reinvent/base.ogg,7808,6633a7233b014482d3662d63b331e85a909f850299c5c20e280e1c345569215d,3517726,False,Infinity,Infinity
reinvent,Reinvent,1,PRS,6,Infinity songlist,assets/songs/reinvent/1.aff,assets/songs/reinvent/base.ogg,10912,79dfe26085cd2a07f6946066b9e791a8a467e4fd4e8b638d9a49fd925092d04c,3517726,False,Infinity,Infinity
reinvent,Reinvent,2,FTR,8,Infinity songlist,assets/songs/reinvent/2.aff,assets/songs/reinvent/base.ogg,17954,f30bd5a222c905805966e59fc6928527bd2e3f55022cf63611539378a3eb4d46,3517726,False,Infinity,Infinity
silentrush,Silent Rush,0,PST,2,Infinity songlist,assets/songs/silentrush/0.aff,assets/songs/silentrush/base.ogg,3749,d43ccd33819efe4e1d82951246665262a637e2998e29758003c12a5791148843,3761022,False,Infinity,Infinity
silentrush,Silent Rush,1,PRS,5,Infinity songlist,assets/songs/silentrush/1.aff,assets/songs/silentrush/base.ogg,10589,1560971c844da4be17b19ab1710b05580b33cc8468df07aa97415ab057e67595,3761022,False,Infinity,Infinity
silentrush,Silent Rush,2,FTR,8,Infinity songlist,assets/songs/silentrush/2.aff,assets/songs/silentrush/base.ogg,23202,122c943fc7d0d7b5dcd5c889d88653942e1292317d61ea9ee3fca1e4efb68e99,3761022,False,Infinity,Infinity
singularity,Singularity,0,PST,4,Infinity songlist,assets/songs/singularity/0.aff,assets/songs/singularity/base.ogg,7689,defe3802a0e1639e4568dfd1f7391a0793d526d718c99f6e17478fab9829c41b,3061113,False,Infinity,Infinity
singularity,Singularity,1,PRS,7,Infinity songlist,assets/songs/singularity/1.aff,assets/songs/singularity/base.ogg,20732,383e2f477f1b779fd7d7d76fae8007cee88fd4db2a1b1089690a6f878bcfde8b,3061113,False,Infinity,Infinity
singularity,Singularity,2,FTR,10,Infinity songlist,assets/songs/singularity/2.aff,assets/songs/singularity/base.ogg,49337,16de2115216d09aeedf42f4fdcb5e874f2e8ae8a587f2dd020828331a262dc72,3061113,False,Infinity,Infinity
singularity,Singularity,3,BYD,10,Infinity songlist,assets/songs/singularity/3.aff,assets/songs/singularity/3.ogg,60443,0662c33a64b6caacace8257eb3c9f2d1a271eacec41909d49d8c024c54aaa654,3340452,True,Infinity,Infinity
memoryforest,Memory Forest,0,PST,3,Infinity songlist,assets/songs/memoryforest/0.aff,assets/songs/memoryforest/base.ogg,7767,b38f48348118a96851adc88625bdc19fc4dfa3d5fbb9e37d7945b049a5b23a26,3501188,False,Infinity,Infinity
memoryforest,Memory Forest,1,PRS,6,Infinity songlist,assets/songs/memoryforest/1.aff,assets/songs/memoryforest/base.ogg,13156,3995c84986001914f36120b4285034fb3b23a3375bd9dcbfa3452d7df32aa22a,3501188,False,Infinity,Infinity
memoryforest,Memory Forest,2,FTR,9,Infinity songlist,assets/songs/memoryforest/2.aff,assets/songs/memoryforest/base.ogg,38506,869be89c6078884c407bb8ecf3ed3e50e01a18d2f5d58983f3e6c31ca3f2ef28,3501188,False,Infinity,Infinity
strongholds,Strongholds,0,PST,2,Infinity songlist,assets/songs/strongholds/0.aff,assets/songs/strongholds/base.ogg,7152,6e73832cc7c6411581b3ce59cac0078b0a218f7b05356f3fdbfeeb63473d5388,3245097,False,Infinity,Infinity
strongholds,Strongholds,1,PRS,5,Infinity songlist,assets/songs/strongholds/1.aff,assets/songs/strongholds/base.ogg,22293,2402a7d64645438858c0d68c5c0292039016becdc618f691cdbc8e30ae9ea930,3245097,False,Infinity,Infinity
strongholds,Strongholds,2,FTR,9,Infinity songlist,assets/songs/strongholds/2.aff,assets/songs/strongholds/base.ogg,55113,654158c28b046fafabad3a401a46457e30a4e4f8072f5d9bc883832bed4c1d05,3245097,False,Infinity,Infinity
nexttoyou,next to you,0,PST,4,Infinity songlist,assets/songs/nexttoyou/0.aff,assets/songs/nexttoyou/base.ogg,8627,80501d541cf3802e74684699e8d849f3883af6f67ff4a640b5734af5d94212ba,3214918,False,Infinity,Infinity
nexttoyou,next to you,1,PRS,7,Infinity songlist,assets/songs/nexttoyou/1.aff,assets/songs/nexttoyou/base.ogg,12783,694598d4d68c2ce8c575579d8635a32018445c92a3e333c0714472fd08278fcb,3214918,False,Infinity,Infinity
nexttoyou,next to you,2,FTR,8,Infinity songlist,assets/songs/nexttoyou/2.aff,assets/songs/nexttoyou/base.ogg,24081,9aa1b660bce6690ac8e28509a404a32182c34b6cf83febdc8c34aa96ebe9d597,3214918,False,Infinity,Infinity
nexttoyou,next to you,3,BYD,9,Infinity songlist,assets/songs/nexttoyou/3.aff,assets/songs/nexttoyou/base.ogg,35528,cfbb7add544b372da1e89cf02eb1ef9199d7f1f5940549698684408ec1fbdc04,3214918,False,Infinity,Infinity
metallicpunisher,Metallic Punisher,0,PST,3,Infinity songlist,assets/songs/metallicpunisher/0.aff,assets/songs/metallicpunisher/base.ogg,6475,f00a8c33e418bc03f17de9418f44c5ed713c4a6defba63b88c67c9945123f2a0,3497546,False,Infinity,Infinity
metallicpunisher,Metallic Punisher,1,PRS,7,Infinity songlist,assets/songs/metallicpunisher/1.aff,assets/songs/metallicpunisher/base.ogg,16793,6042690a27a6080fe6d2c835b1c769a0d0a39cfcd50022530ca46dfe8f850ea0,3497546,False,Infinity,Infinity
metallicpunisher,Metallic Punisher,2,FTR,10,Infinity songlist,assets/songs/metallicpunisher/2.aff,assets/songs/metallicpunisher/base.ogg,49430,3c85d86065acb4009243e670833c75e77945aff8f6ba9923aa130f8cea8c4e46,3497546,False,Infinity,Infinity
blaster,Blaster,0,PST,4,Infinity songlist,assets/songs/blaster/0.aff,assets/songs/blaster/base.ogg,12004,1e018aae28544c8077c04f2644704ab75fb8efb5fdbb9ac901eac17e555322c4,3333794,False,Infinity,Infinity
blaster,Blaster,1,PRS,7,Infinity songlist,assets/songs/blaster/1.aff,assets/songs/blaster/base.ogg,19624,71de55b571a26683f65bf043ba5ff2d40a80f70c3d84aafd3faef1cac16a64d2,3333794,False,Infinity,Infinity
blaster,Blaster,2,FTR,9,Infinity songlist,assets/songs/blaster/2.aff,assets/songs/blaster/base.ogg,42924,9c1588850b1b44cb20d211ddccc21111b56cbac5b9a24cf9ae6119008a0ce7fb,3333794,False,Infinity,Infinity
guardina,γuarδina,0,PST,4,Infinity songlist,assets/songs/guardina/0.aff,assets/songs/guardina/base.ogg,8553,54b6d89083ae9d7c6a9c55defa19a03d1b7375a990549cc6c9d1f2f2f938cd18,3186582,False,Infinity,Infinity
guardina,γuarδina,1,PRS,8,Infinity songlist,assets/songs/guardina/1.aff,assets/songs/guardina/base.ogg,24434,6c55ba5930ebc8f632f5074bc70482b17590c52a7f124418dbfbf2e494c67758,3186582,False,Infinity,Infinity
guardina,γuarδina,2,FTR,10,Infinity songlist,assets/songs/guardina/2.aff,assets/songs/guardina/base.ogg,44261,4de7a21964ce137e4b7670234268fe808570105db37815d137549c782d0a1039,3186582,False,Infinity,Infinity
carminescythe,carmine:scythe,0,PST,4,Infinity songlist,assets/songs/carminescythe/0.aff,assets/songs/carminescythe/base.ogg,9928,8eb200a5f1619cb72dca1c86fd3361189e78acc740caccb2f8bdbacabdff39c6,3426817,False,Infinity,Infinity
carminescythe,carmine:scythe,1,PRS,7,Infinity songlist,assets/songs/carminescythe/1.aff,assets/songs/carminescythe/base.ogg,14354,bed9c43cf3e6f0f3ea1d09d49a75435db682649f4030898cff48156441ae2749,3426817,False,Infinity,Infinity
carminescythe,carmine:scythe,2,FTR,9,Infinity songlist,assets/songs/carminescythe/2.aff,assets/songs/carminescythe/base.ogg,33248,9ecced1c74a8b04f5fc85e16674c93718772e6b9c7f1bd4d17ad0f3e1396cd2f,3426817,False,Infinity,Infinity
bethere,Be There,0,PST,4,Infinity songlist,assets/songs/bethere/0.aff,assets/songs/bethere/base.ogg,10263,6c599189da69a7b6aa936622116bdcf1f24ec429086b43b991a15a3da8badaf2,3207538,False,Infinity,Infinity
bethere,Be There,1,PRS,7,Infinity songlist,assets/songs/bethere/1.aff,assets/songs/bethere/base.ogg,19300,7d3f079ede1b00799f5ae953a7025603ba46f15f881bbb1a38cf37fda3234e07,3207538,False,Infinity,Infinity
bethere,Be There,2,FTR,9,Infinity songlist,assets/songs/bethere/2.aff,assets/songs/bethere/base.ogg,44012,a9ff2bc527ae6ab9125b828d8607e6e0633567868a79705ae4e84c94b33d2c3f,3207538,False,Infinity,Infinity
bethere,Be There,3,BYD,10,Infinity songlist,assets/songs/bethere/3.aff,assets/songs/bethere/base.ogg,56706,e2a0bc090283619774612cb8a923797782171ae29ceec9500fffde3144a5861d,3207538,False,Infinity,Infinity
cyberneciacatharsis,Cybernecia Catharsis,0,PST,4,Infinity songlist,assets/songs/cyberneciacatharsis/0.aff,assets/songs/cyberneciacatharsis/base.ogg,5513,9f4109e21fd11bef35c304a1f5c7e12e2e74130ccd64bbec3351768d13cbbf55,3168157,False,Infinity,Infinity
cyberneciacatharsis,Cybernecia Catharsis,1,PRS,7,Infinity songlist,assets/songs/cyberneciacatharsis/1.aff,assets/songs/cyberneciacatharsis/base.ogg,10013,886824fe0281a58ee411a0a7cddcb5fc98d3d4b2681b80d8cbe8ad3c5e6bf9f0,3168157,False,Infinity,Infinity
cyberneciacatharsis,Cybernecia Catharsis,2,FTR,9,Infinity songlist,assets/songs/cyberneciacatharsis/2.aff,assets/songs/cyberneciacatharsis/base.ogg,28700,b5725bc8d116d8dd1b5caf7e1a18deee155f11178c892dd28780ac9437ffdb38,3168157,False,Infinity,Infinity
cyberneciacatharsis,Cybernecia Catharsis,3,BYD,9,Infinity songlist,assets/songs/cyberneciacatharsis/3.aff,assets/songs/cyberneciacatharsis/base.ogg,50448,02601e6dc0487382fcb2e0b38c19281d59a9d41a5dfdb1be61fca04149cfff7f,3168157,False,Infinity,Infinity
callmyname,Call My Name feat. Yukacco,0,PST,3,Infinity songlist,assets/songs/callmyname/0.aff,assets/songs/callmyname/base.ogg,8703,87dcefee1336e970c042c2ce7fa526892ed43193ef427fa2ff787f718628f161,3592850,False,Infinity,Infinity
callmyname,Call My Name feat. Yukacco,1,PRS,6,Infinity songlist,assets/songs/callmyname/1.aff,assets/songs/callmyname/base.ogg,12390,fa9758e5d390b3b24dda458c05db5d8f8bead385b17b6eeda46367c5cc683ff4,3592850,False,Infinity,Infinity
callmyname,Call My Name feat. Yukacco,2,FTR,8,Infinity songlist,assets/songs/callmyname/2.aff,assets/songs/callmyname/base.ogg,25627,cbf105d53316e0d8c08b1d1e916834f3c0b5676e1252f2e6764d5cbfcf105b0c,3592850,False,Infinity,Infinity
inkarusi,inkar-usi,0,PST,2,Infinity songlist,assets/songs/inkarusi/0.aff,assets/songs/inkarusi/base.ogg,5752,6e0306d106877fdf4e783f3ffcefd9bf7dd50e18618aab00176c641176ec6a13,3497093,False,Infinity,Infinity
inkarusi,inkar-usi,1,PRS,4,Infinity songlist,assets/songs/inkarusi/1.aff,assets/songs/inkarusi/base.ogg,6236,6fce379e7218ebc4172f7099ab640857be062161e5f17f27c8f9ace82388f10a,3497093,False,Infinity,Infinity
inkarusi,inkar-usi,2,FTR,7,Infinity songlist,assets/songs/inkarusi/2.aff,assets/songs/inkarusi/base.ogg,12363,1f7ffbfa613f3877ede2a612fdaf129ab534e7c1865cda18824f84ba7142a436,3497093,False,Infinity,Infinity
inkarusi,inkar-usi,3,BYD,9,Infinity songlist,assets/songs/inkarusi/3.aff,assets/songs/inkarusi/base.ogg,40458,3bd930c61ae2abe4ada03624c84f229567e9e6455438a42d4324ed0353dd41f2,3497093,False,Infinity,Infinity
mazenine,Maze No.9,0,PST,3,Infinity songlist,assets/songs/mazenine/0.aff,assets/songs/mazenine/base.ogg,4263,6d1473550ce18596f450928951452ea94aa52d12888e8e8af4301aa0806db067,3525000,False,Infinity,Infinity
mazenine,Maze No.9,1,PRS,3,Infinity songlist,assets/songs/mazenine/1.aff,assets/songs/mazenine/base.ogg,9399,77250e187334dbbe423477b5b097ea9e8758c411812ae084b0a2db94d6a21f14,3525000,False,Infinity,Infinity
mazenine,Maze No.9,2,FTR,8,Infinity songlist,assets/songs/mazenine/2.aff,assets/songs/mazenine/base.ogg,26306,fc9501abe2b9922232dbf0a02eccf4e04eb89cabd78f15ef4a4d402e8be21b5c,3525000,False,Infinity,Infinity
themessage,The Message,0,PST,3,Infinity songlist,assets/songs/themessage/0.aff,assets/songs/themessage/base.ogg,6911,ce1280dd94556a23c6d3f51f0ac279ea0993a1f2963a7ba2bf915143fee7b6b4,3419844,False,Infinity,Infinity
themessage,The Message,1,PRS,6,Infinity songlist,assets/songs/themessage/1.aff,assets/songs/themessage/base.ogg,14890,1cfcb1f7531cbc0324e91beeaa8af2ce4df17dbb1c34ed806560e9b779106f2e,3419844,False,Infinity,Infinity
themessage,The Message,2,FTR,9,Infinity songlist,assets/songs/themessage/2.aff,assets/songs/themessage/base.ogg,30078,ab58597a1871754a59b4fa37d6cfa2a541386856bc218d70293c1115ad8681a4,3419844,False,Infinity,Infinity
sulfur,Sulfur,0,PST,4,Infinity songlist,assets/songs/sulfur/0.aff,assets/songs/sulfur/base.ogg,9114,917626c54813732058b11dd64b9dc019d25eaaafcd347526f47a7f3c2247d718,3392433,False,Infinity,Infinity
sulfur,Sulfur,1,PRS,6,Infinity songlist,assets/songs/sulfur/1.aff,assets/songs/sulfur/base.ogg,12918,600e61681cd4697b97903a6ae598ea7a52508ad6911da1b5ef013a94a6bc52c8,3392433,False,Infinity,Infinity
sulfur,Sulfur,2,FTR,9,Infinity songlist,assets/songs/sulfur/2.aff,assets/songs/sulfur/base.ogg,38529,f67625477648419eb5dc5e384eb0e6f25d133ee4bc6a149d49213671ef97e057,3392433,False,Infinity,Infinity
halcyon,Halcyon,0,PST,5,Infinity songlist,assets/songs/halcyon/0.aff,assets/songs/halcyon/base.ogg,13396,658f23281ba2fe060622bbbbbf1e57a39d61744fc7eedd4aaf4462b60ed05592,3852869,False,Infinity,Infinity
halcyon,Halcyon,1,PRS,8,Infinity songlist,assets/songs/halcyon/1.aff,assets/songs/halcyon/base.ogg,19411,cb4c3fbbd58686e80513b1df719d177ed347d74f4ebe3bc30f8417157610419a,3852869,False,Infinity,Infinity
halcyon,Halcyon,2,FTR,10,Infinity songlist,assets/songs/halcyon/2.aff,assets/songs/halcyon/base.ogg,42029,88287b1b0566cc00647c4fffac0246ea37e4ed9690739b876821b0d96bf5ec88,3852869,False,Infinity,Infinity
etherstrike,Ether Strike,0,PST,5,Infinity songlist,assets/songs/etherstrike/0.aff,assets/songs/etherstrike/base.ogg,9216,75a49cb081d51b35bb98acd7660dd2358c1b7db6ed16f0e10bd1063641b3bc3e,3394799,False,Infinity,Infinity
etherstrike,Ether Strike,1,PRS,8,Infinity songlist,assets/songs/etherstrike/1.aff,assets/songs/etherstrike/base.ogg,17607,3928292e338e4efd180ce0a8d133e7682b28d82242f69eb4838155b8f5feddd7,3394799,False,Infinity,Infinity
etherstrike,Ether Strike,2,FTR,10,Infinity songlist,assets/songs/etherstrike/2.aff,assets/songs/etherstrike/base.ogg,37396,0b5ca5ff2b374d4d86eefb0272cd19b4d0cf4b32a2f281ff24f6bced5deb9c4c,3394799,False,Infinity,Infinity
fractureray,Fracture Ray,0,PST,6,Infinity songlist,assets/songs/fractureray/0.aff,assets/songs/fractureray/base.ogg,12515,f3a58bb379b256104ce784378f724464cb773bf8076f3c1bba442ab19c653151,3731940,False,Infinity,Infinity
fractureray,Fracture Ray,1,PRS,9,Infinity songlist,assets/songs/fractureray/1.aff,assets/songs/fractureray/base.ogg,28694,781f7a4e258fa8ba073236c557f0a8bb4b83eb0ca61ea96a2ac8833e5c8656f5,3731940,False,Infinity,Infinity
fractureray,Fracture Ray,2,FTR,11,Infinity songlist,assets/songs/fractureray/2.aff,assets/songs/fractureray/base.ogg,51700,689df91b61860b561db071e80bbd13fc23299d01e3a6600d48296b91a2eb7eea,3731940,False,Infinity,Infinity
suomi,Suomi,0,PST,2,Infinity songlist,assets/songs/suomi/0.aff,assets/songs/suomi/base.ogg,6573,e6a65bea7bbe8b4f3aa9e5bec48e3520b4fd861382cb389440dc8a7c3c0676ba,3125992,False,Infinity,Infinity
suomi,Suomi,1,PRS,5,Infinity songlist,assets/songs/suomi/1.aff,assets/songs/suomi/base.ogg,10078,8bd04da845c8a38af3e3a8578376edf036c3d7b4b720852238b86cb53ff4bf27,3125992,False,Infinity,Infinity
suomi,Suomi,2,FTR,7,Infinity songlist,assets/songs/suomi/2.aff,assets/songs/suomi/base.ogg,31660,a67ce59345de797f2c7998e46022178c3d64d1b1cacf12ec4d1997ac0eeb4b6c,3125992,False,Infinity,Infinity
suomi,Suomi,4,ETR,8,Infinity songlist,assets/songs/suomi/4.aff,assets/songs/suomi/base.ogg,41113,d8e9cedd3b46b4f1e571fdbec049f2fc92505d2de41f70dc530c6ab1f2f67b2b,3125992,False,Infinity,Infinity
bookmaker,Bookmaker (2D Version),0,PST,4,Infinity songlist,assets/songs/bookmaker/0.aff,assets/songs/bookmaker/base.ogg,12326,3ffdc03a405a794b51450caffb7edafe9c7c1e9890d8dfcc5dbffa8562bceeae,3624161,False,Infinity,Infinity
bookmaker,Bookmaker (2D Version),1,PRS,6,Infinity songlist,assets/songs/bookmaker/1.aff,assets/songs/bookmaker/base.ogg,25536,9df286705eac12fd49e316253b8644a71d4aadb3c585b2e713d6b02e56284fd1,3624161,False,Infinity,Infinity
bookmaker,Bookmaker (2D Version),2,FTR,8,Infinity songlist,assets/songs/bookmaker/2.aff,assets/songs/bookmaker/base.ogg,41759,909dea7f04fbaae94140c25468caf07913292d9cd7b48185ab47eb57965581cd,3624161,False,Infinity,Infinity
bookmaker,Bookmaker (2D Version),3,BYD,10,Infinity songlist,assets/songs/bookmaker/3.aff,assets/songs/bookmaker/base.ogg,50400,4979eda66628704ba094cf9cfee5ed16c562eedf595eea03d9ff16f763937691,3624161,False,Infinity,Infinity
darakunosono,Illegal Paradise,0,PST,2,Infinity songlist,assets/songs/darakunosono/0.aff,assets/songs/darakunosono/base.ogg,10321,a3b6bdaf8da163006f7c4c0d297b70bcfb2b9eb9795eadc4739c30754aaee187,3756190,False,Infinity,Infinity
darakunosono,Illegal Paradise,1,PRS,7,Infinity songlist,assets/songs/darakunosono/1.aff,assets/songs/darakunosono/base.ogg,15029,a685bd21076d483612266905b748bd8bbe6bb3936f7460956a87806f0cb0a1fd,3756190,False,Infinity,Infinity
darakunosono,Illegal Paradise,2,FTR,9,Infinity songlist,assets/songs/darakunosono/2.aff,assets/songs/darakunosono/base.ogg,40131,f564dab758f897c227b3552a9f064368f57d6a52bd218945c7cb2c2ef3aa6518,3756190,False,Infinity,Infinity
dropdead,dropdead,0,PST,1,Infinity songlist,assets/songs/dropdead/0.aff,assets/songs/dropdead/base.ogg,1061,840ad2fd17b9b89ce84a1a38b6309f23cc463cc5f506a890700ce9f2d09c3430,3305481,False,Infinity,Infinity
dropdead,dropdead,1,PRS,9,Infinity songlist,assets/songs/dropdead/1.aff,assets/songs/dropdead/base.ogg,28840,4276392ef793d5e99aba6753bb3d68fc85f3aa22eaefd6d85f368876e0536b3f,3305481,False,Infinity,Infinity
dropdead,dropdead,2,FTR,8,Infinity songlist,assets/songs/dropdead/2.aff,assets/songs/dropdead/base.ogg,24446,d8107ca26521cf52dc37bed64a711eba1a6a72ac8b52e9ad0aae589e6e42d46f,3305481,False,Infinity,Infinity
dropdead,dropdead,3,BYD,10,Infinity songlist,assets/songs/dropdead/3.aff,assets/songs/dropdead/3.ogg,67666,41daaa3c4c116d18e7357be97f6b6588f8bda1613b3daa3772e63f74d4ba50b9,3827951,True,Infinity,Infinity
fallensquare,Fallensquare,0,PST,3,Infinity songlist,assets/songs/fallensquare/0.aff,assets/songs/fallensquare/base.ogg,7693,6b5c26a20c95bc1324fc339fe83943d7fe3ac56f296eec3d63b21f26001f7b29,3645571,False,Infinity,Infinity
fallensquare,Fallensquare,1,PRS,7,Infinity songlist,assets/songs/fallensquare/1.aff,assets/songs/fallensquare/base.ogg,17699,033086336e107067bb2c947a2e10d2a649168ee5ca53b6e570207fe002951a62,3645571,False,Infinity,Infinity
fallensquare,Fallensquare,2,FTR,9,Infinity songlist,assets/songs/fallensquare/2.aff,assets/songs/fallensquare/base.ogg,49478,59fd02a6be2500b29521ad33e588ad43a82935bad2d95caf59c2349c3ae31e18,3645571,False,Infinity,Infinity
nhelv,Nhelv,0,PST,3,Infinity songlist,assets/songs/nhelv/0.aff,assets/songs/nhelv/base.ogg,7360,64dbcbbf4ec24a03e876d02d9c00a8c3f181a74c70bd8185e17c6f303223360e,3920626,False,Infinity,Infinity
nhelv,Nhelv,1,PRS,6,Infinity songlist,assets/songs/nhelv/1.aff,assets/songs/nhelv/base.ogg,13928,58fb20328b927308710e897053a7e48e5f7f399b36501ab549aa25723135b40e,3920626,False,Infinity,Infinity
nhelv,Nhelv,2,FTR,9,Infinity songlist,assets/songs/nhelv/2.aff,assets/songs/nhelv/base.ogg,30365,d5b1709a4f3761f6d781cc4e50371d8835ab41b8c0a65876abb6aabbfb5c88b0,3920626,False,Infinity,Infinity
nhelv,Nhelv,3,BYD,10,Infinity songlist,assets/songs/nhelv/3.aff,assets/songs/nhelv/base.ogg,73130,cf5dab1f070b8814443589e453916478a77fb2ba0a553cbc2e807d0d51ce044a,3920626,False,Infinity,Infinity
espebranch,LunarOrbit -believe in the Espebranch road-,0,PST,3,Infinity songlist,assets/songs/espebranch/0.aff,assets/songs/espebranch/base.ogg,9547,e5cd9db7dee3f2e2b17b835091b1534a97713d5d313f332712eb488d612a1d29,3432030,False,Infinity,Infinity
espebranch,LunarOrbit -believe in the Espebranch road-,1,PRS,6,Infinity songlist,assets/songs/espebranch/1.aff,assets/songs/espebranch/base.ogg,9971,88af9381ecbc5a854f27255b2fd672f78b028757cd50342ab8974546ac738803,3432030,False,Infinity,Infinity
espebranch,LunarOrbit -believe in the Espebranch road-,2,FTR,9,Infinity songlist,assets/songs/espebranch/2.aff,assets/songs/espebranch/base.ogg,35639,962ee34c635bf83a1577cf51cd9d29a7a5fb5ac356aae612cdfe605b98a40ea0,3432030,False,Infinity,Infinity
purgatorium,Purgatorium,0,PST,2,Infinity songlist,assets/songs/purgatorium/0.aff,assets/songs/purgatorium/base.ogg,7506,3b8302357da8b8a3bbda570df13b494a66079f06f48d5d9299bcd7db4bc175fd,3633450,False,Infinity,Infinity
purgatorium,Purgatorium,1,PRS,6,Infinity songlist,assets/songs/purgatorium/1.aff,assets/songs/purgatorium/base.ogg,11268,ed6724b36294eed45b83dbabbada44a8101ed7f074b0fa93fe7dd70027cda17d,3633450,False,Infinity,Infinity
purgatorium,Purgatorium,2,FTR,8,Infinity songlist,assets/songs/purgatorium/2.aff,assets/songs/purgatorium/base.ogg,31475,6ebfd5b9ff0b5556efe74612021fb47f13f0cfa2c35e5dd1926663ee32a948b4,3633450,False,Infinity,Infinity
purgatorium,Purgatorium,3,BYD,9,Infinity songlist,assets/songs/purgatorium/3.aff,assets/songs/purgatorium/base.ogg,44753,7f74ca08c17a980aea4ba32cc4c0aaafa0817a0727cf7bef02dbebad7b749a7f,3633450,False,Infinity,Infinity
hikari,Hikari,0,PST,2,Infinity songlist,assets/songs/hikari/0.aff,assets/songs/hikari/base.ogg,3853,002f664db2254b8204d94f85d7274e806524b8788de3e737d4e4e58e12fcc75b,3352071,False,Infinity,Infinity
hikari,Hikari,1,PRS,6,Infinity songlist,assets/songs/hikari/1.aff,assets/songs/hikari/base.ogg,9274,2fb988e57f4ab3ceb99beac8651a29132ff9c17fbba6f7d5e079ec2efb439b03,3352071,False,Infinity,Infinity
hikari,Hikari,2,FTR,8,Infinity songlist,assets/songs/hikari/2.aff,assets/songs/hikari/base.ogg,19045,816dd01d20aadb257fe81d933b22e1a1ef40c13c305fbef1f11b07cfcd2cf6b8,3352071,False,Infinity,Infinity
stager,STAGER (ALL STAGE CLEAR),0,PST,3,Infinity songlist,assets/songs/stager/0.aff,assets/songs/stager/base.ogg,9257,bf13e35ee313582a8fc5c26b55a59d665e0411d42cb74ec1938aeb4377eb5840,3548758,False,Infinity,Infinity
stager,STAGER (ALL STAGE CLEAR),1,PRS,6,Infinity songlist,assets/songs/stager/1.aff,assets/songs/stager/base.ogg,15607,46744f5b9b03bc09f39a07696f4e52d8a957815d6accedc7a232611530faa007,3548758,False,Infinity,Infinity
stager,STAGER (ALL STAGE CLEAR),2,FTR,9,Infinity songlist,assets/songs/stager/2.aff,assets/songs/stager/base.ogg,37785,644a2654afe481e9a9e7acde953a1fbbf77394fde560d98a959fcc1e400975c5,3548758,False,Infinity,Infinity
hallofmirrors,Hall of Mirrors,0,PST,3,Infinity songlist,assets/songs/hallofmirrors/0.aff,assets/songs/hallofmirrors/base.ogg,4187,e6960e97fbf880fa35745be352e7e5333ab387177bab5d7ea208a982c13f7c8c,3717667,False,Infinity,Infinity
hallofmirrors,Hall of Mirrors,1,PRS,5,Infinity songlist,assets/songs/hallofmirrors/1.aff,assets/songs/hallofmirrors/base.ogg,11568,5e1608c71a8869b70199c4c5ce2587cd43b4a68976fff9551bff037732044a2e,3717667,False,Infinity,Infinity
hallofmirrors,Hall of Mirrors,2,FTR,8,Infinity songlist,assets/songs/hallofmirrors/2.aff,assets/songs/hallofmirrors/base.ogg,21702,5a0ebf9ea8f4af97ff959819e779601d07a8c142e2246799c1f56eda81ca1d7e,3717667,False,Infinity,Infinity
linearaccelerator,Linear Accelerator,0,PST,2,Infinity songlist,assets/songs/linearaccelerator/0.aff,assets/songs/linearaccelerator/base.ogg,3999,2223767e91a8ef6ec0c1a33f0ae8179e3d228a7aee88693f7e281d3743457534,2943197,False,Infinity,Infinity
linearaccelerator,Linear Accelerator,1,PRS,6,Infinity songlist,assets/songs/linearaccelerator/1.aff,assets/songs/linearaccelerator/base.ogg,8678,5a7479ebe3ddcf42291df1e49633b067f0b037dda885060ec7cd0ed62f591656,2943197,False,Infinity,Infinity
linearaccelerator,Linear Accelerator,2,FTR,9,Infinity songlist,assets/songs/linearaccelerator/2.aff,assets/songs/linearaccelerator/base.ogg,58308,8055123412ef30e0f93312bbe04b7728f8c4cf2cd10b1ce18bfe01843f9c5d7a,2943197,False,Infinity,Infinity
tiferet,Tiferet,0,PST,4,Infinity songlist,assets/songs/tiferet/0.aff,assets/songs/tiferet/base.ogg,11463,557cc7c2d494699000a3f73a66e802a23b4fcfc6255b60b372f398d369929dae,3520807,False,Infinity,Infinity
tiferet,Tiferet,1,PRS,7,Infinity songlist,assets/songs/tiferet/1.aff,assets/songs/tiferet/base.ogg,15958,c6f0f92bdeaf08570e73b7bd6002a24fbe93351a80262dc43e44f9fb4b7ee4ff,3520807,False,Infinity,Infinity
tiferet,Tiferet,2,FTR,10,Infinity songlist,assets/songs/tiferet/2.aff,assets/songs/tiferet/base.ogg,40030,e4459f528d1349868ee12e160ff28e0ebdc6815d97071bcd2ed7c1574a1d6d47,3520807,False,Infinity,Infinity
alexandrite,Alexandrite,0,PST,4,Infinity songlist,assets/songs/alexandrite/0.aff,assets/songs/alexandrite/base.ogg,6815,c1d90844feaf8d15785df48d003e8e4413b7d38603092d0bdb879ddde58e67aa,3385071,False,Infinity,Infinity
alexandrite,Alexandrite,1,PRS,7,Infinity songlist,assets/songs/alexandrite/1.aff,assets/songs/alexandrite/base.ogg,13915,bfd5e76d479f6f4c1073f64561eeac16ecdce28f865887eed7f13bc4fd92968b,3385071,False,Infinity,Infinity
alexandrite,Alexandrite,2,FTR,10,Infinity songlist,assets/songs/alexandrite/2.aff,assets/songs/alexandrite/base.ogg,40560,4d2b93a7efbbbf57ea3e5c1a0b74c08a45fc1265b8917b64918f7f227cb84fa7,3385071,False,Infinity,Infinity
rugie,Rugie,0,PST,3,Infinity songlist,assets/songs/rugie/0.aff,assets/songs/rugie/base.ogg,7430,9ca2cb42891bdd69cc80bace44c27f62641689453949f51d32c4ff4268d5e9f5,3501643,False,Infinity,Infinity
rugie,Rugie,1,PRS,6,Infinity songlist,assets/songs/rugie/1.aff,assets/songs/rugie/base.ogg,12481,aa0b3f191d6a1f6ee47bded826612a1c7375aa38b13b0c528339d4c2ab6612bc,3501643,False,Infinity,Infinity
rugie,Rugie,2,FTR,9,Infinity songlist,assets/songs/rugie/2.aff,assets/songs/rugie/base.ogg,33376,4a6a0e420ef8d84d27509549cf907d7fbb462381f4f69495d8073cd617713607,3501643,False,Infinity,Infinity
astraltale,Astral tale,0,PST,4,Infinity songlist,assets/songs/astraltale/0.aff,assets/songs/astraltale/base.ogg,6279,3306c2df80880ce641901d9d7324ed52390bd56ae6fa1c80a555043c4985b537,3592345,False,Infinity,Infinity
astraltale,Astral tale,1,PRS,7,Infinity songlist,assets/songs/astraltale/1.aff,assets/songs/astraltale/base.ogg,12726,3ebf4bbf3474e57c5c3d4ae30e94a0a77af703e1a16b91147f2b944703652823,3592345,False,Infinity,Infinity
astraltale,Astral tale,2,FTR,9,Infinity songlist,assets/songs/astraltale/2.aff,assets/songs/astraltale/base.ogg,32687,5fa2b6f7c5717336297f8747f5498e31fbd2f97b60f12e15c030a22f20813004,3592345,False,Infinity,Infinity
phantasia,Phantasia,0,PST,4,Infinity songlist,assets/songs/phantasia/0.aff,assets/songs/phantasia/base.ogg,8527,c0806b708abe43a6c6d526f18b450b124a4062f6a0fc34e7fbd158d3a398b596,3697927,False,Infinity,Infinity
phantasia,Phantasia,1,PRS,5,Infinity songlist,assets/songs/phantasia/1.aff,assets/songs/phantasia/base.ogg,14970,4fface8aed16e39de48527179e06f510d2f1d457527f4439762bdd5c7229cf97,3697927,False,Infinity,Infinity
phantasia,Phantasia,2,FTR,9,Infinity songlist,assets/songs/phantasia/2.aff,assets/songs/phantasia/base.ogg,30943,762a058ce4d76954af3a4ee7e7325e84d34ab31ffe01984a0d49ce6ebaee5bb0,3697927,False,Infinity,Infinity
empireofwinter,Empire of Winter,0,PST,3,Infinity songlist,assets/songs/empireofwinter/0.aff,assets/songs/empireofwinter/base.ogg,8137,f5daf2c38291d355c81a35651f49cb2e9e5e80a159e133346a1eb8c2c731d46d,3395466,False,Infinity,Infinity
empireofwinter,Empire of Winter,1,PRS,6,Infinity songlist,assets/songs/empireofwinter/1.aff,assets/songs/empireofwinter/base.ogg,11020,b88b260dfe220c526be4fef7045d79da65c448c100a2b88d7b9f4c722ebb9221,3395466,False,Infinity,Infinity
empireofwinter,Empire of Winter,2,FTR,9,Infinity songlist,assets/songs/empireofwinter/2.aff,assets/songs/empireofwinter/base.ogg,27552,95f481cc3d25ad909b722a0619d5518e605d9a1e774633938da895e166a25f9c,3395466,False,Infinity,Infinity
merlin,MERLIN,0,PST,3,Infinity songlist,assets/songs/merlin/0.aff,assets/songs/merlin/base.ogg,3094,d2e6d634e75f3fe402521b50246372988802578ac1a57fd6d7efd358f36642a4,3145276,False,Infinity,Infinity
merlin,MERLIN,1,PRS,5,Infinity songlist,assets/songs/merlin/1.aff,assets/songs/merlin/base.ogg,8953,6417a69d7c2aa8981788cb2cb8ddad17ff28ee3821def195f8fcbdf1b1a5a025,3145276,False,Infinity,Infinity
merlin,MERLIN,2,FTR,8,Infinity songlist,assets/songs/merlin/2.aff,assets/songs/merlin/base.ogg,28097,76b7067b1ebf0ae88414067bb3da0924520702b3aee63b163ee2ff7628f02b2c,3145276,False,Infinity,Infinity
merlin,MERLIN,3,BYD,9,Infinity songlist,assets/songs/merlin/3.aff,assets/songs/merlin/base.ogg,35422,44af480606db007cbe36480e0cbf56f134f76ee7d629116a4cd3cd15761f79e8,3145276,False,Infinity,Infinity
dxfullmetal,DX Choseinou Full Metal Shojo,0,PST,3,Infinity songlist,assets/songs/dxfullmetal/0.aff,assets/songs/dxfullmetal/base.ogg,7068,5fa7932df0dcc25a9332026b905077430de32236a13c84f3cb29b011c833274f,2815123,False,Infinity,Infinity
dxfullmetal,DX Choseinou Full Metal Shojo,1,PRS,6,Infinity songlist,assets/songs/dxfullmetal/1.aff,assets/songs/dxfullmetal/base.ogg,12270,182cced17a3c2f8f294b6f18f18c5c001714944e0086f84a4429d238142e5b5e,2815123,False,Infinity,Infinity
dxfullmetal,DX Choseinou Full Metal Shojo,2,FTR,9,Infinity songlist,assets/songs/dxfullmetal/2.aff,assets/songs/dxfullmetal/base.ogg,36363,86a28b45086d7f9bff2650f699e8da1eb87ca676d7ca1e4939943abeb0f0f3d9,2815123,False,Infinity,Infinity
omakeno,OMAKENO Stroke,0,PST,3,Infinity songlist,assets/songs/omakeno/0.aff,assets/songs/omakeno/base.ogg,7436,0ac8b8e33b4b15f8758686e5fc76dc051b40144c772374877f335442b0cb2cd5,2836573,False,Infinity,Infinity
omakeno,OMAKENO Stroke,1,PRS,6,Infinity songlist,assets/songs/omakeno/1.aff,assets/songs/omakeno/base.ogg,14160,d3671a4ec4224cf463ba8a21eb4e1fe62c44c0d83509537e93dd5ec68429a0f6,2836573,False,Infinity,Infinity
omakeno,OMAKENO Stroke,2,FTR,9,Infinity songlist,assets/songs/omakeno/2.aff,assets/songs/omakeno/base.ogg,30491,4d20bce5d0a762bfacf54a3fc563332e1c585525d21cc302321a52b0cf3545e7,2836573,False,Infinity,Infinity
omakeno,OMAKENO Stroke,3,BYD,10,Infinity songlist,assets/songs/omakeno/3.aff,assets/songs/omakeno/base.ogg,44394,7c6c1deb17607e0af5780521ef1cd539a95d6a65859522ed5ca89e6c9cf1a7a7,2836573,False,Infinity,Infinity
scarletlance,Scarlet Lance,0,PST,4,Infinity songlist,assets/songs/scarletlance/0.aff,assets/songs/scarletlance/base.ogg,7916,c04167796144b8581fe9b50eb95622c4f5ccfac2d666e1fcc69a07031d54563f,3147720,False,Infinity,Infinity
scarletlance,Scarlet Lance,1,PRS,7,Infinity songlist,assets/songs/scarletlance/1.aff,assets/songs/scarletlance/base.ogg,18821,c98095d423f980f71891b30ce8bb678fd4884e2fc0b30d9afdd594dd664930f0,3147720,False,Infinity,Infinity
scarletlance,Scarlet Lance,2,FTR,10,Infinity songlist,assets/songs/scarletlance/2.aff,assets/songs/scarletlance/base.ogg,37108,c2322058e5f03deb05a3bc80e33c80799484db07d8e83696cd3a1cb4beecfa58,3147720,False,Infinity,Infinity
ouroboros,ouroboros -twin stroke of the end-,0,PST,4,Infinity songlist,assets/songs/ouroboros/0.aff,assets/songs/ouroboros/base.ogg,10899,60899e2a75602356b5fc9d710181e25f1b589c1a2ca8942132c733a3e97c55dc,3621119,False,Infinity,Infinity
ouroboros,ouroboros -twin stroke of the end-,1,PRS,7,Infinity songlist,assets/songs/ouroboros/1.aff,assets/songs/ouroboros/base.ogg,31692,87c2d7937147719a8d287ed6dc1ed4c379476925e2d812368fef508de7d6d304,3621119,False,Infinity,Infinity
ouroboros,ouroboros -twin stroke of the end-,2,FTR,10,Infinity songlist,assets/songs/ouroboros/2.aff,assets/songs/ouroboros/base.ogg,58090,96c8d5d0e02e68aba19d255b377396332dc08ed772d46f7342a67d73ffc433d0,3621119,False,Infinity,Infinity
libertas,Libertas,0,PST,3,Infinity songlist,assets/songs/libertas/0.aff,assets/songs/libertas/base.ogg,6287,818f28e0bf1dde51d7ed5fd52d837464ae83dbe0efd0fc158cd8996358611fbb,3189934,False,Infinity,Infinity
libertas,Libertas,1,PRS,5,Infinity songlist,assets/songs/libertas/1.aff,assets/songs/libertas/base.ogg,11670,4c9eef9010582987f0d067ab7572a44de5e022545a52e2914c0c5b36a92da092,3189934,False,Infinity,Infinity
libertas,Libertas,2,FTR,9,Infinity songlist,assets/songs/libertas/2.aff,assets/songs/libertas/base.ogg,34693,4d73a1b4c311643a3736a8dcb6700b4329c639e59828894679f4bf4285e5a716,3189934,False,Infinity,Infinity
libertas,Libertas,3,BYD,10,Infinity songlist,assets/songs/libertas/3.aff,assets/songs/libertas/base.ogg,49100,ef5be3e61fabc458f8b933b34669802e16e129b5a267496ac1ff0b3dd808a18d,3189934,False,Infinity,Infinity
solitarydream,Solitary Dream,0,PST,4,Infinity songlist,assets/songs/solitarydream/0.aff,assets/songs/solitarydream/base.ogg,9588,4682b76cc20d3e7cc022d80fab86ef722b909af098c31581afa27d1f9e7089c6,4222265,False,Infinity,Infinity
solitarydream,Solitary Dream,1,PRS,7,Infinity songlist,assets/songs/solitarydream/1.aff,assets/songs/solitarydream/base.ogg,16270,0947f7b0f79a99fc421a520186219ab80d73de8c23bcc104ca80eff0fd362fdc,4222265,False,Infinity,Infinity
solitarydream,Solitary Dream,2,FTR,8,Infinity songlist,assets/songs/solitarydream/2.aff,assets/songs/solitarydream/base.ogg,32587,ce1f6cea0c92a42a90f1d48808544fa6aceb7473b7a81a4d2c42ea4ae150af2e,4222265,False,Infinity,Infinity
antithese,Antithese,0,PST,2,Infinity songlist,assets/songs/antithese/0.aff,assets/songs/antithese/base.ogg,11155,9cb063d6a70bd1ed0161c712bda985a8e1977ffccc66cb9a760d28bcf185c9b7,3417802,False,Infinity,Infinity
antithese,Antithese,1,PRS,5,Infinity songlist,assets/songs/antithese/1.aff,assets/songs/antithese/base.ogg,14469,00e0e5655310520b1550ca24229e26f96746cfcdd644661f927df68a3b9b470f,3417802,False,Infinity,Infinity
antithese,Antithese,2,FTR,8,Infinity songlist,assets/songs/antithese/2.aff,assets/songs/antithese/base.ogg,24717,ce7e648e9d06a5d73457cd055d6cac63a0c003d3ec2b3c866fb4c53a0a9db093,3417802,False,Infinity,Infinity
antithese,Antithese,3,BYD,9,Infinity songlist,assets/songs/antithese/3.aff,assets/songs/antithese/base.ogg,34074,0a7085c6f6262da8b7a5a6bebe55f6e022b2f710d2f5f67e669790c4b0383815,3417802,False,Infinity,Infinity
corruption,Corruption,0,PST,3,Infinity songlist,assets/songs/corruption/0.aff,assets/songs/corruption/base.ogg,11492,039419e514465fad8197f2ed6cdced59ef95a613fb3630682bd0bc35b006a6f6,3540561,False,Infinity,Infinity
corruption,Corruption,1,PRS,6,Infinity songlist,assets/songs/corruption/1.aff,assets/songs/corruption/base.ogg,21808,01853c29b011eb70b7062f6c936faa4bcffa585fe0fd3a820342df069fa585ec,3540561,False,Infinity,Infinity
corruption,Corruption,2,FTR,9,Infinity songlist,assets/songs/corruption/2.aff,assets/songs/corruption/base.ogg,53446,22e9707373b3ca2a089d7f85925e1936f8e5d8d9c8fb0c5739afd4cf658c3297,3540561,False,Infinity,Infinity
blackterritory,Black Territory,0,PST,3,Infinity songlist,assets/songs/blackterritory/0.aff,assets/songs/blackterritory/base.ogg,7701,1bc033083f4836e2d7bcc497e90c3271271e792d3782c4520a382a1b864fa9c2,3390980,False,Infinity,Infinity
blackterritory,Black Territory,1,PRS,7,Infinity songlist,assets/songs/blackterritory/1.aff,assets/songs/blackterritory/base.ogg,14178,9edfb3cd7de4aad0ee110351adb7205ece8c650ec81ab897970043d97c700fc2,3390980,False,Infinity,Infinity
blackterritory,Black Territory,2,FTR,9,Infinity songlist,assets/songs/blackterritory/2.aff,assets/songs/blackterritory/base.ogg,34368,26b9efc1578affb3926e15adfeaa33af9cf5b4a537d3af8e442624582d8c6f70,3390980,False,Infinity,Infinity
viciousheroism,Vicious Heroism,0,PST,4,Infinity songlist,assets/songs/viciousheroism/0.aff,assets/songs/viciousheroism/base.ogg,9767,94d4a5af5318b29fa6dfe36a3a69b878da738f2b836a1a50523aee3da8a23a59,3401709,False,Infinity,Infinity
viciousheroism,Vicious Heroism,1,PRS,7,Infinity songlist,assets/songs/viciousheroism/1.aff,assets/songs/viciousheroism/base.ogg,27051,21902212271d95513229be6be8440c8939993d652476c4b552bb2545b2a344f9,3401709,False,Infinity,Infinity
viciousheroism,Vicious Heroism,2,FTR,10,Infinity songlist,assets/songs/viciousheroism/2.aff,assets/songs/viciousheroism/base.ogg,45993,47d53c3c21a301b663e8c61957cbace5ae33665723642421290cf508eb7b9c3b,3401709,False,Infinity,Infinity
viciousheroism,Vicious Heroism,3,BYD,11,Infinity songlist,assets/songs/viciousheroism/3.aff,assets/songs/viciousheroism/3.ogg,114871,c3c3600aa94e5944e3c6657a2d19d40fe7f1b1b07659f0fa7542c8cb4696a64c,3621435,True,Infinity,Infinity
cyaegha,Cyaegha,0,PST,5,Infinity songlist,assets/songs/cyaegha/0.aff,assets/songs/cyaegha/base.ogg,10522,37c57f1f485e72bf6733205af63aa68ba54b2ce00b0eb24e8b3f08fe3f387cae,3435487,False,Infinity,Infinity
cyaegha,Cyaegha,1,PRS,8,Infinity songlist,assets/songs/cyaegha/1.aff,assets/songs/cyaegha/base.ogg,19856,ae53b18a64cb47a5d10d45f0adc69605ef3b5ea9d13f0267fb0d804bf97142a2,3435487,False,Infinity,Infinity
cyaegha,Cyaegha,2,FTR,10,Infinity songlist,assets/songs/cyaegha/2.aff,assets/songs/cyaegha/base.ogg,43432,631c4fe40021bacee0caed183da6b908b12b03c94e80aca114cd9a3193981093,3435487,False,Infinity,Infinity
revixy,ReviXy,0,PST,3,Infinity songlist,assets/songs/revixy/0.aff,assets/songs/revixy/base.ogg,9357,499a20cde1a313ff35cdc6c1d38d8c0f71fd72ed0caebdfd924586b1f8605c5b,3842358,False,Infinity,Infinity
revixy,ReviXy,1,PRS,7,Infinity songlist,assets/songs/revixy/1.aff,assets/songs/revixy/base.ogg,20261,fd9708888b53eb11ca42f7bde511ad7dde5390399f051317b60d3fd9bbb4912b,3842358,False,Infinity,Infinity
revixy,ReviXy,2,FTR,9,Infinity songlist,assets/songs/revixy/2.aff,assets/songs/revixy/base.ogg,37903,daf29255616ebe184ae8a648d713bc905aff5190a99c11d6adf9ad15444e17e9,3842358,False,Infinity,Infinity
grimheart,Grimheart,0,PST,2,Infinity songlist,assets/songs/grimheart/0.aff,assets/songs/grimheart/base.ogg,5933,4e629f395f1f71434ecca15847d266e65cff3446167656ec82cf57c52efadaa0,3649981,False,Infinity,Infinity
grimheart,Grimheart,1,PRS,5,Infinity songlist,assets/songs/grimheart/1.aff,assets/songs/grimheart/base.ogg,9673,eb9298088c8712a5d2538995bca2156dbfc2173b38343d9e0d29e6831ad0bb67,3649981,False,Infinity,Infinity
grimheart,Grimheart,2,FTR,8,Infinity songlist,assets/songs/grimheart/2.aff,assets/songs/grimheart/base.ogg,27881,c1422407bb6b8622cdb812dcb4f185e38447438ed02bff2fff7abd1bde6173d4,3649981,False,Infinity,Infinity
vector,VECTOЯ,0,PST,3,Infinity songlist,assets/songs/vector/0.aff,assets/songs/vector/base.ogg,6656,cdf697c7fd5b04baf8d0fd5bd83122bfb48b0627040318f395b002c0bebd8602,3436957,False,Infinity,Infinity
vector,VECTOЯ,1,PRS,7,Infinity songlist,assets/songs/vector/1.aff,assets/songs/vector/base.ogg,13083,c0156c9d572444ff1d5407b5948f8feb89f425af54ffad038b9da709dc186cb0,3436957,False,Infinity,Infinity
vector,VECTOЯ,2,FTR,9,Infinity songlist,assets/songs/vector/2.aff,assets/songs/vector/base.ogg,25888,387c1bbc138a018eb027fcc14f6d66d758494ac502a673ca280a8656b43f190c,3436957,False,Infinity,Infinity
supernova,SUPERNOVA,0,PST,3,Infinity songlist,assets/songs/supernova/0.aff,assets/songs/supernova/base.ogg,5441,fbe6e579013fc164cb5980ac3ca8554799ba0c32cc61719aff3334e484cea83d,3855887,False,Infinity,Infinity
supernova,SUPERNOVA,1,PRS,6,Infinity songlist,assets/songs/supernova/1.aff,assets/songs/supernova/base.ogg,6959,f9a7d2adc309c4e0ccc38d525763fdda5304a29c60d5fc8805e614469d8a1484,3855887,False,Infinity,Infinity
supernova,SUPERNOVA,2,FTR,9,Infinity songlist,assets/songs/supernova/2.aff,assets/songs/supernova/base.ogg,39163,d65c1df0f1396cdf31396c5dfe6656961ec3ee154bbf216048921b1084aa738e,3855887,False,Infinity,Infinity
dottodot,Dot to Dot feat. shully,0,PST,3,Infinity songlist,assets/songs/dottodot/0.aff,assets/songs/dottodot/base.ogg,7457,e30d64948b7aa0b02327f5ad64cab5705ad5ac3cf6344777688b0f023953d962,3192690,False,Infinity,Infinity
dottodot,Dot to Dot feat. shully,1,PRS,6,Infinity songlist,assets/songs/dottodot/1.aff,assets/songs/dottodot/base.ogg,9665,49e9846aee5fef996be3e0a6ab77e257ab8cde519704137c5096dee5b9a73645,3192690,False,Infinity,Infinity
dottodot,Dot to Dot feat. shully,2,FTR,8,Infinity songlist,assets/songs/dottodot/2.aff,assets/songs/dottodot/base.ogg,22423,8f5615903b4581051c8606f06e2296f397c57fc7a3963cd4d7d0dceec2786419,3192690,False,Infinity,Infinity
garakuta,Garakuta Doll Play,0,PST,4,Infinity songlist,assets/songs/garakuta/0.aff,assets/songs/garakuta/base.ogg,11940,cbbf1ba690ad0b2ef3e9d0724b152012859758e83e5909a7f6ea36b75de5e42d,3128751,False,Infinity,Infinity
garakuta,Garakuta Doll Play,1,PRS,6,Infinity songlist,assets/songs/garakuta/1.aff,assets/songs/garakuta/base.ogg,14607,6bafcb9ca15b4513ff582ea622fc0c8a5c2a6a109a812194d1badc93d0aa1bc5,3128751,False,Infinity,Infinity
garakuta,Garakuta Doll Play,2,FTR,10,Infinity songlist,assets/songs/garakuta/2.aff,assets/songs/garakuta/base.ogg,50118,e5d06b535c08da7157250c4801a368709fab74e3c67eace561c963b1b11d09bc,3128751,False,Infinity,Infinity
ikazuchi,Ikazuchi,0,PST,3,Infinity songlist,assets/songs/ikazuchi/0.aff,assets/songs/ikazuchi/base.ogg,9490,4d2cb933c6e7b189f7ead341da303a0e75743e3bc8fec4d2a2fdab39b9580654,3652894,False,Infinity,Infinity
ikazuchi,Ikazuchi,1,PRS,7,Infinity songlist,assets/songs/ikazuchi/1.aff,assets/songs/ikazuchi/base.ogg,17653,04e62a1e20326178193e883fbe64dc9913d480c9870496dc362df2e521ab6839,3652894,False,Infinity,Infinity
ikazuchi,Ikazuchi,2,FTR,10,Infinity songlist,assets/songs/ikazuchi/2.aff,assets/songs/ikazuchi/base.ogg,41362,df3b50a7e71a11979d22a65c74f7cde1be8d6dbda52f948d7f364a00a618bad0,3652894,False,Infinity,Infinity
worldvanquisher,World Vanquisher,0,PST,2,Infinity songlist,assets/songs/worldvanquisher/0.aff,assets/songs/worldvanquisher/base.ogg,6442,07658189965edaee73fe0447594d199fca75acaf6f20176fe432595fb577b42e,4012484,False,Infinity,Infinity
worldvanquisher,World Vanquisher,1,PRS,5,Infinity songlist,assets/songs/worldvanquisher/1.aff,assets/songs/worldvanquisher/base.ogg,11968,5779d676535f388a07be50ca7602269da1120072b16c492457b2586a44f722c2,4012484,False,Infinity,Infinity
worldvanquisher,World Vanquisher,2,FTR,10,Infinity songlist,assets/songs/worldvanquisher/2.aff,assets/songs/worldvanquisher/base.ogg,77060,811958236e7f0fcad9293f422102987540907fbd53c699fe7643691a59acd063,4012484,False,Infinity,Infinity
dreadnought,Dreadnought,0,PST,4,Infinity songlist,assets/songs/dreadnought/0.aff,assets/songs/dreadnought/base.ogg,8394,3732ea889d81fc49c9446226edde6b4a537d6cb7f775ce5d2d6f3bfcdecf095d,3401416,False,Infinity,Infinity
dreadnought,Dreadnought,1,PRS,7,Infinity songlist,assets/songs/dreadnought/1.aff,assets/songs/dreadnought/base.ogg,13265,9e7ca3ba8b11f8ad6d75b7be5fc274fd0aa0b899026f2c21ba9c4bd58d57480b,3401416,False,Infinity,Infinity
dreadnought,Dreadnought,2,FTR,9,Infinity songlist,assets/songs/dreadnought/2.aff,assets/songs/dreadnought/base.ogg,37551,7ee9ff9bf604a7a2a041dc88d66536646fb504d29857b3cc4e1ee76eefd0269b,3401416,False,Infinity,Infinity
particlearts,Particle Arts,0,PST,3,Infinity songlist,assets/songs/particlearts/0.aff,assets/songs/particlearts/base.ogg,7509,36a4d3da90860092d1581b46750f461f47735d5badbcfc431599dc0c392394a9,3558788,False,Infinity,Infinity
particlearts,Particle Arts,1,PRS,6,Infinity songlist,assets/songs/particlearts/1.aff,assets/songs/particlearts/base.ogg,13612,8d8731393e288888850dc3c6797ea77577e4b38b3853de601b2314c9a27a5ba6,3558788,False,Infinity,Infinity
particlearts,Particle Arts,2,FTR,8,Infinity songlist,assets/songs/particlearts/2.aff,assets/songs/particlearts/base.ogg,46472,824f1f318368b50e9244916423fe0a5fb05b6a47781639b44c4031f83d7f4cae,3558788,False,Infinity,Infinity
vindication,Vindication,0,PST,4,Infinity songlist,assets/songs/vindication/0.aff,assets/songs/vindication/base.ogg,10841,caeffb7dd0231fa06ccba7dd55800c485d2c963130ccbc506f735d7431153bff,3632423,False,Infinity,Infinity
vindication,Vindication,1,PRS,6,Infinity songlist,assets/songs/vindication/1.aff,assets/songs/vindication/base.ogg,16573,a54c41a94a09c5958b871e13c1abc4e8b5f474d91093cbefaa0c2f726a827ee0,3632423,False,Infinity,Infinity
vindication,Vindication,2,FTR,9,Infinity songlist,assets/songs/vindication/2.aff,assets/songs/vindication/base.ogg,34297,9f95749fa2d052e7735acfb66987ca25b0eadc7c01ec730b53128384c8b9b81f,3632423,False,Infinity,Infinity
heavensdoor,Heavensdoor,0,PST,4,Infinity songlist,assets/songs/heavensdoor/0.aff,assets/songs/heavensdoor/base.ogg,10542,cd182a14834daa7f1beb90371e06a75a49b60637a4f6e98b8f3dfb0786ec4af1,3184433,False,Infinity,Infinity
heavensdoor,Heavensdoor,1,PRS,7,Infinity songlist,assets/songs/heavensdoor/1.aff,assets/songs/heavensdoor/base.ogg,18581,65e1b1f6df06c1e5aa401352ed303c2eb79f3b582a419883430f69e503640309,3184433,False,Infinity,Infinity
heavensdoor,Heavensdoor,2,FTR,9,Infinity songlist,assets/songs/heavensdoor/2.aff,assets/songs/heavensdoor/base.ogg,36875,0789e896adf3eed50fe033735b05dc6c3c0dec2bd3904c502d8e56bf30069439,3184433,False,Infinity,Infinity
heavensdoor,Heavensdoor,3,BYD,10,Infinity songlist,assets/songs/heavensdoor/3.aff,assets/songs/heavensdoor/base.ogg,68365,9457620a39883f6d0cd01ad6a65cfc8f8b3dacf5568b5e9b242b63dba8586d03,3184433,False,Infinity,Infinity
ringedgenesis,Ringed Genesis,0,PST,5,Infinity songlist,assets/songs/ringedgenesis/0.aff,assets/songs/ringedgenesis/base.ogg,8408,8399b3a44e5c51ced41f8a1a8be947ea9998d9ccb04279a8d34fa135ac8f0040,3245372,False,Infinity,Infinity
ringedgenesis,Ringed Genesis,1,PRS,8,Infinity songlist,assets/songs/ringedgenesis/1.aff,assets/songs/ringedgenesis/base.ogg,13447,8765ad32d1fdbaced34a3286fa4ff95b5d697c412b294091617698bdf7ddf0a5,3245372,False,Infinity,Infinity
ringedgenesis,Ringed Genesis,2,FTR,10,Infinity songlist,assets/songs/ringedgenesis/2.aff,assets/songs/ringedgenesis/base.ogg,33409,4a26823c8256e261189000288f92a21de21ae7516613411b09dd472015de025e,3245372,False,Infinity,Infinity
chelsea,Chelsea,0,PST,3,Infinity songlist,assets/songs/chelsea/0.aff,assets/songs/chelsea/base.ogg,5636,097be681fa936c10ac2c132f3b493f151c2aafedbd475cfc119ceac586ef283b,3151833,False,Infinity,Infinity
chelsea,Chelsea,1,PRS,6,Infinity songlist,assets/songs/chelsea/1.aff,assets/songs/chelsea/base.ogg,14242,41ea81125e231fdb5cd3e0f15ac9ac726eb9e985f719f80c9d767b8c8292b78d,3151833,False,Infinity,Infinity
chelsea,Chelsea,2,FTR,8,Infinity songlist,assets/songs/chelsea/2.aff,assets/songs/chelsea/base.ogg,24381,3a829b55a04b86a40a8b18239e252939d3527e6ca7cc28bf346fa391aade92eb,3151833,False,Infinity,Infinity
aiueoon,AI[UE]OON,0,PST,3,Infinity songlist,assets/songs/aiueoon/0.aff,assets/songs/aiueoon/base.ogg,5875,fa1ea1ce5ace811a15bec8539e27f6d42ac8b271921ca38edc88e807ff90a369,3454663,False,Infinity,Infinity
aiueoon,AI[UE]OON,1,PRS,6,Infinity songlist,assets/songs/aiueoon/1.aff,assets/songs/aiueoon/base.ogg,9272,6a535a98a32b16f3019984e354c0a010d44ebe39c3b82df20c5bd6c69e267e7d,3454663,False,Infinity,Infinity
aiueoon,AI[UE]OON,2,FTR,9,Infinity songlist,assets/songs/aiueoon/2.aff,assets/songs/aiueoon/base.ogg,20425,6cb35953509ac441c490af7cdb6e09f919346d14a3bc5c172ddb95002d52d1a3,3454663,False,Infinity,Infinity
melodyoflove,A Wandering Melody of Love,0,PST,3,Infinity songlist,assets/songs/melodyoflove/0.aff,assets/songs/melodyoflove/base.ogg,9508,3d819793c54fc25ea4635dde6636a57f1ad210e2897671a8f00c1443bb6b368f,3253606,False,Infinity,Infinity
melodyoflove,A Wandering Melody of Love,1,PRS,7,Infinity songlist,assets/songs/melodyoflove/1.aff,assets/songs/melodyoflove/base.ogg,18210,9e4175c6f3689278139f1ae075c6daf38f79bb4815a676f74538359f13939fef,3253606,False,Infinity,Infinity
melodyoflove,A Wandering Melody of Love,2,FTR,9,Infinity songlist,assets/songs/melodyoflove/2.aff,assets/songs/melodyoflove/base.ogg,37141,3a153ea8ede2986d37e943bbfff91c2455b80c9fe99a552d9e7dd17ce6e561bc,3253606,False,Infinity,Infinity
tiemedowngently,Tie me down gently,0,PST,3,Infinity songlist,assets/songs/tiemedowngently/0.aff,assets/songs/tiemedowngently/base.ogg,7761,2d9a5cc086e723222a9d1cb07f1b8858027b4fab7d6e1739401efa942f260a36,3389501,False,Infinity,Infinity
tiemedowngently,Tie me down gently,1,PRS,5,Infinity songlist,assets/songs/tiemedowngently/1.aff,assets/songs/tiemedowngently/base.ogg,14664,6e75c528c95ed30400963941651ab46b9f175bda23a9c1c109b44c6d6294135e,3389501,False,Infinity,Infinity
tiemedowngently,Tie me down gently,2,FTR,8,Infinity songlist,assets/songs/tiemedowngently/2.aff,assets/songs/tiemedowngently/base.ogg,28018,a29537c72a21e9ee3f18e8d5cab7b00f610e649f06565571c06667bb5fd8c38a,3389501,False,Infinity,Infinity
valhallazero,Valhalla:0,0,PST,4,Infinity songlist,assets/songs/valhallazero/0.aff,assets/songs/valhallazero/base.ogg,12073,dc33760499babbd04f7e2c406605421b50a11bbf1fcb8b31a73350d739d9943f,3452635,False,Infinity,Infinity
valhallazero,Valhalla:0,1,PRS,7,Infinity songlist,assets/songs/valhallazero/1.aff,assets/songs/valhallazero/base.ogg,13959,def19d6f5f797a18ba8a8aa3b3c72ff7a5e5864a46d50180839451bd64e01fcf,3452635,False,Infinity,Infinity
valhallazero,Valhalla:0,2,FTR,10,Infinity songlist,assets/songs/valhallazero/2.aff,assets/songs/valhallazero/base.ogg,36915,593cefd7fa20f1606d21b0312fa7d7715b364fc1489659978a858b5a090141c5,3452635,False,Infinity,Infinity
mirzam,Mirzam,0,PST,4,Infinity songlist,assets/songs/mirzam/0.aff,assets/songs/mirzam/base.ogg,13480,63f426a50a6709a7975b72d41778a81912ec570df252147f68e923e4c6bfc3b2,3595049,False,Infinity,Infinity
mirzam,Mirzam,1,PRS,7,Infinity songlist,assets/songs/mirzam/1.aff,assets/songs/mirzam/base.ogg,17475,34fde7b973a9ff71a3269b7339b47e86f53ac3cb0d49b21094408bf936846573,3595049,False,Infinity,Infinity
mirzam,Mirzam,2,FTR,9,Infinity songlist,assets/songs/mirzam/2.aff,assets/songs/mirzam/base.ogg,51279,70c5d89d62d74aa450256ce5167f5fcc928849e9d40451ebefe81874b802d829,3595049,False,Infinity,Infinity
diode,Diode,0,PST,2,Infinity songlist,assets/songs/diode/0.aff,assets/songs/diode/base.ogg,7057,3a67abd753be6cddc814913c63dd78b0f55a88fbe6879f6c8bb8e78b41133de1,3397183,False,Infinity,Infinity
diode,Diode,1,PRS,5,Infinity songlist,assets/songs/diode/1.aff,assets/songs/diode/base.ogg,10942,280c715f52b1961daf993ac1d904c89c48b946d727a919415f84f067299481ff,3397183,False,Infinity,Infinity
diode,Diode,2,FTR,8,Infinity songlist,assets/songs/diode/2.aff,assets/songs/diode/base.ogg,23893,46212e0173f5a3a9faabfccf65aa977483c1170d6927387dc965b97c9c06186e,3397183,False,Infinity,Infinity
freefall,FREEF4LL,0,PST,4,Infinity songlist,assets/songs/freefall/0.aff,assets/songs/freefall/base.ogg,11969,15ace829eaddbea25a1b3af88328f889c63b20d781be2cb27280c85660894518,3700493,False,Infinity,Infinity
freefall,FREEF4LL,1,PRS,7,Infinity songlist,assets/songs/freefall/1.aff,assets/songs/freefall/base.ogg,15682,66afc989dfe854fb5fb13a3f3fe6dd399e09c41d9e465c1844743b24f0c3367c,3700493,False,Infinity,Infinity
freefall,FREEF4LL,2,FTR,8,Infinity songlist,assets/songs/freefall/2.aff,assets/songs/freefall/base.ogg,42384,164fa0f6e9cd8e59b71623e72ee855bcf35c7d0d62ad0e222161d00fd57f51d6,3700493,False,Infinity,Infinity
freefall,FREEF4LL,3,BYD,9,Infinity songlist,assets/songs/freefall/3.aff,assets/songs/freefall/base.ogg,75036,435ed58f8bdcb77539b226703ed1f9347f089c1050ad2b9bc4f234b2a8865532,3700493,False,Infinity,Infinity
gloryroad,GLORY：ROAD,0,PST,4,Infinity songlist,assets/songs/gloryroad/0.aff,assets/songs/gloryroad/base.ogg,15622,191fb98e63cd71d002002cdbf4b8694fb6a44fc8c9f445eb37955be7bbf0dd51,3500306,False,Infinity,Infinity
gloryroad,GLORY：ROAD,1,PRS,7,Infinity songlist,assets/songs/gloryroad/1.aff,assets/songs/gloryroad/base.ogg,20630,add94196d26695b537ec13c6941b2317ca5034f93afcfd87f5bf801bcc76cc8a,3500306,False,Infinity,Infinity
gloryroad,GLORY：ROAD,2,FTR,10,Infinity songlist,assets/songs/gloryroad/2.aff,assets/songs/gloryroad/base.ogg,46568,7a990385cab235d4ce76d27b63f275366fecb85b4d06b255efa916bb8d3b7141,3500306,False,Infinity,Infinity
monochromeprincess,Monochrome Princess,0,PST,4,Infinity songlist,assets/songs/monochromeprincess/0.aff,assets/songs/monochromeprincess/base.ogg,8526,fc4d2f15785a0e3ed3ba206c9740c87e9086bd793478ba887c22e1241120cfe8,3329269,False,Infinity,Infinity
monochromeprincess,Monochrome Princess,1,PRS,7,Infinity songlist,assets/songs/monochromeprincess/1.aff,assets/songs/monochromeprincess/base.ogg,15918,b4ea13d34a3aa6341c959c4af015c66f01b6ce7cd8260a7fb97cc217b2ec321b,3329269,False,Infinity,Infinity
monochromeprincess,Monochrome Princess,2,FTR,9,Infinity songlist,assets/songs/monochromeprincess/2.aff,assets/songs/monochromeprincess/base.ogg,34722,c0abffb4bb27372fd804f20d095264e956879f83c39c67b60ddc2ecefabebbf7,3329269,False,Infinity,Infinity
heavenlycaress,Heavenly caress,0,PST,3,Infinity songlist,assets/songs/heavenlycaress/0.aff,assets/songs/heavenlycaress/base.ogg,8059,a91b1e8045e473455a9c3dfb8d6de126568b0f7673d0ecf7391b20053a6c7679,3290960,False,Infinity,Infinity
heavenlycaress,Heavenly caress,1,PRS,7,Infinity songlist,assets/songs/heavenlycaress/1.aff,assets/songs/heavenlycaress/base.ogg,13739,362867ac0b85d30d9dd34fc35db5ee5cf3de0499b80fa1c1c2bd621d3d78e02d,3290960,False,Infinity,Infinity
heavenlycaress,Heavenly caress,2,FTR,9,Infinity songlist,assets/songs/heavenlycaress/2.aff,assets/songs/heavenlycaress/base.ogg,55316,1e136e4390df2e1ef31cebe3dd90504d8658c6300dff6ef8c41514209ce89c9e,3290960,False,Infinity,Infinity
heavenlycaress,Heavenly caress,3,BYD,10,Infinity songlist,assets/songs/heavenlycaress/3.aff,assets/songs/heavenlycaress/base.ogg,47465,30e0c2f0f2fad314862ef625e06cad963915ae8c3468265e318057c8218e3366,3290960,False,Infinity,Infinity
senkyou,Senkyou,0,PST,3,Infinity songlist,assets/songs/senkyou/0.aff,assets/songs/senkyou/base.ogg,12972,b3f49d50c85ee81d4db030f12de1ff50f6dbb37cd93dcbd0bbc03d9d5236dbf2,3668303,False,Infinity,Infinity
senkyou,Senkyou,1,PRS,5,Infinity songlist,assets/songs/senkyou/1.aff,assets/songs/senkyou/base.ogg,18715,af71b0ed7a0b2c01d005aee2f2074960d314fa83d82f48591caa169bf1c1177b,3668303,False,Infinity,Infinity
senkyou,Senkyou,2,FTR,8,Infinity songlist,assets/songs/senkyou/2.aff,assets/songs/senkyou/base.ogg,29173,e770045bc00b19ec4484c261da3983214babadafb2520ca14977d6ded7b87c2c,3668303,False,Infinity,Infinity
filament,Filament,0,PST,4,Infinity songlist,assets/songs/filament/0.aff,assets/songs/filament/base.ogg,5753,02502a29c1972b683858bd4c8d13628e05a5161c0e42bc3e25b934a925b2e9b0,3465422,False,Infinity,Infinity
filament,Filament,1,PRS,7,Infinity songlist,assets/songs/filament/1.aff,assets/songs/filament/base.ogg,17413,8f4c259652b141f90f7cc201d896b62725e0c8fa4a957a4d79a76f08a901b16f,3465422,False,Infinity,Infinity
filament,Filament,2,FTR,9,Infinity songlist,assets/songs/filament/2.aff,assets/songs/filament/base.ogg,43646,0e73929cdf14f49731f274387d2acef2b55cdaa6c26333af3f20d383c990e626,3465422,False,Infinity,Infinity
avantraze,Avant Raze,0,PST,3,Infinity songlist,assets/songs/avantraze/0.aff,assets/songs/avantraze/base.ogg,11017,477fe0db9426fd1b71054f8938dcc14f4c6378266be30824da410a80b30d1733,3248732,False,Infinity,Infinity
avantraze,Avant Raze,1,PRS,6,Infinity songlist,assets/songs/avantraze/1.aff,assets/songs/avantraze/base.ogg,18708,72965cbb67f8521f7d68ef939764278f4c5c7ec17bdefd6da89eceaf57301c7c,3248732,False,Infinity,Infinity
avantraze,Avant Raze,2,FTR,9,Infinity songlist,assets/songs/avantraze/2.aff,assets/songs/avantraze/base.ogg,39002,3422e610bbcde5d9a815ef2d1a5db4fa3d7e94b39b973cde886cd183d0af1761,3248732,False,Infinity,Infinity
battlenoone,BATTLE NO.1,0,PST,3,Infinity songlist,assets/songs/battlenoone/0.aff,assets/songs/battlenoone/base.ogg,7453,2fd14007dcc4e3a0c5bacfc5198bec893958d95af7dafb0e14b3be1b92818d16,3214692,False,Infinity,Infinity
battlenoone,BATTLE NO.1,1,PRS,6,Infinity songlist,assets/songs/battlenoone/1.aff,assets/songs/battlenoone/base.ogg,14747,41f560fbb7c2c2c408b429518d3c1e814eb803af269b50403e4982257bdcc525,3214692,False,Infinity,Infinity
battlenoone,BATTLE NO.1,2,FTR,9,Infinity songlist,assets/songs/battlenoone/2.aff,assets/songs/battlenoone/base.ogg,44784,f35162c985e732445130d9410651c853b9f339869ca9ce98ef3bbb0f105bce2f,3214692,False,Infinity,Infinity
laqryma,La'qryma of the Wasteland,0,PST,3,Infinity songlist,assets/songs/laqryma/0.aff,assets/songs/laqryma/base.ogg,6395,ca7ff137fae5e57f8dd5a560e495657abc9c3e3c39a554d249b7ae02a1935c55,3476047,False,Infinity,Infinity
laqryma,La'qryma of the Wasteland,1,PRS,6,Infinity songlist,assets/songs/laqryma/1.aff,assets/songs/laqryma/base.ogg,11346,3a058ada1a39338a32166a4d2ef8acbc4a60093ca16f37689eb8fff99f056c6e,3476047,False,Infinity,Infinity
laqryma,La'qryma of the Wasteland,2,FTR,9,Infinity songlist,assets/songs/laqryma/2.aff,assets/songs/laqryma/base.ogg,27837,391e4c2fdaf6190a911db0e7015f15321ee2e32c303e0edd139614e3b6b1eaa7,3476047,False,Infinity,Infinity
laqryma,La'qryma of the Wasteland,3,BYD,10,Infinity songlist,assets/songs/laqryma/3.aff,assets/songs/laqryma/base.ogg,31169,adda7b562105be8b6e7d82c963a8ed0e9ce8cc69e813c8f48f85e3d2a6b5e3ba,3476047,False,Infinity,Infinity
einherjar,Einherjar Joker,0,PST,4,Infinity songlist,assets/songs/einherjar/0.aff,assets/songs/einherjar/base.ogg,5280,f0f89716e8537a00a5db7a13858b631c3b43fd796efeeab4f643ef5bd03f1fe8,3369969,False,Infinity,Infinity
einherjar,Einherjar Joker,1,PRS,7,Infinity songlist,assets/songs/einherjar/1.aff,assets/songs/einherjar/base.ogg,11142,fd520c87050407f85140fea9639bc425ac1e960643ba6bd9bb614df74e9ee1ed,3369969,False,Infinity,Infinity
einherjar,Einherjar Joker,2,FTR,9,Infinity songlist,assets/songs/einherjar/2.aff,assets/songs/einherjar/base.ogg,27272,687f76f902d4a831a443afe30a9730e94b47a29abc35f34d61041350c681a085,3369969,False,Infinity,Infinity
einherjar,Einherjar Joker,3,BYD,10,Infinity songlist,assets/songs/einherjar/3.aff,assets/songs/einherjar/base.ogg,62936,1c01540b0b50651455655b08b1aacf7c5f5d93f4fa479eba22bbe4be2c75addd,3369969,False,Infinity,Infinity
izana,IZANA,0,PST,5,Infinity songlist,assets/songs/izana/0.aff,assets/songs/izana/base.ogg,10700,2cd380b530115dbaf7bcfcf5c266e4cd1e30a71317ddb49664677ef84dba2ff5,3000206,False,Infinity,Infinity
izana,IZANA,1,PRS,8,Infinity songlist,assets/songs/izana/1.aff,assets/songs/izana/base.ogg,18009,3f997e9182fed20b23839af2fc260693d2e94b578865cc2d1cd1716cefba0c91,3000206,False,Infinity,Infinity
izana,IZANA,2,FTR,10,Infinity songlist,assets/songs/izana/2.aff,assets/songs/izana/base.ogg,35825,f06a21b61dd08e1772a2c24040346b05669b7416d68ceec9bed5f139e438f93e,3000206,False,Infinity,Infinity
saikyostronger,SAIKYO STRONGER,0,PST,5,Infinity songlist,assets/songs/saikyostronger/0.aff,assets/songs/saikyostronger/base.ogg,9032,29f50eb7d34e224432971153d173ace0bac6b9b9468301177bbe042fe9ab2dcd,3457633,False,Infinity,Infinity
saikyostronger,SAIKYO STRONGER,1,PRS,9,Infinity songlist,assets/songs/saikyostronger/1.aff,assets/songs/saikyostronger/base.ogg,24497,0a472966e92805e85b859d43747ba8ede836f1104eeff1fa2b607b68c60212dd,3457633,False,Infinity,Infinity
saikyostronger,SAIKYO STRONGER,2,FTR,11,Infinity songlist,assets/songs/saikyostronger/2.aff,assets/songs/saikyostronger/base.ogg,58145,71ef783334a534dedf232e8856daf1c73973ab0478770e13b811b432bcb48e64,3457633,False,Infinity,Infinity
worldexecuteme,world.execute(me);,0,PST,3,Infinity songlist,assets/songs/worldexecuteme/0.aff,assets/songs/worldexecuteme/base.ogg,11125,085cf07d9c76d5b69732462810623d8bec6fa6b1a634b423d8ac9c7965c92cf2,3678670,False,Infinity,Infinity
worldexecuteme,world.execute(me);,1,PRS,5,Infinity songlist,assets/songs/worldexecuteme/1.aff,assets/songs/worldexecuteme/base.ogg,21846,ee68699017d1ede51acbb55454ff90d51b3db86c91c651348a00f1a925b2ed32,3678670,False,Infinity,Infinity
worldexecuteme,world.execute(me);,2,FTR,8,Infinity songlist,assets/songs/worldexecuteme/2.aff,assets/songs/worldexecuteme/base.ogg,33964,6d8c688595916629fcf589c4188faab1344f0826092bcf953d462918f9092563,3678670,False,Infinity,Infinity
blrink,BLRINK,0,PST,3,Infinity songlist,assets/songs/blrink/0.aff,assets/songs/blrink/base.ogg,8133,694ea1e0067ef32e83b33ffadccce201f714c38e641cae9ad3274808c7e9125f,3984835,False,Infinity,Infinity
blrink,BLRINK,1,PRS,7,Infinity songlist,assets/songs/blrink/1.aff,assets/songs/blrink/base.ogg,14059,88e50ab6ab8c33c0b3801921aab1f8cb2a238778b708d2bddcfd631363c65816,3984835,False,Infinity,Infinity
blrink,BLRINK,2,FTR,9,Infinity songlist,assets/songs/blrink/2.aff,assets/songs/blrink/base.ogg,40186,299d87d550c89f7783e5fddb4807c23d2db87d8246b404a0446f5e85ce842f10,3984835,False,Infinity,Infinity
oblivia,Oblivia,0,PST,3,Infinity songlist,assets/songs/oblivia/0.aff,assets/songs/oblivia/base.ogg,7051,c19a8d1567ccb6c0b75c033ab80cb75c5f70f7191182be2b7f5a8f69754def32,3592166,False,Infinity,Infinity
oblivia,Oblivia,1,PRS,5,Infinity songlist,assets/songs/oblivia/1.aff,assets/songs/oblivia/base.ogg,9124,2eb24037d29db08b0c14d1cc3e81dd5eed4f303014557015938794210efee660,3592166,False,Infinity,Infinity
oblivia,Oblivia,2,FTR,8,Infinity songlist,assets/songs/oblivia/2.aff,assets/songs/oblivia/base.ogg,29277,68857c6238ef6e5a5109051a65a071d4775fe65d13a5b57d99588f317b5f3de9,3592166,False,Infinity,Infinity
oblivia,Oblivia,3,BYD,9,Infinity songlist,assets/songs/oblivia/3.aff,assets/songs/oblivia/base.ogg,39338,655050df8b45d39771cb1d3081fac5ac44833d2a1aa36f9e84735aaaab1d9f3e,3592166,False,Infinity,Infinity
amygdata,amygdata,0,PST,4,Infinity songlist,assets/songs/amygdata/0.aff,assets/songs/amygdata/base.ogg,7628,8df90460601f0e21f12f8671774c3b533af5e3761af00c1595efc743d5dd528f,3858955,False,Infinity,Infinity
amygdata,amygdata,1,PRS,7,Infinity songlist,assets/songs/amygdata/1.aff,assets/songs/amygdata/base.ogg,12147,c88470aebdb8c5470caa0213906deb11e4a0ef50170257989219c48637eed56d,3858955,False,Infinity,Infinity
amygdata,amygdata,2,FTR,9,Infinity songlist,assets/songs/amygdata/2.aff,assets/songs/amygdata/base.ogg,50660,f6f1863b1666c423c5dd83bc003b9e106d1f895ed91f43700fc4d84ba05e640c,3858955,False,Infinity,Infinity
corpssansorganes,corps-sans-organes,0,PST,4,Infinity songlist,assets/songs/corpssansorganes/0.aff,assets/songs/corpssansorganes/base.ogg,7990,7cc754960dfa0ba4cfb5972dd223d2c7af9eb3b07257318fcafb6ba05462100a,3787392,False,Infinity,Infinity
corpssansorganes,corps-sans-organes,1,PRS,7,Infinity songlist,assets/songs/corpssansorganes/1.aff,assets/songs/corpssansorganes/base.ogg,13744,a6a7e6e61a9a00e830909770c727a5a244102f30e397fc91507481f6ca653d96,3787392,False,Infinity,Infinity
corpssansorganes,corps-sans-organes,2,FTR,10,Infinity songlist,assets/songs/corpssansorganes/2.aff,assets/songs/corpssansorganes/base.ogg,57467,ed284fd1eb8de915bb2206b0519e8b1209408465c5330d6e60211da75cc20c5a,3787392,False,Infinity,Infinity
equilibrium,Equilibrium,0,PST,3,Infinity songlist,assets/songs/equilibrium/0.aff,assets/songs/equilibrium/base.ogg,6766,9a1ed12166188aa6e9ffba38e26f0554b9dd132547a9240e4ee367a76fe458fb,3333724,False,Infinity,Infinity
equilibrium,Equilibrium,1,PRS,6,Infinity songlist,assets/songs/equilibrium/1.aff,assets/songs/equilibrium/base.ogg,15033,509e0dd838c23cf41c6c5b5239da28a485f01ee9ae859a1101149357c1bd9e6f,3333724,False,Infinity,Infinity
equilibrium,Equilibrium,2,FTR,9,Infinity songlist,assets/songs/equilibrium/2.aff,assets/songs/equilibrium/base.ogg,31800,cf6abf00d26312ab488025603a916be5185977c849ba5b5b41bed6334ef2f757,3333724,False,Infinity,Infinity
antagonism,Antagonism,0,PST,4,Infinity songlist,assets/songs/antagonism/0.aff,assets/songs/antagonism/base.ogg,9126,beb73002247fe6a40c9a372783a9643e2675185bb6b906ff4851e700297ccc4c,3385079,False,Infinity,Infinity
antagonism,Antagonism,1,PRS,7,Infinity songlist,assets/songs/antagonism/1.aff,assets/songs/antagonism/base.ogg,14962,8112d18fa1a14d57445f0a3700eb1ae32a26f310d8d30fdeb82a369a7daf6a82,3385079,False,Infinity,Infinity
antagonism,Antagonism,2,FTR,9,Infinity songlist,assets/songs/antagonism/2.aff,assets/songs/antagonism/base.ogg,47507,502dbaa268d99c2c1f232d7ae1c02ed9fd54010c4d74f7befbe80b1e0f2a92a4,3385079,False,Infinity,Infinity
lostdesire,Lost Desire,0,PST,4,Infinity songlist,assets/songs/lostdesire/0.aff,assets/songs/lostdesire/base.ogg,11588,87a43346224fe6bf17edac3bfd028983186cab8dee432119c7ad084407f59fc4,3841148,False,Infinity,Infinity
lostdesire,Lost Desire,1,PRS,7,Infinity songlist,assets/songs/lostdesire/1.aff,assets/songs/lostdesire/base.ogg,19714,73a88bd001f477320e5d6b39d745e06c7f7039a335077038be8c2e86f829c013,3841148,False,Infinity,Infinity
lostdesire,Lost Desire,2,FTR,9,Infinity songlist,assets/songs/lostdesire/2.aff,assets/songs/lostdesire/base.ogg,48792,ce59c235aeaced9e6eca3eb1bea436bbb959675af8690aea5b8e4fe7af099fe5,3841148,False,Infinity,Infinity
dantalion,Dantalion,0,PST,5,Infinity songlist,assets/songs/dantalion/0.aff,assets/songs/dantalion/base.ogg,10619,b0d25d9a713475d380d3740f284fc2da4b4ea1c2a0addbd12439e83c08b88537,3696592,False,Infinity,Infinity
dantalion,Dantalion,1,PRS,8,Infinity songlist,assets/songs/dantalion/1.aff,assets/songs/dantalion/base.ogg,19143,fd5210e785fb7679eb3f990cc5cf97d1f6f1b7276d97964adfc45a9e12438cf2,3696592,False,Infinity,Infinity
dantalion,Dantalion,2,FTR,10,Infinity songlist,assets/songs/dantalion/2.aff,assets/songs/dantalion/base.ogg,51781,43ea25d9f88ef820f2c293b4eadd5ead3b66bc3b6e8aee8610da9f643a439062,3696592,False,Infinity,Infinity
ifi,#1f1e33,0,PST,5,Infinity songlist,assets/songs/ifi/0.aff,assets/songs/ifi/base.ogg,15038,d7761c7f287626124d0f99c320c3f2ca1e6fe1e4aad80f4f3cacc4a4384acb30,3959747,False,Infinity,Infinity
ifi,#1f1e33,1,PRS,9,Infinity songlist,assets/songs/ifi/1.aff,assets/songs/ifi/base.ogg,27322,f6a37158273792b4c2b9136d0cc10c658fbdfe0ec3d27dcdf8771748532a6793,3959747,False,Infinity,Infinity
ifi,#1f1e33,2,FTR,11,Infinity songlist,assets/songs/ifi/2.aff,assets/songs/ifi/base.ogg,71402,172341d9163003a6e3e2894324a6ab12ede4db84c5a412290eb3f423aa6baba3,3959747,False,Infinity,Infinity
tempestissimo,Tempestissimo,0,PST,7,Infinity songlist,assets/songs/tempestissimo/0.aff,assets/songs/tempestissimo/base.ogg,17009,b9410c6fe5354b98dca2dfa38728e8e77544ac61a556e2994fadba44161d600d,3330349,False,Infinity,Infinity
tempestissimo,Tempestissimo,1,PRS,9,Infinity songlist,assets/songs/tempestissimo/1.aff,assets/songs/tempestissimo/base.ogg,30032,76274e0dbe0f1243d2ec3df4f7f42330089d614523b744b5c0cbd2754380e196,3330349,False,Infinity,Infinity
tempestissimo,Tempestissimo,2,FTR,10,Infinity songlist,assets/songs/tempestissimo/2.aff,assets/songs/tempestissimo/base.ogg,36508,e56049d1bc6c8e3bef0a44c37461624c25f596a8101092778cebc3b8213c6be5,3330349,False,Infinity,Infinity
tempestissimo,Tempestissimo,3,BYD,11,Infinity songlist,assets/songs/tempestissimo/3.aff,assets/songs/tempestissimo/base.ogg,68305,b431d6120669859c1929d68abea15aee57685b5481e5879f0a0b3dc8407afd47,3330349,False,Infinity,Infinity
arcahv,Arcahv,0,PST,4,Infinity songlist,assets/songs/arcahv/0.aff,assets/songs/arcahv/base.ogg,23234,3a29efb3a91433624dedfc97b6b97454d47a05085f2cd0c4d43ec547a331ac24,4027125,False,Infinity,Infinity
arcahv,Arcahv,1,PRS,7,Infinity songlist,assets/songs/arcahv/1.aff,assets/songs/arcahv/base.ogg,31990,398a869a9b30f21f842347e82278621d5e52d71129290d7c1430d9f924d2d648,4027125,False,Infinity,Infinity
arcahv,Arcahv,2,FTR,9,Infinity songlist,assets/songs/arcahv/2.aff,assets/songs/arcahv/base.ogg,56348,02cd141957926c2b83b5c80c8a8626e5f055af2c1f15fb07b3b95a3e3a761e85,4027125,False,Infinity,Infinity
altale,Altale,0,PST,2,Infinity songlist,assets/songs/altale/0.aff,assets/songs/altale/base.ogg,5818,4af0df05f9a3d700c2e9c96afbb3eb53599bc24d9aed96bd272904d3111688b9,3699248,False,Infinity,Infinity
altale,Altale,1,PRS,5,Infinity songlist,assets/songs/altale/1.aff,assets/songs/altale/base.ogg,8220,a14267f52242075b9d540c4c24b3be69717ed12b2b52871f49ad03ff7d01b800,3699248,False,Infinity,Infinity
altale,Altale,2,FTR,9,Infinity songlist,assets/songs/altale/2.aff,assets/songs/altale/base.ogg,22652,498f252b483a3518c817d2fa3dc49a710df7cad216b50cad6495e1ada34f0b26,3699248,False,Infinity,Infinity
altale,Altale,3,BYD,10,Infinity songlist,assets/songs/altale/3.aff,assets/songs/altale/base.ogg,61011,5f2c2105ded2ef6e1cc0f044b86a3875d043180b8a5a6a8562d3483f0f1c6547,3699248,False,Infinity,Infinity
givemeanightmare,Give Me a Nightmare,0,PST,3,Infinity songlist,assets/songs/givemeanightmare/0.aff,assets/songs/givemeanightmare/base.ogg,6820,d647a55dde9e5b7b906eefc27888b750576294efe8136fd841d560f240bd2500,3802659,False,Infinity,Infinity
givemeanightmare,Give Me a Nightmare,1,PRS,5,Infinity songlist,assets/songs/givemeanightmare/1.aff,assets/songs/givemeanightmare/base.ogg,15866,59bcf75d5cd47e281866238eb93b4558bb3b057be19cbcc88e3578c23d090fa0,3802659,False,Infinity,Infinity
givemeanightmare,Give Me a Nightmare,2,FTR,8,Infinity songlist,assets/songs/givemeanightmare/2.aff,assets/songs/givemeanightmare/base.ogg,28352,3a36d0a79d6536c43c7e71606f1d0e7601be9e952917ed68403797f2c0f826eb,3802659,False,Infinity,Infinity
blacklotus,Black Lotus,0,PST,3,Infinity songlist,assets/songs/blacklotus/0.aff,assets/songs/blacklotus/base.ogg,11546,009ca69e636a300bd850a34424266900f49ce1418fcb5f104690e4240f55f807,2795258,False,Infinity,Infinity
blacklotus,Black Lotus,1,PRS,6,Infinity songlist,assets/songs/blacklotus/1.aff,assets/songs/blacklotus/base.ogg,14206,611b498a3e18ebb743b8707a9ec0d2c04d5acc0feaec43a8ad1723d28ce1da2a,2795258,False,Infinity,Infinity
blacklotus,Black Lotus,2,FTR,9,Infinity songlist,assets/songs/blacklotus/2.aff,assets/songs/blacklotus/base.ogg,40025,85ca6f026bd4fc06e3a684edde457dcbd9dea96d84a509968e48a4002e63328e,2795258,False,Infinity,Infinity
gekka,Gekka (Short Version),0,PST,4,Infinity songlist,assets/songs/gekka/0.aff,assets/songs/gekka/base.ogg,8084,0b4ceb25ccd5a3eb515a94d2c983e313435a6d721dea8be5a24d0d09358cbbe7,3992776,False,Infinity,Infinity
gekka,Gekka (Short Version),1,PRS,6,Infinity songlist,assets/songs/gekka/1.aff,assets/songs/gekka/base.ogg,15235,f7e15b62e3f8b09002d1df8efa7f071e683efeee6ba89232d804a3be511e21b7,3992776,False,Infinity,Infinity
gekka,Gekka (Short Version),2,FTR,8,Infinity songlist,assets/songs/gekka/2.aff,assets/songs/gekka/base.ogg,27869,e1a0d867071320a715500f13fa60324b360322652f87eac6c675e791e8a3f829,3992776,False,Infinity,Infinity
vividtheory,Vivid Theory,0,PST,2,Infinity songlist,assets/songs/vividtheory/0.aff,assets/songs/vividtheory/base.ogg,4798,5bc9aa561b5984c2c0c1f562d79b0910037a48bfaa70316f35baed5175168de0,3599898,False,Infinity,Infinity
vividtheory,Vivid Theory,1,PRS,5,Infinity songlist,assets/songs/vividtheory/1.aff,assets/songs/vividtheory/base.ogg,10326,1e98aedb1594ad53469dc21803b114d0dae26e21124ff9bd111f520f3cfe690f,3599898,False,Infinity,Infinity
vividtheory,Vivid Theory,2,FTR,8,Infinity songlist,assets/songs/vividtheory/2.aff,assets/songs/vividtheory/base.ogg,28406,32c517a3effbfff358c4ad6915bcf69aa90101525547ced0a054026aeacb6f49,3599898,False,Infinity,Infinity
onefr,1F√,0,PST,2,Infinity songlist,assets/songs/onefr/0.aff,assets/songs/onefr/base.ogg,4909,8a52ab7e6c1ef3a767612128fca1de92b944844028f9486ceedec19d7d2eb8d0,3411334,False,Infinity,Infinity
onefr,1F√,1,PRS,6,Infinity songlist,assets/songs/onefr/1.aff,assets/songs/onefr/base.ogg,10221,e321904d4560cf2d8784d660ce865ca87f30f9a9587e8a48fd94a26ebf9c990f,3411334,False,Infinity,Infinity
onefr,1F√,2,FTR,8,Infinity songlist,assets/songs/onefr/2.aff,assets/songs/onefr/base.ogg,16629,5ce3d6153d01b0c87dd76870ea76e948396b5b1e03d2c17f8e1fe846cf397a4b,3411334,False,Infinity,Infinity
scarletcage,Scarlet Cage,0,PST,4,Infinity songlist,assets/songs/scarletcage/0.aff,assets/songs/scarletcage/base.ogg,12246,fd9dd37506eb17f9bc1cc26bb9b86fd91ee9a6af9110fcc6bdef61cc8f8228de,3828096,False,Infinity,Infinity
scarletcage,Scarlet Cage,1,PRS,7,Infinity songlist,assets/songs/scarletcage/1.aff,assets/songs/scarletcage/base.ogg,17716,c64da56b0ee9cd7682987a2eb7714462ceedeef4a5f10113423526422cd0939a,3828096,False,Infinity,Infinity
scarletcage,Scarlet Cage,2,FTR,9,Infinity songlist,assets/songs/scarletcage/2.aff,assets/songs/scarletcage/base.ogg,41184,9a458db9c70db76327c7905e2b44199b08530ca8f41d2cb33239c4a01baf7d5b,3828096,False,Infinity,Infinity
faintlight,Faint Light (Arcaea Edit),0,PST,3,Infinity songlist,assets/songs/faintlight/0.aff,assets/songs/faintlight/base.ogg,6639,94c694268f14c52009ca8ab3deae7455e653455aee9f9c4bf708ec675c974970,3821704,False,Infinity,Infinity
faintlight,Faint Light (Arcaea Edit),1,PRS,6,Infinity songlist,assets/songs/faintlight/1.aff,assets/songs/faintlight/base.ogg,9357,f22d5c31239800a98ca614d98c1b26e801438a57bcde0b4b9aa15dc5a0aec5e0,3821704,False,Infinity,Infinity
faintlight,Faint Light (Arcaea Edit),2,FTR,9,Infinity songlist,assets/songs/faintlight/2.aff,assets/songs/faintlight/base.ogg,20359,aeca5a99ee944aa3a5a4d7aec60b1917379555b51e04800a84dca23e4b10cf1f,3821704,False,Infinity,Infinity
feelssoright,Feels So Right feat. Renko,0,PST,3,Infinity songlist,assets/songs/feelssoright/0.aff,assets/songs/feelssoright/base.ogg,10073,ca793d60bbc8c606c66e527bbd2e0f48981ed44e2239cf76df5eccbd6dee3b79,3273214,False,Infinity,Infinity
feelssoright,Feels So Right feat. Renko,1,PRS,6,Infinity songlist,assets/songs/feelssoright/1.aff,assets/songs/feelssoright/base.ogg,14792,9832305053e83e02387d7508f32d579b530c606e963d78c4828258a8c3a75725,3273214,False,Infinity,Infinity
feelssoright,Feels So Right feat. Renko,2,FTR,9,Infinity songlist,assets/songs/feelssoright/2.aff,assets/songs/feelssoright/base.ogg,36787,c9be6b9cc64316d0089f7b569ec3f052b2e4368ef0d74513e9e060bb38da32c8,3273214,False,Infinity,Infinity
teriqma,Teriqma,0,PST,3,Infinity songlist,assets/songs/teriqma/0.aff,assets/songs/teriqma/base.ogg,7579,b7db66abf634cf765425685914184802c5a5c6cafba337db2ee195dc2a9d9095,3563149,False,Infinity,Infinity
teriqma,Teriqma,1,PRS,6,Infinity songlist,assets/songs/teriqma/1.aff,assets/songs/teriqma/base.ogg,10274,c6306b80b02b026c97eef314eb7db52789bf44c54f7753027546a4c3fa0c55da,3563149,False,Infinity,Infinity
teriqma,Teriqma,2,FTR,9,Infinity songlist,assets/songs/teriqma/2.aff,assets/songs/teriqma/base.ogg,28011,c38a25b200f65ce1b8afd15d400199ea98e89989ed58fe30c7e3bbdb87fe25be,3563149,False,Infinity,Infinity
teriqma,Teriqma,3,BYD,9,Infinity songlist,assets/songs/teriqma/3.aff,assets/songs/teriqma/base.ogg,59390,1dedfe13170087388496d51ab7fd8e3dc2479d361d79537cd315f672b8b8c8ad,3563149,False,Infinity,Infinity
mahoroba,MAHOROBA,0,PST,3,Infinity songlist,assets/songs/mahoroba/0.aff,assets/songs/mahoroba/base.ogg,7425,894cc19347b826cb80ed8ef6b1a4a5b8311c5a1e1d5be445b8094859084abce6,2972518,False,Infinity,Infinity
mahoroba,MAHOROBA,1,PRS,6,Infinity songlist,assets/songs/mahoroba/1.aff,assets/songs/mahoroba/base.ogg,11766,50f28a9d21981cfe5416d30a532714676d00de7874ff13db7ea555df0cf44f2e,2972518,False,Infinity,Infinity
mahoroba,MAHOROBA,2,FTR,9,Infinity songlist,assets/songs/mahoroba/2.aff,assets/songs/mahoroba/base.ogg,30713,380b5722ba87521f41fbc8c266200a5236cfd0b73a80484d0006fe7331e67c20,2972518,False,Infinity,Infinity
badtek,BADTEK,0,PST,4,Infinity songlist,assets/songs/badtek/0.aff,assets/songs/badtek/base.ogg,8556,e647d921348f375ca41de7e30e0030b15b75e4d597d69e28519b40b280310659,2856003,False,Infinity,Infinity
badtek,BADTEK,1,PRS,7,Infinity songlist,assets/songs/badtek/1.aff,assets/songs/badtek/base.ogg,12115,e6d7a4cf37210d26690e68e78703c4d065dd2f67ccc65e24c8872d632252b1d3,2856003,False,Infinity,Infinity
badtek,BADTEK,2,FTR,9,Infinity songlist,assets/songs/badtek/2.aff,assets/songs/badtek/base.ogg,34686,ab02e1da0b8bc36b03c33ba27ca51f8c4274270a0dfdc0a2ee0aee2f2a82a307,2856003,False,Infinity,Infinity
maliciousmischance,Malicious Mischance,0,PST,4,Infinity songlist,assets/songs/maliciousmischance/0.aff,assets/songs/maliciousmischance/base.ogg,7081,8113eb1796c69a8df19472afedb0ad0ab988e64509a2401e63970a3bc0d26a3d,3344323,False,Infinity,Infinity
maliciousmischance,Malicious Mischance,1,PRS,7,Infinity songlist,assets/songs/maliciousmischance/1.aff,assets/songs/maliciousmischance/base.ogg,21352,cd78d6e90deb707562e207a5464167aa4aca563b539199a805c5483bb331979b,3344323,False,Infinity,Infinity
maliciousmischance,Malicious Mischance,2,FTR,10,Infinity songlist,assets/songs/maliciousmischance/2.aff,assets/songs/maliciousmischance/base.ogg,55573,64ec4241e69578280fd212afe50b3e6f2dcfda282c6b4b1875577a54f4b53c8f,3344323,False,Infinity,Infinity
gothiveofra,Got hive of Ra,0,PST,3,Infinity songlist,assets/songs/gothiveofra/0.aff,assets/songs/gothiveofra/base.ogg,10518,5612310a62f5155a1c35ca9d6f6ed1d0f720a7c7dfa86d1838a7df5f4da7f4a7,3068237,False,Infinity,Infinity
gothiveofra,Got hive of Ra,1,PRS,6,Infinity songlist,assets/songs/gothiveofra/1.aff,assets/songs/gothiveofra/base.ogg,15866,a5dde8eadfaa69e7d2ea8e7858453ee88fa1667a113242defdb39c9e91cfca4e,3068237,False,Infinity,Infinity
gothiveofra,Got hive of Ra,2,FTR,9,Infinity songlist,assets/songs/gothiveofra/2.aff,assets/songs/gothiveofra/base.ogg,38654,58983d73a919c94ad7a9b7154e9297471c2b176116987df126122d4c604ae814,3068237,False,Infinity,Infinity
buchigireberserker,BUCHiGiRE Berserker,0,PST,5,Infinity songlist,assets/songs/buchigireberserker/0.aff,assets/songs/buchigireberserker/base.ogg,17033,1c16ddd5f79b216d5287a3682cfcc312d3699ce91ae72bc3277518f5d08e7583,3612347,False,Infinity,Infinity
buchigireberserker,BUCHiGiRE Berserker,1,PRS,8,Infinity songlist,assets/songs/buchigireberserker/1.aff,assets/songs/buchigireberserker/base.ogg,24547,66c8ff3385cc14f6c5630e5e39593c9360bf1ff7202cd3e280ef8b36ec9492ef,3612347,False,Infinity,Infinity
buchigireberserker,BUCHiGiRE Berserker,2,FTR,10,Infinity songlist,assets/songs/buchigireberserker/2.aff,assets/songs/buchigireberserker/base.ogg,54724,3def9a10ef45dbf7ef9d3711596fad357dd2509d0fd48fa0b80079231404f56b,3612347,False,Infinity,Infinity
galaxyfriends,Galaxy Friends,0,PST,3,Infinity songlist,assets/songs/galaxyfriends/0.aff,assets/songs/galaxyfriends/base.ogg,6639,fff32e9bfa04631f8fabd7fd5e32819564e9cb23e1dfb7cf552ebd9fa7420324,3148282,False,Infinity,Infinity
galaxyfriends,Galaxy Friends,1,PRS,6,Infinity songlist,assets/songs/galaxyfriends/1.aff,assets/songs/galaxyfriends/base.ogg,11089,1f0e718a82be7bc45c4d18fbe5e1a1834464b50046b5adcc09eda49f2462caf4,3148282,False,Infinity,Infinity
galaxyfriends,Galaxy Friends,2,FTR,9,Infinity songlist,assets/songs/galaxyfriends/2.aff,assets/songs/galaxyfriends/base.ogg,32871,7ea67fddf70d2f1e82c3779d7ec25c451f00822c141f24de7ab3f494fc3a5ee3,3148282,False,Infinity,Infinity
crossover,CROSS†OVER,0,PST,4,Infinity songlist,assets/songs/crossover/0.aff,assets/songs/crossover/base.ogg,14682,356e1260d7db9c0a0a88d69187c162aebb16809f16e91a2d029f3b8248c6a8d7,3642806,False,Infinity,Infinity
crossover,CROSS†OVER,1,PRS,6,Infinity songlist,assets/songs/crossover/1.aff,assets/songs/crossover/base.ogg,17939,71e7f8bd5d9f910b73a01e53ffada2bc5474fc7bca62e558fe43617521f7e79b,3642806,False,Infinity,Infinity
crossover,CROSS†OVER,2,FTR,9,Infinity songlist,assets/songs/crossover/2.aff,assets/songs/crossover/base.ogg,42605,b9ab137b2749f874354ccdb70336d3dc5e1109b21651e3e15f8831c4a4af869d,3642806,False,Infinity,Infinity
xeraphinite,Xeraphinite,0,PST,3,Infinity songlist,assets/songs/xeraphinite/0.aff,assets/songs/xeraphinite/base.ogg,7362,beb1942656974f782783f8dcbb5cabfe1b15f3f659cd18178fbe2fe1786befad,3510569,False,Infinity,Infinity
xeraphinite,Xeraphinite,1,PRS,7,Infinity songlist,assets/songs/xeraphinite/1.aff,assets/songs/xeraphinite/base.ogg,15633,dd2a5a3c5fda6f3ff33cd6119ca795283ce9e8714991767854218bb9a9a2dac7,3510569,False,Infinity,Infinity
xeraphinite,Xeraphinite,2,FTR,9,Infinity songlist,assets/songs/xeraphinite/2.aff,assets/songs/xeraphinite/base.ogg,40048,d00ae0bfa7bcfaa4e0afcd4b906e9b7a828a1ccdb7395c04027751d50d2cc40a,3510569,False,Infinity,Infinity
lapis,Lapis,0,PST,2,Infinity songlist,assets/songs/lapis/0.aff,assets/songs/lapis/base.ogg,4906,5e52a4eb85cf5e091ca3d3074d0d2f83ce07960754360061be5f7098e7f2cb47,3356386,False,Infinity,Infinity
lapis,Lapis,1,PRS,6,Infinity songlist,assets/songs/lapis/1.aff,assets/songs/lapis/base.ogg,10297,5088762258d033bbaaf7262c2ce222a3fe7ad692cf60b82f51dbeee52f601446,3356386,False,Infinity,Infinity
lapis,Lapis,2,FTR,9,Infinity songlist,assets/songs/lapis/2.aff,assets/songs/lapis/base.ogg,24989,ceda45d07852fa3c930fb8ce93d5afa27f3414da0fca00772adaddf9fa8de097,3356386,False,Infinity,Infinity
xanatos,Xanatos,0,PST,4,Infinity songlist,assets/songs/xanatos/0.aff,assets/songs/xanatos/base.ogg,12353,363cdb7d48df60b08275df194667d7290ba52694a90dd9b647029de227a5410a,3836961,False,Infinity,Infinity
xanatos,Xanatos,1,PRS,7,Infinity songlist,assets/songs/xanatos/1.aff,assets/songs/xanatos/base.ogg,21901,06d1448a5cfdc06b47ff72526e61428ed0d8184f4e278efe8bf3b17801ed355d,3836961,False,Infinity,Infinity
xanatos,Xanatos,2,FTR,10,Infinity songlist,assets/songs/xanatos/2.aff,assets/songs/xanatos/base.ogg,50645,477ff8b37237339c937ddbf92d53387f4f1b3076aa160ecffbe952007ad3a634,3836961,False,Infinity,Infinity
purpleverse,Purple Verse,0,PST,4,Infinity songlist,assets/songs/purpleverse/0.aff,assets/songs/purpleverse/base.ogg,15326,6a87dec100ba58798366ccfe931cece8ca7b81985923e570dc2b0dc749a5158a,3528522,False,Infinity,Infinity
purpleverse,Purple Verse,1,PRS,7,Infinity songlist,assets/songs/purpleverse/1.aff,assets/songs/purpleverse/base.ogg,21876,896b99215140ffef52d7eb57c6c7ecc97ab312391c97b50ed010b2dddb4ce607,3528522,False,Infinity,Infinity
purpleverse,Purple Verse,2,FTR,9,Infinity songlist,assets/songs/purpleverse/2.aff,assets/songs/purpleverse/base.ogg,36621,fc8a3f6a4408cd69a07beca4c78ecc136ee5cdba2d4ac01645f1c69e9075a3c4,3528522,False,Infinity,Infinity
purpleverse,Purple Verse,3,BYD,10,Infinity songlist,assets/songs/purpleverse/3.aff,assets/songs/purpleverse/base.ogg,63717,9346846e423e39bff7da2a993256e850f50ee776e45574e18651f3a22ef3be91,3528522,False,Infinity,Infinity
alicealamode,Alice à la mode,0,PST,2,Infinity songlist,assets/songs/alicealamode/0.aff,assets/songs/alicealamode/base.ogg,12205,003fc0b07cb615aedf87498bbf9adf6a0fe4f88be833c1aae06e5cbb7aaf320f,3663619,False,Infinity,Infinity
alicealamode,Alice à la mode,1,PRS,6,Infinity songlist,assets/songs/alicealamode/1.aff,assets/songs/alicealamode/base.ogg,18659,d630eb95feb20a337fe71fac269e6eb6ca51faa7710d1796ebf254e590d09064,3663619,False,Infinity,Infinity
alicealamode,Alice à la mode,2,FTR,9,Infinity songlist,assets/songs/alicealamode/2.aff,assets/songs/alicealamode/base.ogg,36377,f4d7186e18c30385c8c45be11ad58789df587dc355e0ceb3dfab521588cd30ed,3663619,False,Infinity,Infinity
eccentrictale,Eccentric Tale,0,PST,2,Infinity songlist,assets/songs/eccentrictale/0.aff,assets/songs/eccentrictale/base.ogg,9312,82c68f26b5506ad5fa1ae66efaae1b251b385873a85455168092f3145336d8f5,3331135,False,Infinity,Infinity
eccentrictale,Eccentric Tale,1,PRS,5,Infinity songlist,assets/songs/eccentrictale/1.aff,assets/songs/eccentrictale/base.ogg,11216,d6a11267429ddebec4fbf8d80e6d7bffec0e2eca7be36d0a49ce6eb562605cd1,3331135,False,Infinity,Infinity
eccentrictale,Eccentric Tale,2,FTR,8,Infinity songlist,assets/songs/eccentrictale/2.aff,assets/songs/eccentrictale/base.ogg,19042,1a890b1b755bfef5d05df285aea9dcd88e742c214092487323a59e160cc7d593,3331135,False,Infinity,Infinity
eccentrictale,Eccentric Tale,3,BYD,9,Infinity songlist,assets/songs/eccentrictale/3.aff,assets/songs/eccentrictale/base.ogg,35565,cecbb4023b9e4b84f747d7f4d6437afec3a6ec44acea2219188340bd93636013,3331135,False,Infinity,Infinity
alicessuitcase,Alice's Suitcase,0,PST,3,Infinity songlist,assets/songs/alicessuitcase/0.aff,assets/songs/alicessuitcase/base.ogg,9281,6a6617e5360572de691d4e0b4d866ef9005d3adeedd22893ed3432133581855b,3678248,False,Infinity,Infinity
alicessuitcase,Alice's Suitcase,1,PRS,6,Infinity songlist,assets/songs/alicessuitcase/1.aff,assets/songs/alicessuitcase/base.ogg,11346,907697cdc2f59b585e131f5ee60f4d853e377d4d5b63568d6825b2df0a8b8c80,3678248,False,Infinity,Infinity
alicessuitcase,Alice's Suitcase,2,FTR,9,Infinity songlist,assets/songs/alicessuitcase/2.aff,assets/songs/alicessuitcase/base.ogg,32699,32212f58ba08179ef4f888ed689606d483504c282a59f29123a11d0eb9072b61,3678248,False,Infinity,Infinity
jump,Jump,0,PST,4,Infinity songlist,assets/songs/jump/0.aff,assets/songs/jump/base.ogg,12308,38fb1eedfb9160f1c25f282d44d2cac21bfea2d4c8a7b461eb5b0a5bea366210,3635733,False,Infinity,Infinity
jump,Jump,1,PRS,6,Infinity songlist,assets/songs/jump/1.aff,assets/songs/jump/base.ogg,15099,250e951819d6ef9fc2337fdb243690d68ba3ab68fa2b7930e321f8cc1b406b66,3635733,False,Infinity,Infinity
jump,Jump,2,FTR,9,Infinity songlist,assets/songs/jump/2.aff,assets/songs/jump/base.ogg,33943,ee2520e379eda797e681d9deb644bbf324e282bb370febb6a1718b81790b6231,3635733,False,Infinity,Infinity
felis,Felis,0,PST,4,Infinity songlist,assets/songs/felis/0.aff,assets/songs/felis/base.ogg,10059,de28b7f589cf370702746209985c4749086d0b30e5e5df208554dbce943c4839,3363407,False,Infinity,Infinity
felis,Felis,1,PRS,7,Infinity songlist,assets/songs/felis/1.aff,assets/songs/felis/base.ogg,17670,8ddc81e77035481455f187cd279898662ec54844f1002d29f79ae0308fbbb86b,3363407,False,Infinity,Infinity
felis,Felis,2,FTR,10,Infinity songlist,assets/songs/felis/2.aff,assets/songs/felis/base.ogg,48022,d63ac94d135d20dece5101fdd30219f31462d71f79995c3f36dd9c38d0f068fd,3363407,False,Infinity,Infinity
besideyou,Beside You,0,PST,2,Infinity songlist,assets/songs/besideyou/0.aff,assets/songs/besideyou/base.ogg,5753,5b22a2670b1b9fed5e19094d59bedcd6a4fb8834ce1e337766b85aa9e4f4b0a0,2688689,False,Infinity,Infinity
besideyou,Beside You,1,PRS,6,Infinity songlist,assets/songs/besideyou/1.aff,assets/songs/besideyou/base.ogg,11661,0e818a99401ea2c908c33db307c4d49de420f995d8f931d79d31cd873b4c4d83,2688689,False,Infinity,Infinity
besideyou,Beside You,2,FTR,8,Infinity songlist,assets/songs/besideyou/2.aff,assets/songs/besideyou/base.ogg,19686,83a09027314367eddb4abc0dc7c371fe353c5d6e83f64ef1b1dae8dd7de97495,2688689,False,Infinity,Infinity
heartjackin,Heart Jackin',0,PST,3,Infinity songlist,assets/songs/heartjackin/0.aff,assets/songs/heartjackin/base.ogg,8207,cf886862c399d981d7e343e1ab5f862ee0ade98697cfa07860e0801e5d703444,3826646,False,Infinity,Infinity
heartjackin,Heart Jackin',1,PRS,5,Infinity songlist,assets/songs/heartjackin/1.aff,assets/songs/heartjackin/base.ogg,12860,13b0505c274faed6bd19bc04f32351fc82c58b1c6d64c7c57044337c6592ec97,3826646,False,Infinity,Infinity
heartjackin,Heart Jackin',2,FTR,9,Infinity songlist,assets/songs/heartjackin/2.aff,assets/songs/heartjackin/base.ogg,35018,ea15c5cbfdd48c1226d665a0ac74edd7bb1a8c64cba82f71a69f880de5f34d06,3826646,False,Infinity,Infinity
toaliceliddell,To: Alice Liddell,0,PST,4,Infinity songlist,assets/songs/toaliceliddell/0.aff,assets/songs/toaliceliddell/base.ogg,8412,45019dea919b5db6dcb0b270826e5d9474a63728763f6aa4023e2fa8607a79bf,2890493,False,Infinity,Infinity
toaliceliddell,To: Alice Liddell,1,PRS,7,Infinity songlist,assets/songs/toaliceliddell/1.aff,assets/songs/toaliceliddell/base.ogg,14750,cb1a83004b1f314d72183bd44671fb1597b18d5b307e776466504343824c7216,2890493,False,Infinity,Infinity
toaliceliddell,To: Alice Liddell,2,FTR,10,Infinity songlist,assets/songs/toaliceliddell/2.aff,assets/songs/toaliceliddell/base.ogg,34751,ac47e7747b12e4f7f249b1c5e2334e6fa043bef7e345eb4a480c130937713eb9,2890493,False,Infinity,Infinity
lazyaddiction,Lazy Addiction,0,PST,2,Infinity songlist,assets/songs/lazyaddiction/0.aff,assets/songs/lazyaddiction/base.ogg,8843,97b4b20685c0f8271e53533be30d4482361cd58097c4a60cda0221479b3f2df8,3482497,False,Infinity,Infinity
lazyaddiction,Lazy Addiction,1,PRS,6,Infinity songlist,assets/songs/lazyaddiction/1.aff,assets/songs/lazyaddiction/base.ogg,14520,ee67129c29dc542a55b1ed1027955bc7c82bab97ec0b2162f8a7f798cbecb6d5,3482497,False,Infinity,Infinity
lazyaddiction,Lazy Addiction,2,FTR,9,Infinity songlist,assets/songs/lazyaddiction/2.aff,assets/songs/lazyaddiction/base.ogg,33349,eb00766c833f3c5e0303f4259e1fcf68e86d434057634882d21bc8d21bfb5153,3482497,False,Infinity,Infinity
dazzlehop,Dazzle hop,0,PST,3,Infinity songlist,assets/songs/dazzlehop/0.aff,assets/songs/dazzlehop/base.ogg,10320,f316debd975404f3d889a431258fce2797bb1f427dcb70d9b9ed81ca340d1beb,3179870,False,Infinity,Infinity
dazzlehop,Dazzle hop,1,PRS,6,Infinity songlist,assets/songs/dazzlehop/1.aff,assets/songs/dazzlehop/base.ogg,11842,cacea3513a70cc7ef50c3371a4c6b2d8e6596be441b9775acca2fc8e139b912b,3179870,False,Infinity,Infinity
dazzlehop,Dazzle hop,2,FTR,9,Infinity songlist,assets/songs/dazzlehop/2.aff,assets/songs/dazzlehop/base.ogg,36205,ecc05a6a361c844943628231ca6424ea50019235917ce7bf4c75ea4fcbd164fb,3179870,False,Infinity,Infinity
viyellastears,Viyella's Tears,0,PST,4,Infinity songlist,assets/songs/viyellastears/0.aff,assets/songs/viyellastears/base.ogg,11915,c93c1973d20a64af4ef8d00fa05fa4e6ad97ec01a4a4a6cd823d598d42d31b3b,3823430,False,Infinity,Infinity
viyellastears,Viyella's Tears,1,PRS,7,Infinity songlist,assets/songs/viyellastears/1.aff,assets/songs/viyellastears/base.ogg,24123,f5e5fb1a479a51d5e1a1e2e0cefa4763820426c05bed471e68404dde1611ecba,3823430,False,Infinity,Infinity
viyellastears,Viyella's Tears,2,FTR,10,Infinity songlist,assets/songs/viyellastears/2.aff,assets/songs/viyellastears/base.ogg,61441,a2ae7ab51324d952726fd2578495e2ecd916a66432930c41a9e5fb09008e4cef,3823430,False,Infinity,Infinity
omegafour,ω4,0,PST,3,Infinity songlist,assets/songs/omegafour/0.aff,assets/songs/omegafour/base.ogg,13053,3084b0370ee7183cf65419024775a572784cfb0d27eefc95c0ce00894273728e,4008345,False,Infinity,Infinity
omegafour,ω4,1,PRS,7,Infinity songlist,assets/songs/omegafour/1.aff,assets/songs/omegafour/base.ogg,21921,ec4788864e6b5068558b5d1a076977dc09d7f56211f6cef9a0afea04fd5923f5,4008345,False,Infinity,Infinity
omegafour,ω4,2,FTR,10,Infinity songlist,assets/songs/omegafour/2.aff,assets/songs/omegafour/base.ogg,175963,3e882ed30a90e98dafbe00eea3afe035fb58de45f85299aad39c47f2e32b64d3,4008345,False,Infinity,Infinity
aprilshowers,April showers,0,PST,2,Infinity songlist,assets/songs/aprilshowers/0.aff,assets/songs/aprilshowers/base.ogg,3788,56c5e72fc2811498a9bf23903c6e8d2153108845cd6f17fb8cd9781d9a90ef96,3140129,False,Infinity,Infinity
aprilshowers,April showers,1,PRS,5,Infinity songlist,assets/songs/aprilshowers/1.aff,assets/songs/aprilshowers/base.ogg,11493,2548e80d60350847924d57c8c5842089ff5935aec848e11b20f535eb706bbad2,3140129,False,Infinity,Infinity
aprilshowers,April showers,2,FTR,8,Infinity songlist,assets/songs/aprilshowers/2.aff,assets/songs/aprilshowers/base.ogg,24109,c06a2f9b2b76fc3cc160cec04759125e0aa01cf44e68252505caa3e108268f35,3140129,False,Infinity,Infinity
seventhsense,7thSense,0,PST,3,Infinity songlist,assets/songs/seventhsense/0.aff,assets/songs/seventhsense/base.ogg,10017,251267bef5d7e802922f85fad71bb27a898b9d4c0d269d5199235578f1cfecca,3145110,False,Infinity,Infinity
seventhsense,7thSense,1,PRS,7,Infinity songlist,assets/songs/seventhsense/1.aff,assets/songs/seventhsense/base.ogg,22301,d53681bd9581c9bbf937e0b163c44a2ef18505c236850ec5df81a542f1727ed2,3145110,False,Infinity,Infinity
seventhsense,7thSense,2,FTR,9,Infinity songlist,assets/songs/seventhsense/2.aff,assets/songs/seventhsense/base.ogg,36996,132392db671e99b5194e39b2b5cbb6b4f0deab7a9cf687727a5e0655b8c0b082,3145110,False,Infinity,Infinity
oshamascramble,Oshama Scramble!,0,PST,3,Infinity songlist,assets/songs/oshamascramble/0.aff,assets/songs/oshamascramble/base.ogg,6684,949f1759faa83c403ef38be23eb5492f6508e6c3ecaeb1c67dbce7cc2ef6d1fe,2960737,False,Infinity,Infinity
oshamascramble,Oshama Scramble!,1,PRS,6,Infinity songlist,assets/songs/oshamascramble/1.aff,assets/songs/oshamascramble/base.ogg,12709,b5e69797c3e675af114817f50c02301883e1018d2e54b18c3d0aa0eb8dcb6ecf,2960737,False,Infinity,Infinity
oshamascramble,Oshama Scramble!,2,FTR,10,Infinity songlist,assets/songs/oshamascramble/2.aff,assets/songs/oshamascramble/base.ogg,38879,f9e8227af26059a1b41b033d13216361dae712747ede3f873d910cb9907596af,2960737,False,Infinity,Infinity
amazingmightyyyy,AMAZING MIGHTYYYY!!!!,0,PST,4,Infinity songlist,assets/songs/amazingmightyyyy/0.aff,assets/songs/amazingmightyyyy/base.ogg,8742,414a6a7fcc316a55a5d9b368f7ed9ff579db2b49d6545a83f982dcb08af86b8d,3370341,False,Infinity,Infinity
amazingmightyyyy,AMAZING MIGHTYYYY!!!!,1,PRS,7,Infinity songlist,assets/songs/amazingmightyyyy/1.aff,assets/songs/amazingmightyyyy/base.ogg,19200,20efb1d504a4f4852010173a2b8dc13cd8acb764a4f9e35a7fe697d7e0ce219f,3370341,False,Infinity,Infinity
amazingmightyyyy,AMAZING MIGHTYYYY!!!!,2,FTR,10,Infinity songlist,assets/songs/amazingmightyyyy/2.aff,assets/songs/amazingmightyyyy/base.ogg,53512,4d3c97453b39570c946678e1ed25374c77394b521328fe387672489575285d30,3370341,False,Infinity,Infinity
climax,Climax,0,PST,4,Infinity songlist,assets/songs/climax/0.aff,assets/songs/climax/base.ogg,13466,576fc737b8e9f0156809b5e3a828b63ad7ca89b4b87ca7bc93aaa232af59ae76,3744039,False,Infinity,Infinity
climax,Climax,1,PRS,7,Infinity songlist,assets/songs/climax/1.aff,assets/songs/climax/base.ogg,27243,4d58f273758a82d5d97be5dd367d117fd3ba4079b55208fe37fec92083aec0a1,3744039,False,Infinity,Infinity
climax,Climax,2,FTR,10,Infinity songlist,assets/songs/climax/2.aff,assets/songs/climax/base.ogg,64795,29f8004fc67ee8f4b26d7e41aaf5affb5c66e09781fc483839a5c2ba528ad279,3744039,False,Infinity,Infinity
lastcelebration,Last Celebration,0,PST,3,Infinity songlist,assets/songs/lastcelebration/0.aff,assets/songs/lastcelebration/base.ogg,10190,9c4e3b955e7a98b0e4f198a8a34dd79a5b91fbc5fac3466498fabf582103b0ea,3784220,False,Infinity,Infinity
lastcelebration,Last Celebration,1,PRS,6,Infinity songlist,assets/songs/lastcelebration/1.aff,assets/songs/lastcelebration/base.ogg,15244,f9c9ba6d5b559adc1cebb4a3773d577d8ab73dee4e33a0611d50d3f7ab8c78a2,3784220,False,Infinity,Infinity
lastcelebration,Last Celebration,2,FTR,10,Infinity songlist,assets/songs/lastcelebration/2.aff,assets/songs/lastcelebration/base.ogg,34840,8e1f93cda3ae5f78d3a70f8f1a2df6dc1256180d7f98f603b96d2670454c0e7b,3784220,False,Infinity,Infinity
gou,Misdeed -la bonté de Dieu et l'origine du mal-,0,PST,5,Infinity songlist,assets/songs/gou/0.aff,assets/songs/gou/base.ogg,16675,2a577eb024d225b3498da486868c4196e965c50cce6088c4ea23ec64157a4b25,3985840,False,Infinity,Infinity
gou,Misdeed -la bonté de Dieu et l'origine du mal-,1,PRS,8,Infinity songlist,assets/songs/gou/1.aff,assets/songs/gou/base.ogg,29094,8c0d1a434b3efaf47d294e5ed37fdae0c509e8b334b31bd7ea3799331d565cf1,3985840,False,Infinity,Infinity
gou,Misdeed -la bonté de Dieu et l'origine du mal-,2,FTR,10,Infinity songlist,assets/songs/gou/2.aff,assets/songs/gou/base.ogg,69907,b639719ddec934b6a68f9f922e31566fe51e7e6318818590b1fddb39deb30a3e,3985840,False,Infinity,Infinity
glow,Glow,0,PST,4,Infinity songlist,assets/songs/glow/0.aff,assets/songs/glow/base.ogg,11513,9ba374bc8e8681495cb77459eb381524be4ce3b1c23ca02eaa00b715fbb26d07,3357745,False,Infinity,Infinity
glow,Glow,1,PRS,7,Infinity songlist,assets/songs/glow/1.aff,assets/songs/glow/base.ogg,17685,3ed4dc884dce008751260acce96f59c508cd6f1297dc281f36d917ced4f6782c,3357745,False,Infinity,Infinity
glow,Glow,2,FTR,9,Infinity songlist,assets/songs/glow/2.aff,assets/songs/glow/base.ogg,34490,f9fa8c65bf365d12d7dfbcbb84adb6d6ca452b871bcb9b7153dd49feee40a0fd,3357745,False,Infinity,Infinity
attraqtia,AttraqtiA,0,PST,4,Infinity songlist,assets/songs/attraqtia/0.aff,assets/songs/attraqtia/base.ogg,12779,7a19ff3657cc53c3efe792c4b0ab697af3b80629801e7acbbb6c616b3cd09a62,3848802,False,Infinity,Infinity
attraqtia,AttraqtiA,1,PRS,8,Infinity songlist,assets/songs/attraqtia/1.aff,assets/songs/attraqtia/base.ogg,27559,82ba2477520a99ad93e119e1678933822b158fb67bece6be47c6c053cd2823a9,3848802,False,Infinity,Infinity
attraqtia,AttraqtiA,2,FTR,10,Infinity songlist,assets/songs/attraqtia/2.aff,assets/songs/attraqtia/base.ogg,57633,eabc1e0067a9e5e868906fb8253177dcb267552014d0d5cb181f046467bf345a,3848802,False,Infinity,Infinity
enchantedlove,enchanted love,0,PST,2,Infinity songlist,assets/songs/enchantedlove/0.aff,assets/songs/enchantedlove/base.ogg,6052,f4c05ce165a83c4cd74fb15fde2d966b4fb3e4e18837a42fdd7e52a0b1600333,3223049,False,Infinity,Infinity
enchantedlove,enchanted love,1,PRS,4,Infinity songlist,assets/songs/enchantedlove/1.aff,assets/songs/enchantedlove/base.ogg,12224,aca091ea4320806822a96d94909f0522b0134432babd72d8e1c5ad90dfd5ec70,3223049,False,Infinity,Infinity
enchantedlove,enchanted love,2,FTR,8,Infinity songlist,assets/songs/enchantedlove/2.aff,assets/songs/enchantedlove/base.ogg,28345,d27d6132cbee2fd0fc2e91e5aeac4ffbeeb1d461976b47f664fb29c742ad2f0a,3223049,False,Infinity,Infinity
take,Bamboo,0,PST,3,Infinity songlist,assets/songs/take/0.aff,assets/songs/take/base.ogg,13081,7a6915835206e583350b4e3a140525727320d8c1e6fd907cff8c4df41183b6e4,3408577,False,Infinity,Infinity
take,Bamboo,1,PRS,6,Infinity songlist,assets/songs/take/1.aff,assets/songs/take/base.ogg,23458,afde65ab5dd2cfecab4de5b85ee8b5c134556be514c89be6fe6061731bccb7f8,3408577,False,Infinity,Infinity
take,Bamboo,2,FTR,10,Infinity songlist,assets/songs/take/2.aff,assets/songs/take/base.ogg,59258,25d6ebd02bd626d6e0cb399c7b62cde3c57d430f1dae2c89d72a5ac4ebeea3ee,3408577,False,Infinity,Infinity
gimmedablood,GIMME DA BLOOD,0,PST,3,Infinity songlist,assets/songs/gimmedablood/0.aff,assets/songs/gimmedablood/base.ogg,13373,1b2f1f71d2d2bde9fabb6543a8b7c46b47f83f36496aa157764ec8cb4b3b1adb,3245275,False,Infinity,Infinity
gimmedablood,GIMME DA BLOOD,1,PRS,7,Infinity songlist,assets/songs/gimmedablood/1.aff,assets/songs/gimmedablood/base.ogg,18551,3eb32507b5b166f1e02c421572d0b01a8506d57f2154048f5bd3ab421f3185af,3245275,False,Infinity,Infinity
gimmedablood,GIMME DA BLOOD,2,FTR,10,Infinity songlist,assets/songs/gimmedablood/2.aff,assets/songs/gimmedablood/base.ogg,43704,205ecb030041e0e157006984345f19c8ea12bdb3c6d31767e75b7e2c251f40f9,3245275,False,Infinity,Infinity
bassline,Can I Friend You on Bassbook? Lol,0,PST,3,Infinity songlist,assets/songs/bassline/0.aff,assets/songs/bassline/base.ogg,9186,5cf4c0953fd9ca06de7c0505b133324fd9a3df3491cd369a105d6a214899642a,3550017,False,Infinity,Infinity
bassline,Can I Friend You on Bassbook? Lol,1,PRS,6,Infinity songlist,assets/songs/bassline/1.aff,assets/songs/bassline/base.ogg,16126,295f81574289925da499882a9493d0f5732e7dd8c4a11e9b715c2590ff002820,3550017,False,Infinity,Infinity
bassline,Can I Friend You on Bassbook? Lol,2,FTR,9,Infinity songlist,assets/songs/bassline/2.aff,assets/songs/bassline/base.ogg,38817,924ffb7ea0698da69713885b79d08e2f630c672e80a5266560f833271461c867,3550017,False,Infinity,Infinity
lifeispiano,Life is PIANO,0,PST,3,Infinity songlist,assets/songs/lifeispiano/0.aff,assets/songs/lifeispiano/base.ogg,6249,a99309128588e044711948607b512831cc90449fb4577611701b766551a21b67,3174900,False,Infinity,Infinity
lifeispiano,Life is PIANO,1,PRS,6,Infinity songlist,assets/songs/lifeispiano/1.aff,assets/songs/lifeispiano/base.ogg,10426,15c085c79b25eb8ee27f66f7875ccbd59b9fc623333e63b1a89cd8095ba84479,3174900,False,Infinity,Infinity
lifeispiano,Life is PIANO,2,FTR,9,Infinity songlist,assets/songs/lifeispiano/2.aff,assets/songs/lifeispiano/base.ogg,19355,45d8ee2541cca7219ea38c79046a9d1fbf29cd499e7bb1877f827f434b82bcf8,3174900,False,Infinity,Infinity
paperwitch,Paper Witch,0,PST,2,Infinity songlist,assets/songs/paperwitch/0.aff,assets/songs/paperwitch/base.ogg,5934,e3b2bb4f532cf77438afe90049d4fcbc62da3d564d52220ca17fd4b2f557b1af,3621516,False,Infinity,Infinity
paperwitch,Paper Witch,1,PRS,5,Infinity songlist,assets/songs/paperwitch/1.aff,assets/songs/paperwitch/base.ogg,11671,02a13d6464a726a6b7315b7f47e474b09d38fcacdaa03311d33b06d2902198f7,3621516,False,Infinity,Infinity
paperwitch,Paper Witch,2,FTR,8,Infinity songlist,assets/songs/paperwitch/2.aff,assets/songs/paperwitch/base.ogg,25370,9f34e76e390cda4c038e29b2bdf1659237da0b55feb34fc6acbea2bab34f4d18,3621516,False,Infinity,Infinity
crystalgravity,Crystal Gravity,0,PST,3,Infinity songlist,assets/songs/crystalgravity/0.aff,assets/songs/crystalgravity/base.ogg,10034,8f406e97441a9d6ad73615b429458fa2e153dec95fba9326870976ac47e7e7cf,3010306,False,Infinity,Infinity
crystalgravity,Crystal Gravity,1,PRS,6,Infinity songlist,assets/songs/crystalgravity/1.aff,assets/songs/crystalgravity/base.ogg,15178,07c32f4a1aac4fdcff616d6afb4c8654fe50844dca48cd581a8ad46a5ace7a57,3010306,False,Infinity,Infinity
crystalgravity,Crystal Gravity,2,FTR,9,Infinity songlist,assets/songs/crystalgravity/2.aff,assets/songs/crystalgravity/base.ogg,35286,b4b51734542e49bd00aedf9f8203f6e568d3db0dc028cc09fec0b1323eefb6b8,3010306,False,Infinity,Infinity
farawaylight,Far Away Light,0,PST,4,Infinity songlist,assets/songs/farawaylight/0.aff,assets/songs/farawaylight/base.ogg,12980,adac43ef079e2cebfdcd92f48a400bfadc4d22535a37c35d8f350315522ebc4f,3617435,False,Infinity,Infinity
farawaylight,Far Away Light,1,PRS,7,Infinity songlist,assets/songs/farawaylight/1.aff,assets/songs/farawaylight/base.ogg,20896,47c86aad3130876c2fe85f20d1de6065fa2ff30d50cd956c71ec5d619f8584fc,3617435,False,Infinity,Infinity
farawaylight,Far Away Light,2,FTR,9,Infinity songlist,assets/songs/farawaylight/2.aff,assets/songs/farawaylight/base.ogg,62582,25fa5a35980950c9b53013bf8b5205e22bb291dc659c5b46ad7fd07236a83f70,3617435,False,Infinity,Infinity
loschen,Löschen,0,PST,3,Infinity songlist,assets/songs/loschen/0.aff,assets/songs/loschen/base.ogg,14825,08d58cbb96b338ef5049bd737b3d22b6bb8795820741ddf3ddca9c1e8c1ae6fd,3412931,False,Infinity,Infinity
loschen,Löschen,1,PRS,7,Infinity songlist,assets/songs/loschen/1.aff,assets/songs/loschen/base.ogg,18414,60d4c063eabb277ac8afa0669a741635b217619d7975b8cfbe17653cb42ab0e8,3412931,False,Infinity,Infinity
loschen,Löschen,2,FTR,10,Infinity songlist,assets/songs/loschen/2.aff,assets/songs/loschen/base.ogg,51137,b9bbf3896d573492bda663d54ec2cdfaa833e1c968729e9d54aaf19531d3a6b6,3412931,False,Infinity,Infinity
aegleseeker,Aegleseeker,0,PST,5,Infinity songlist,assets/songs/aegleseeker/0.aff,assets/songs/aegleseeker/base.ogg,24694,618404d98ca16edba833052ab7b5971c4f9169528f81eef44867ea42685834c1,3586557,False,Infinity,Infinity
aegleseeker,Aegleseeker,1,PRS,9,Infinity songlist,assets/songs/aegleseeker/1.aff,assets/songs/aegleseeker/base.ogg,29673,256a42c0265f45d4379670f8fe2388f52d03dc91e217954e284bd99fc74b8ff9,3586557,False,Infinity,Infinity
aegleseeker,Aegleseeker,2,FTR,11,Infinity songlist,assets/songs/aegleseeker/2.aff,assets/songs/aegleseeker/base.ogg,67965,03b54dae185b67143cc372a9c1a39dd878d8b2b7f6c48043eb100d73abeb2fc1,3586557,False,Infinity,Infinity
coastalhighway,Coastal Highway,0,PST,3,Infinity songlist,assets/songs/coastalhighway/0.aff,assets/songs/coastalhighway/base.ogg,8862,9b7c2190b81ae74c8a3ff1aeb23d0d3f6f9a63dd0fc090edbf00c27a493ffd60,3626263,False,Infinity,Infinity
coastalhighway,Coastal Highway,1,PRS,6,Infinity songlist,assets/songs/coastalhighway/1.aff,assets/songs/coastalhighway/base.ogg,13187,2ec3e08f7517f9f979e466c2d1f34b05b57a5240ca559cf40c5aab500c5dbc98,3626263,False,Infinity,Infinity
coastalhighway,Coastal Highway,2,FTR,9,Infinity songlist,assets/songs/coastalhighway/2.aff,assets/songs/coastalhighway/base.ogg,30853,ddd81ed35dd616e68ad6759e1d7333cd8f1fe659b9b83467cf7e047d272f86fb,3626263,False,Infinity,Infinity
odysseia,ΟΔΥΣΣΕΙΑ,0,PST,4,Infinity songlist,assets/songs/odysseia/0.aff,assets/songs/odysseia/base.ogg,9172,8386b09f9c1b2b43409f7f67626c03b450c6d0f60d926f1b6095fe0b1cf81210,3511597,False,Infinity,Infinity
odysseia,ΟΔΥΣΣΕΙΑ,1,PRS,7,Infinity songlist,assets/songs/odysseia/1.aff,assets/songs/odysseia/base.ogg,13912,922eb421eaeff4ea7acd22e7821fadefbb9f59bf5b435d4c2ec2606ce9491db2,3511597,False,Infinity,Infinity
odysseia,ΟΔΥΣΣΕΙΑ,2,FTR,9,Infinity songlist,assets/songs/odysseia/2.aff,assets/songs/odysseia/base.ogg,29051,187fa110c297bfcec7e0ca49d78a540f346c07301f9d53e2275c1b866b018c0b,3511597,False,Infinity,Infinity
overwhelm,Overwhelm,0,PST,5,Infinity songlist,assets/songs/overwhelm/0.aff,assets/songs/overwhelm/base.ogg,8395,d2268c002844454594a9215e3190649105e56be1905b91f71b9a3aa30eba1d00,3628645,False,Infinity,Infinity
overwhelm,Overwhelm,1,PRS,8,Infinity songlist,assets/songs/overwhelm/1.aff,assets/songs/overwhelm/base.ogg,15461,816aab0b33f479e935f6547522605a60748ccb8fd36cbad706118aaac57e3a30,3628645,False,Infinity,Infinity
overwhelm,Overwhelm,2,FTR,10,Infinity songlist,assets/songs/overwhelm/2.aff,assets/songs/overwhelm/base.ogg,36322,f8c5a20282a1e9661b0db5fd189f01f050f5d52a44e826a3502060c4c432b927,3628645,False,Infinity,Infinity
vandalism,Vandalism,0,PST,3,Infinity songlist,assets/songs/vandalism/0.aff,assets/songs/vandalism/base.ogg,9162,690011336faa1f02648728d36f34e3ce52e3679d27c6af32c42d2830f266ac99,3640462,False,Infinity,Infinity
vandalism,Vandalism,1,PRS,7,Infinity songlist,assets/songs/vandalism/1.aff,assets/songs/vandalism/base.ogg,14844,cabff3aedf931355b838c98a96c627ef35f87b5de1f6d7e0bbeffcd6f1931d37,3640462,False,Infinity,Infinity
vandalism,Vandalism,2,FTR,9,Infinity songlist,assets/songs/vandalism/2.aff,assets/songs/vandalism/base.ogg,40740,247dc6d920b83a376e2894a64c57de4fefead3f19a0d4c7424a1baf9d7d3c773,3640462,False,Infinity,Infinity
turbocharger,Turbocharger,0,PST,2,Infinity songlist,assets/songs/turbocharger/0.aff,assets/songs/turbocharger/base.ogg,9972,6b58e232943aece91bcd09643af994ba90529091bb816fc03c088073903fd966,3616896,False,Infinity,Infinity
turbocharger,Turbocharger,1,PRS,6,Infinity songlist,assets/songs/turbocharger/1.aff,assets/songs/turbocharger/base.ogg,16950,031005a034c1ee9c57e2b29fa2d73e992f9076f0cf1816db90f2bbcad01cc8b3,3616896,False,Infinity,Infinity
turbocharger,Turbocharger,2,FTR,9,Infinity songlist,assets/songs/turbocharger/2.aff,assets/songs/turbocharger/base.ogg,29897,8f262d20eb868e24b9ba788d1e3a38857c54650487de55b2fc6a63d88c4d10e4,3616896,False,Infinity,Infinity
theultimacy,THE ULTIMACY,0,PST,3,Infinity songlist,assets/songs/theultimacy/0.aff,assets/songs/theultimacy/base.ogg,11289,16c58c5910c69b258774d005374f7343eb29980501d3f88583cb5135c6bc4cdd,3599846,False,Infinity,Infinity
theultimacy,THE ULTIMACY,1,PRS,7,Infinity songlist,assets/songs/theultimacy/1.aff,assets/songs/theultimacy/base.ogg,21464,0347198859b85444ccca74fc2d06a72e0772ea77b13281c1df004d7e5fdc635e,3599846,False,Infinity,Infinity
theultimacy,THE ULTIMACY,2,FTR,9,Infinity songlist,assets/songs/theultimacy/2.aff,assets/songs/theultimacy/base.ogg,49274,dbe7ae5e1ceb543aacab766ef0bb10996064dcbe15a770427e2279acaaa5698a,3599846,False,Infinity,Infinity
rekkaresonance,REKKA RESONANCE,0,PST,5,Infinity songlist,assets/songs/rekkaresonance/0.aff,assets/songs/rekkaresonance/base.ogg,12807,a3ac1545041bf24eea3e109d45260fa9e1980487e6bfacbb9c4184faac7988da,3445333,False,Infinity,Infinity
rekkaresonance,REKKA RESONANCE,1,PRS,8,Infinity songlist,assets/songs/rekkaresonance/1.aff,assets/songs/rekkaresonance/base.ogg,27025,df759a1eeb1927837602b19a1a82bb2c7ff37af4a196c3554ca312af624a2cd8,3445333,False,Infinity,Infinity
rekkaresonance,REKKA RESONANCE,2,FTR,10,Infinity songlist,assets/songs/rekkaresonance/2.aff,assets/songs/rekkaresonance/base.ogg,42704,6bad6c94108c1f637f0c30f6b9b5ac6551a6e579c485c73138d4bfcd1dbccf6d,3445333,False,Infinity,Infinity
kyogenkigo,False Embellishment,0,PST,3,Infinity songlist,assets/songs/kyogenkigo/0.aff,assets/songs/kyogenkigo/base.ogg,15712,be3659625d8d4b2f77ba8a64069527f941cec70b47447b9cc1334e80777d7ec1,3624149,False,Infinity,Infinity
kyogenkigo,False Embellishment,1,PRS,6,Infinity songlist,assets/songs/kyogenkigo/1.aff,assets/songs/kyogenkigo/base.ogg,20173,e9b10155238e4c2b1735a2f9c92e64c638f652a4e6bceb8769a04f58bfc208f8,3624149,False,Infinity,Infinity
kyogenkigo,False Embellishment,2,FTR,9,Infinity songlist,assets/songs/kyogenkigo/2.aff,assets/songs/kyogenkigo/base.ogg,35990,3a370b9f73f32d5bf2e77dd04fe796ff1d3a67003dadcf57662ca6533dafac54,3624149,False,Infinity,Infinity
kyogenkigo,False Embellishment,3,BYD,9,Infinity songlist,assets/songs/kyogenkigo/3.aff,assets/songs/kyogenkigo/base.ogg,52809,dc0f4a53979f839b8bcf93e02a3f4c42dd7413e4fe8e91d4260da052df7e56ca,3624149,False,Infinity,Infinity
hivemind,HIVEMIND,0,PST,4,Infinity songlist,assets/songs/hivemind/0.aff,assets/songs/hivemind/base.ogg,14662,fce0b0321db17ad8e47d74a6dc3e288335a16345edc012fcfdc80b8a2ced5178,3235712,False,Infinity,Infinity
hivemind,HIVEMIND,1,PRS,8,Infinity songlist,assets/songs/hivemind/1.aff,assets/songs/hivemind/base.ogg,38274,f68ffee120c34ac105d622ecebf527b12d69e41fcede1d730b4dcd572035836e,3235712,False,Infinity,Infinity
hivemind,HIVEMIND,2,FTR,10,Infinity songlist,assets/songs/hivemind/2.aff,assets/songs/hivemind/base.ogg,60790,e33758b2829642d28b6fc4a6ee9795e17d9b578c1524e658d6f17dea6ebbd08c,3235712,False,Infinity,Infinity
seclusion,Seclusion,0,PST,4,Infinity songlist,assets/songs/seclusion/0.aff,assets/songs/seclusion/base.ogg,12907,775c21bb35c0680b85ce3f0ba15677136ee48f56297332024360df39729a1a93,3365513,False,Infinity,Infinity
seclusion,Seclusion,1,PRS,7,Infinity songlist,assets/songs/seclusion/1.aff,assets/songs/seclusion/base.ogg,17716,853d7385b66dd5203c9cde6948359ceb10808e190afffe1c84e4f490dab03952,3365513,False,Infinity,Infinity
seclusion,Seclusion,2,FTR,10,Infinity songlist,assets/songs/seclusion/2.aff,assets/songs/seclusion/base.ogg,58548,00ad94d75a0825005c43fb084ed4761fa99d08b26335148bb4b4fd2ee7b0f6b4,3365513,False,Infinity,Infinity
smallcloud,Small Cloud Sugar Candy,0,PST,3,Infinity songlist,assets/songs/smallcloud/0.aff,assets/songs/smallcloud/base.ogg,6171,cba410d18d7594c1346d7559066860cf15fd3658150f53622075a2ed433ebcd3,3236533,False,Infinity,Infinity
smallcloud,Small Cloud Sugar Candy,1,PRS,6,Infinity songlist,assets/songs/smallcloud/1.aff,assets/songs/smallcloud/base.ogg,12709,e822a1ba0a60abb6132a5b6dad9cdf8136490e1bdea7110c982023f903c4a21e,3236533,False,Infinity,Infinity
smallcloud,Small Cloud Sugar Candy,2,FTR,9,Infinity songlist,assets/songs/smallcloud/2.aff,assets/songs/smallcloud/base.ogg,38087,b5c631ccb7387de97e3f49f37153637a3ab7fccb4d65d0a1ea350fb0c6f8a511,3236533,False,Infinity,Infinity
smallcloud,Small Cloud Sugar Candy,3,BYD,10,Infinity songlist,assets/songs/smallcloud/3.aff,assets/songs/smallcloud/base.ogg,71924,622a9a1a6e0c8e4edb61e19d22e1fb261fe13b2b61cf6f0068f4b18b77017743,3236533,False,Infinity,Infinity
alterale,AlterAle,0,PST,3,Infinity songlist,assets/songs/alterale/0.aff,assets/songs/alterale/base.ogg,9745,5851948f9deada58f91335736c6cd55bdf9248dfb00a5c5799ed09ec4ce6b0fd,3590128,False,Infinity,Infinity
alterale,AlterAle,1,PRS,6,Infinity songlist,assets/songs/alterale/1.aff,assets/songs/alterale/base.ogg,14590,e9e8a9885c1af5aea7361a36762943aaddf9ae0f824d0998706e69463ab40c8c,3590128,False,Infinity,Infinity
alterale,AlterAle,2,FTR,9,Infinity songlist,assets/songs/alterale/2.aff,assets/songs/alterale/base.ogg,36100,61d56216e7880c5280b880122c1b9e599b08484714fef34015dd93c33455e453,3590128,False,Infinity,Infinity
divinelight,Divine Light of Myriad,0,PST,4,Infinity songlist,assets/songs/divinelight/0.aff,assets/songs/divinelight/base.ogg,13880,b4143ba7d519a11fdf33ccdd1b9ad087908e7ca608270a31f0ed622fce6752b2,3449993,False,Infinity,Infinity
divinelight,Divine Light of Myriad,1,PRS,7,Infinity songlist,assets/songs/divinelight/1.aff,assets/songs/divinelight/base.ogg,21187,09b5e097406393ad6d92dfdcd67c1e6404754223a21ee7b925c0c95677f48ecb,3449993,False,Infinity,Infinity
divinelight,Divine Light of Myriad,2,FTR,10,Infinity songlist,assets/songs/divinelight/2.aff,assets/songs/divinelight/base.ogg,37029,be72b5778045e6887424b0151a5fed7272fda39f57595de60034c745fe76f217,3449993,False,Infinity,Infinity
mazymetroplex,Mazy Metroplex,0,PST,3,Infinity songlist,assets/songs/mazymetroplex/0.aff,assets/songs/mazymetroplex/base.ogg,11757,3c33cf7e063b0fe332361b96146de95608661ccbbcfa19aa18b84d1ed72947bf,3143100,False,Infinity,Infinity
mazymetroplex,Mazy Metroplex,1,PRS,7,Infinity songlist,assets/songs/mazymetroplex/1.aff,assets/songs/mazymetroplex/base.ogg,15848,4f86d3b579f90d864c68596b9864f068a592e484976e9f8bb341f72c20253711,3143100,False,Infinity,Infinity
mazymetroplex,Mazy Metroplex,2,FTR,9,Infinity songlist,assets/songs/mazymetroplex/2.aff,assets/songs/mazymetroplex/base.ogg,35255,82cae75812938819afab97c89472a6b0bb32030aa59544e861166baae36e0723,3143100,False,Infinity,Infinity
quonwacca,Quon,0,PST,2,Infinity songlist,assets/songs/quonwacca/0.aff,assets/songs/quonwacca/base.ogg,9410,7471bbd06323dca64c96d441c49b838ff815ebdc177c1c91d98b41a9eb6023a4,3018904,False,Infinity,Infinity
quonwacca,Quon,1,PRS,6,Infinity songlist,assets/songs/quonwacca/1.aff,assets/songs/quonwacca/base.ogg,12928,935e2aa49d679167f8fa7c6097c4d58f35a629a9a9b538b7bd026e1aeb874ca9,3018904,False,Infinity,Infinity
quonwacca,Quon,2,FTR,8,Infinity songlist,assets/songs/quonwacca/2.aff,assets/songs/quonwacca/base.ogg,28168,2ab99a12391706c741c6202b8519a0315a4bc96d984b37eaed5972adb442f2a6,3018904,False,Infinity,Infinity
quonwacca,Quon,3,BYD,10,Infinity songlist,assets/songs/quonwacca/3.aff,assets/songs/quonwacca/base.ogg,42450,da4027d1eba4376966d1fe033e9a8c3cd31f8e0e2c4401b74683dbe7640e6f9d,3018904,False,Infinity,Infinity
withu,with U,0,PST,2,Infinity songlist,assets/songs/withu/0.aff,assets/songs/withu/base.ogg,7253,91de6341a77a5703d41081d613ca7c9ed3ed0159f9966c52c25642bcfd605914,3424014,False,Infinity,Infinity
withu,with U,1,PRS,6,Infinity songlist,assets/songs/withu/1.aff,assets/songs/withu/base.ogg,13764,f79606890311338ce9a5ee4ea4ba436a4f78f7415f8c61072106225e1ec51af4,3424014,False,Infinity,Infinity
withu,with U,2,FTR,9,Infinity songlist,assets/songs/withu/2.aff,assets/songs/withu/base.ogg,39504,2e9729678b48bcc182b6aa983f30041d6c7a7e7c3fbacd280707e236fcf23d0c,3424014,False,Infinity,Infinity
genocider,GENOCIDER,0,PST,4,Infinity songlist,assets/songs/genocider/0.aff,assets/songs/genocider/base.ogg,17061,1b10590e2eaf68113bb47c59c3695d72ead2abd6e508fdc6d4587bda8c881f7c,3388703,False,Infinity,Infinity
genocider,GENOCIDER,1,PRS,8,Infinity songlist,assets/songs/genocider/1.aff,assets/songs/genocider/base.ogg,31011,3b5e52bfeb156e1b0766dd6381b08cdf3ca61fad81a9acb2c1318f61b614e602,3388703,False,Infinity,Infinity
genocider,GENOCIDER,2,FTR,10,Infinity songlist,assets/songs/genocider/2.aff,assets/songs/genocider/base.ogg,60314,34f4aa130d8620a4417b2b612074ed2b1146fd0ee0ab213bc9ec81435b160a2e,3388703,False,Infinity,Infinity
letyoudivermx,Let you DIVE! (nitro rmx),0,PST,3,Infinity songlist,assets/songs/letyoudivermx/0.aff,assets/songs/letyoudivermx/base.ogg,11911,c78d88e1c849278d0f61624c0c8ad79b6ed7c5dbf68308b82984fc5d11806292,3582903,False,Infinity,Infinity
letyoudivermx,Let you DIVE! (nitro rmx),1,PRS,6,Infinity songlist,assets/songs/letyoudivermx/1.aff,assets/songs/letyoudivermx/base.ogg,15501,bfcf7381b9840fa0032990c946a31cf2e933f5318f78ea86cf44eee210826541,3582903,False,Infinity,Infinity
letyoudivermx,Let you DIVE! (nitro rmx),2,FTR,9,Infinity songlist,assets/songs/letyoudivermx/2.aff,assets/songs/letyoudivermx/base.ogg,32820,dbe3ac3291d1739460c7f33cfd06d3dd5ae8f5aa5684f2d301f9b0c3ed37bc10,3582903,False,Infinity,Infinity
sheriruthrmx,Sheriruth (Laur Remix),0,PST,4,Infinity songlist,assets/songs/sheriruthrmx/0.aff,assets/songs/sheriruthrmx/base.ogg,12030,71e870d9a33856e99dc03b997bb5d25d71b828aef2b0d364182fc3fea2b6b0f5,3033394,False,Infinity,Infinity
sheriruthrmx,Sheriruth (Laur Remix),1,PRS,7,Infinity songlist,assets/songs/sheriruthrmx/1.aff,assets/songs/sheriruthrmx/base.ogg,16751,569bb6bcd48142eb31fad2caf863a27a16349de8f31945c53f566e56b2ce4f2f,3033394,False,Infinity,Infinity
sheriruthrmx,Sheriruth (Laur Remix),2,FTR,10,Infinity songlist,assets/songs/sheriruthrmx/2.aff,assets/songs/sheriruthrmx/base.ogg,44920,3f1d80f3b18603ad64b8acfc121616453a9f82d8b11f52d2f8c85aadd8469610,3033394,False,Infinity,Infinity
eveninginscarlet,Evening in Scarlet,0,PST,4,Infinity songlist,assets/songs/eveninginscarlet/0.aff,assets/songs/eveninginscarlet/base.ogg,13017,fef2ff3363a9b55ee4e320bf0143a05f09d5fa556ddac6671aa84bc5e8fb3f1f,3126669,False,Infinity,Infinity
eveninginscarlet,Evening in Scarlet,1,PRS,7,Infinity songlist,assets/songs/eveninginscarlet/1.aff,assets/songs/eveninginscarlet/base.ogg,17822,4587ffc5d87644083d02a31d1bcabeb00478769a0015c25a5676facfd1264932,3126669,False,Infinity,Infinity
eveninginscarlet,Evening in Scarlet,2,FTR,9,Infinity songlist,assets/songs/eveninginscarlet/2.aff,assets/songs/eveninginscarlet/base.ogg,32521,a94bdb367104d3bfc0f6f6993437f942820835b13e39bc4f14eb57992cd967ee,3126669,False,Infinity,Infinity
bluecomet,blue comet,0,PST,3,Infinity songlist,assets/songs/bluecomet/0.aff,assets/songs/bluecomet/base.ogg,8655,771807703cd6119cd8b538230bb9225fbfff30225826832f84f9577bfeb44b35,1696921,False,Infinity,Infinity
bluecomet,blue comet,1,PRS,5,Infinity songlist,assets/songs/bluecomet/1.aff,assets/songs/bluecomet/base.ogg,15306,a9afef12c065948d6ba9f7eb11e6df8ef71d2a44befae56dca629972216a9581,1696921,False,Infinity,Infinity
bluecomet,blue comet,2,FTR,8,Infinity songlist,assets/songs/bluecomet/2.aff,assets/songs/bluecomet/base.ogg,43700,fdfa235b87c4513296e0778f90665cee1cef45214676a408548e73a38a5a5315,1696921,False,Infinity,Infinity
energysynergymatrix,ENERGY SYNERGY MATRIX,0,PST,3,Infinity songlist,assets/songs/energysynergymatrix/0.aff,assets/songs/energysynergymatrix/base.ogg,6636,a05fd8ae8698c64ff9fa9d8656061698eba3f7e7246ebb31d4526d540c5fd55e,2679396,False,Infinity,Infinity
energysynergymatrix,ENERGY SYNERGY MATRIX,1,PRS,7,Infinity songlist,assets/songs/energysynergymatrix/1.aff,assets/songs/energysynergymatrix/base.ogg,12387,d29d83cc63ca28fb396616b05c1588c3db740d7074a87936020f4e270aae06a9,2679396,False,Infinity,Infinity
energysynergymatrix,ENERGY SYNERGY MATRIX,2,FTR,9,Infinity songlist,assets/songs/energysynergymatrix/2.aff,assets/songs/energysynergymatrix/base.ogg,35252,34dd48e284e30a7ebaa70489bfa563665a00e8dad4bea3fe6ef938f2d0c012d1,2679396,False,Infinity,Infinity
energysynergymatrix,ENERGY SYNERGY MATRIX,3,BYD,10,Infinity songlist,assets/songs/energysynergymatrix/3.aff,assets/songs/energysynergymatrix/base.ogg,70361,309fe85cdd8ae089321cf70e2ca4e89971b6ea8506ff3af56b687c3c7663b672,2679396,False,Infinity,Infinity
gengaozo,G e n g a o z o,0,PST,4,Infinity songlist,assets/songs/gengaozo/0.aff,assets/songs/gengaozo/base.ogg,4595,30d19ee0e0fce93d772c148267f05d74fbbfe735b78f7ee30965ecf2775442d9,3895396,False,Infinity,Infinity
gengaozo,G e n g a o z o,1,PRS,8,Infinity songlist,assets/songs/gengaozo/1.aff,assets/songs/gengaozo/base.ogg,13253,7e0fcd6f339946e542a266ee6354ebdf88d94ac2ab18208eb80cbfc9b668899b,3895396,False,Infinity,Infinity
gengaozo,G e n g a o z o,2,FTR,10,Infinity songlist,assets/songs/gengaozo/2.aff,assets/songs/gengaozo/base.ogg,22561,16d119b682c66d60829cc671486092582ffd3f8889f98cf833eac52676f5577f,3895396,False,Infinity,Infinity
goldenslaughterer,goldenslaughterer,0,PST,4,Infinity songlist,assets/songs/goldenslaughterer/0.aff,assets/songs/goldenslaughterer/base.ogg,14960,ee79423370ab6452615e04610da2445e88cd9220ff46b022c8d769aa38cc4af3,4477425,False,Infinity,Infinity
goldenslaughterer,goldenslaughterer,1,PRS,6,Infinity songlist,assets/songs/goldenslaughterer/1.aff,assets/songs/goldenslaughterer/base.ogg,15173,31da1c2d427c2eb7afab0b9bac7453846a453fd33ef9c097d874a532f8c0945f,4477425,False,Infinity,Infinity
goldenslaughterer,goldenslaughterer,2,FTR,9,Infinity songlist,assets/songs/goldenslaughterer/2.aff,assets/songs/goldenslaughterer/base.ogg,64141,536f7977d4f66951b34bd972c7b25b554234205b4151a7c60daee4fd49fee18a,4477425,False,Infinity,Infinity
lastendconductor,lastendconductor,0,PST,3,Infinity songlist,assets/songs/lastendconductor/0.aff,assets/songs/lastendconductor/base.ogg,10259,3fc196099d15e954d47f2e5ebf1a3269f430c820d3dbbc7d3da9882fb7d2318b,4485849,False,Infinity,Infinity
lastendconductor,lastendconductor,1,PRS,7,Infinity songlist,assets/songs/lastendconductor/1.aff,assets/songs/lastendconductor/base.ogg,18194,d0ed7fc89d6d204cabd8de3ecf1ccb8becb92f227034fc481bf1b42092226a4a,4485849,False,Infinity,Infinity
lastendconductor,lastendconductor,2,FTR,9,Infinity songlist,assets/songs/lastendconductor/2.aff,assets/songs/lastendconductor/base.ogg,43501,ad6d844730f79db2ef89f90822a3e0c57b0b71999631eafdf447b93bc7cc249c,4485849,False,Infinity,Infinity
lastendconductor,lastendconductor,3,BYD,10,Infinity songlist,assets/songs/lastendconductor/3.aff,assets/songs/lastendconductor/base.ogg,62018,1082f5eedbed9c8c75f1086a16594d81d73bc6dd7caee883b726ec3ad37a6a55,4485849,False,Infinity,Infinity
redolentshape,Redolent Shape,0,PST,4,Infinity songlist,assets/songs/redolentshape/0.aff,assets/songs/redolentshape/base.ogg,18543,953cdb237f996408ec58ce14a41e89bbfd279f407eea91c33c9b917c69927d1d,3208256,False,Infinity,Infinity
redolentshape,Redolent Shape,1,PRS,7,Infinity songlist,assets/songs/redolentshape/1.aff,assets/songs/redolentshape/base.ogg,20659,526f52b81281ac29a0493d006a6f3cfd9d8903d39c0f6534d508de96a311358a,3208256,False,Infinity,Infinity
redolentshape,Redolent Shape,2,FTR,10,Infinity songlist,assets/songs/redolentshape/2.aff,assets/songs/redolentshape/base.ogg,52756,30a8a6594d793880990576304d2b3ee98e6c4ede1286224ad19c79921b62f7ee,3208256,False,Infinity,Infinity
cosmica,Cosmica,0,PST,2,Infinity songlist,assets/songs/cosmica/0.aff,assets/songs/cosmica/base.ogg,10477,b0c7bf795a083d32c810a9b0783791bdcf8a5492fae0b10152b3d3300c2410ca,3521069,False,Infinity,Infinity
cosmica,Cosmica,1,PRS,5,Infinity songlist,assets/songs/cosmica/1.aff,assets/songs/cosmica/base.ogg,14599,78e0c6d745544bbf99a671eedcdd434a6cca1149396c42028e74510491da3017,3521069,False,Infinity,Infinity
cosmica,Cosmica,2,FTR,8,Infinity songlist,assets/songs/cosmica/2.aff,assets/songs/cosmica/base.ogg,23520,d09b3b07991b0d15b84b1ccc12c2fc7b2fba99382c18587690a0b0e41c336a08,3521069,False,Infinity,Infinity
ascent,Ascent,0,PST,3,Infinity songlist,assets/songs/ascent/0.aff,assets/songs/ascent/base.ogg,12930,51c1b281a94319d348e4fd628f92fe0a9cf00ea1176e3791919b1b65f52bedb6,3498118,False,Infinity,Infinity
ascent,Ascent,1,PRS,6,Infinity songlist,assets/songs/ascent/1.aff,assets/songs/ascent/base.ogg,15931,195cbec009bbdc98a17b407875fe8761959a00a342f498f71cc57610e1f29c01,3498118,False,Infinity,Infinity
ascent,Ascent,2,FTR,9,Infinity songlist,assets/songs/ascent/2.aff,assets/songs/ascent/base.ogg,49737,6be8b3cb48445271b988ba5e37bc7f2978c0ec9304c0daaedac3b1b1b575b530,3498118,False,Infinity,Infinity
livefastdieyoung,Live Fast Die Young,0,PST,4,Infinity songlist,assets/songs/livefastdieyoung/0.aff,assets/songs/livefastdieyoung/base.ogg,12970,117fadcc1f1beb38d92555d4ea729f22f42376f37ce0cfb86a83bd4ea88ec0c1,3312053,False,Infinity,Infinity
livefastdieyoung,Live Fast Die Young,1,PRS,8,Infinity songlist,assets/songs/livefastdieyoung/1.aff,assets/songs/livefastdieyoung/base.ogg,21319,25dd63a803a3426ee4aeca5dd0f47374bccde5dcfcab9f84212684868d9a91b5,3312053,False,Infinity,Infinity
livefastdieyoung,Live Fast Die Young,2,FTR,10,Infinity songlist,assets/songs/livefastdieyoung/2.aff,assets/songs/livefastdieyoung/base.ogg,66532,304af422c72fafdaf7eb86978de3f630f6f521eac9d1de1043dae58ad2c6f41f,3312053,False,Infinity,Infinity
summerfireworks,Summer Fireworks of Love,0,PST,3,Infinity songlist,assets/songs/summerfireworks/0.aff,assets/songs/summerfireworks/base.ogg,9002,e0c5bc8a668f0bfd647e1abc0521178d7241437fe69957863d6d3a0adf5f7d31,3659528,False,Infinity,Infinity
summerfireworks,Summer Fireworks of Love,1,PRS,6,Infinity songlist,assets/songs/summerfireworks/1.aff,assets/songs/summerfireworks/base.ogg,15836,6348c80d3d44943347525159cba772054da425eae9e7c50a1f4f754d8d3d286a,3659528,False,Infinity,Infinity
summerfireworks,Summer Fireworks of Love,2,FTR,9,Infinity songlist,assets/songs/summerfireworks/2.aff,assets/songs/summerfireworks/base.ogg,38362,8373f798e7020a4523b0157ea2fa91524e92b4069b33c5f0231f5a8a05e89a93,3659528,False,Infinity,Infinity
firstsnow,First Snow,0,PST,2,Infinity songlist,assets/songs/firstsnow/0.aff,assets/songs/firstsnow/base.ogg,5316,398c19c191e65c164419b477d09fd806e23cacee5d3494a2378262464233bcf1,3910719,False,Infinity,Infinity
firstsnow,First Snow,1,PRS,4,Infinity songlist,assets/songs/firstsnow/1.aff,assets/songs/firstsnow/base.ogg,10455,230af7c3f26b0561ddc5e4e60fd002c82e8c6a05c7c299220e3c8856ed95c236,3910719,False,Infinity,Infinity
firstsnow,First Snow,2,FTR,7,Infinity songlist,assets/songs/firstsnow/2.aff,assets/songs/firstsnow/base.ogg,23128,3e390d03a441f1b4a41da4a3f27a258112abf94efca05bc0c3555143442170d2,3910719,False,Infinity,Infinity
bluerose,Blue Rose,0,PST,2,Infinity songlist,assets/songs/bluerose/0.aff,assets/songs/bluerose/base.ogg,7502,0da076e091120cb9695d0aa6dcb0cf1c855007c458c678d67d80e58499dc28d3,3796963,False,Infinity,Infinity
bluerose,Blue Rose,1,PRS,6,Infinity songlist,assets/songs/bluerose/1.aff,assets/songs/bluerose/base.ogg,14062,67bd526a57732ea62e89691545bc2f7109d49eac5d301f62df519d7e6dc913d6,3796963,False,Infinity,Infinity
bluerose,Blue Rose,2,FTR,9,Infinity songlist,assets/songs/bluerose/2.aff,assets/songs/bluerose/base.ogg,42468,f26fd0ea1a1a4451f9916d0a3185a9c5fe34d697caa636d0a1085193c7ded92c,3796963,False,Infinity,Infinity
blockedlibrary,Blocked Library,0,PST,3,Infinity songlist,assets/songs/blockedlibrary/0.aff,assets/songs/blockedlibrary/base.ogg,10351,ae5efc9afb60323c2487b8989d266360dd688eaad3aa0a2ea96a145a7013d746,3265973,False,Infinity,Infinity
blockedlibrary,Blocked Library,1,PRS,6,Infinity songlist,assets/songs/blockedlibrary/1.aff,assets/songs/blockedlibrary/base.ogg,18458,ddd1dd65d1718c5e914340dda1bc9c3e8fefe795987f111f71d910a4c5f4381a,3265973,False,Infinity,Infinity
blockedlibrary,Blocked Library,2,FTR,9,Infinity songlist,assets/songs/blockedlibrary/2.aff,assets/songs/blockedlibrary/base.ogg,48051,986aae9de5d7d315038635f508953f1b992a8d146dddaaa291e2bc348302cb6a,3265973,False,Infinity,Infinity
neokosmo,nέο κόsmo,0,PST,4,Infinity songlist,assets/songs/neokosmo/0.aff,assets/songs/neokosmo/base.ogg,9804,31fed7128441fd1ed0dab98a4d71a31176db1ff17ea154da3ecbd16b64a04681,3251008,False,Infinity,Infinity
neokosmo,nέο κόsmo,1,PRS,7,Infinity songlist,assets/songs/neokosmo/1.aff,assets/songs/neokosmo/base.ogg,16698,ed162f7ffe3049ab2b54779cac45bf00b1b60e6ae16303dd1f827c748ac01c09,3251008,False,Infinity,Infinity
neokosmo,nέο κόsmo,2,FTR,9,Infinity songlist,assets/songs/neokosmo/2.aff,assets/songs/neokosmo/base.ogg,34348,eb7f20489b92210930f96ab779657d00c07969e1d54fc4039815d47b2875e6cf,3251008,False,Infinity,Infinity
lightningscrew,Lightning Screw,0,PST,4,Infinity songlist,assets/songs/lightningscrew/0.aff,assets/songs/lightningscrew/base.ogg,10553,4898fdcd9ea833684fa2b7b92b88ab53522cddadc3e3b8421849e596a7ace7ae,3091439,False,Infinity,Infinity
lightningscrew,Lightning Screw,1,PRS,7,Infinity songlist,assets/songs/lightningscrew/1.aff,assets/songs/lightningscrew/base.ogg,19277,f8da5b959afbbd05a09326cc9808f9ce044bf15f15f1cec0c7728d007765ea4e,3091439,False,Infinity,Infinity
lightningscrew,Lightning Screw,2,FTR,10,Infinity songlist,assets/songs/lightningscrew/2.aff,assets/songs/lightningscrew/base.ogg,46327,bd8047e5c25e67b5ef277480a11cb3f11bcd6cddc33b2c606e80aa227c752ae4,3091439,False,Infinity,Infinity
lightsofmuse,Lights of Muse,0,PST,2,Infinity songlist,assets/songs/lightsofmuse/0.aff,assets/songs/lightsofmuse/base.ogg,5946,abe3b93f960c35796bd5030abbce644959bd63b42cd4c38da6efd8e3fe476650,2434663,False,Infinity,Infinity
lightsofmuse,Lights of Muse,1,PRS,6,Infinity songlist,assets/songs/lightsofmuse/1.aff,assets/songs/lightsofmuse/base.ogg,9139,a7f8bb7115100ce2bde5448c906cb79c5e2365353ffe9dc681e4af7dbf364fb5,2434663,False,Infinity,Infinity
lightsofmuse,Lights of Muse,2,FTR,8,Infinity songlist,assets/songs/lightsofmuse/2.aff,assets/songs/lightsofmuse/base.ogg,23848,121fe330c7faa2d3625d9fbefec82fd9ad1204b6e848bfd65e33d478b3e68b0f,2434663,False,Infinity,Infinity
finalstep,Final Step!,0,PST,3,Infinity songlist,assets/songs/finalstep/0.aff,assets/songs/finalstep/base.ogg,15883,92d55c819066f4194d73601bc7e951565d8c02341d8b01b2127b08c856293ff2,3342237,False,Infinity,Infinity
finalstep,Final Step!,1,PRS,6,Infinity songlist,assets/songs/finalstep/1.aff,assets/songs/finalstep/base.ogg,20401,58aa1794e6755b95b783d8cfdbe11c57fe2301f2b832253b4a39426c711e6583,3342237,False,Infinity,Infinity
finalstep,Final Step!,2,FTR,9,Infinity songlist,assets/songs/finalstep/2.aff,assets/songs/finalstep/base.ogg,48771,b4861c0a9ef6ad353a035ab3715cb92014ed4f5c460a7290f87fb981884f626a,3342237,False,Infinity,Infinity
akinokagerou,Haze of Autumn,0,PST,3,Infinity songlist,assets/songs/akinokagerou/0.aff,assets/songs/akinokagerou/base.ogg,9389,c185cfe46ada1db2ea758c2fb57ffed51f4a00c7c165f2b361f3d8118857b0af,3697910,False,Infinity,Infinity
akinokagerou,Haze of Autumn,1,PRS,7,Infinity songlist,assets/songs/akinokagerou/1.aff,assets/songs/akinokagerou/base.ogg,17362,20ebf5e383b45778c4ba02813bc5d2c216a86c80f485197da740630586294e03,3697910,False,Infinity,Infinity
akinokagerou,Haze of Autumn,2,FTR,9,Infinity songlist,assets/songs/akinokagerou/2.aff,assets/songs/akinokagerou/base.ogg,38276,f0c7f64e139d5c8e7a25d33c26662a6627f99c0d023f532fb9adc05419ba9aea,3697910,False,Infinity,Infinity
medusa,Medusa,0,PST,4,Infinity songlist,assets/songs/medusa/0.aff,assets/songs/medusa/base.ogg,10374,e188cbb7a302404d8340334f63173f003afe07a13893bb06ef6b91ee89d7cfc6,3009409,False,Infinity,Infinity
medusa,Medusa,1,PRS,7,Infinity songlist,assets/songs/medusa/1.aff,assets/songs/medusa/base.ogg,17652,860afaa7bb9352dc9d228997d6059c7278f44cea59a9958665a6bd0b2c121fda,3009409,False,Infinity,Infinity
medusa,Medusa,2,FTR,10,Infinity songlist,assets/songs/medusa/2.aff,assets/songs/medusa/base.ogg,51581,c026fc4442a0269aca25c433890b21ea3d1bcee23b24763c27f43ed7ef828888,3009409,False,Infinity,Infinity
init,init(),0,PST,4,Infinity songlist,assets/songs/init/0.aff,assets/songs/init/base.ogg,9392,aa9c773fbbfceb2c910542bd380449dc95f110ee6d1e831a9bde8e7faff0d067,3514030,False,Infinity,Infinity
init,init(),1,PRS,7,Infinity songlist,assets/songs/init/1.aff,assets/songs/init/base.ogg,17312,4a9a8be0db087e2b1261a9b20c42935581443ed8addad39d0f6e5f51df1d062a,3514030,False,Infinity,Infinity
init,init(),2,FTR,9,Infinity songlist,assets/songs/init/2.aff,assets/songs/init/base.ogg,60814,ff4fc25b045b0e369c6921f21e37fcff0f4b74365880446ed72be84ddb8e9cfb,3514030,False,Infinity,Infinity
internetoverdose,INTERNET OVERDOSE,0,PST,3,Infinity songlist,assets/songs/internetoverdose/0.aff,assets/songs/internetoverdose/base.ogg,9027,5348ab0843aba125341fbc9b61be4fe3d1c0bdc6970842027791895068a0bb01,2967035,False,Infinity,Infinity
internetoverdose,INTERNET OVERDOSE,1,PRS,6,Infinity songlist,assets/songs/internetoverdose/1.aff,assets/songs/internetoverdose/base.ogg,16655,b374b987bb01b1849136b9c4478439d8d150691f742d4f9bceea459b861409d1,2967035,False,Infinity,Infinity
internetoverdose,INTERNET OVERDOSE,2,FTR,8,Infinity songlist,assets/songs/internetoverdose/2.aff,assets/songs/internetoverdose/base.ogg,34003,4a36a060140710af8a48065359001d7affe4169089eb9da548a5bfe287af4a14,2967035,False,Infinity,Infinity
sakurafubuki,Sakura Fubuki,0,PST,3,Infinity songlist,assets/songs/sakurafubuki/0.aff,assets/songs/sakurafubuki/base.ogg,5670,ee47e3a979652f8ee8456e9baf85e7ef5748c0f209e14735b0639aaa2ae8aa26,2895687,False,Infinity,Infinity
sakurafubuki,Sakura Fubuki,1,PRS,6,Infinity songlist,assets/songs/sakurafubuki/1.aff,assets/songs/sakurafubuki/base.ogg,11360,d5a25b5842d0661c8841ec9c73362f4e1075278a8a74c2c35da8b7621ced21d4,2895687,False,Infinity,Infinity
sakurafubuki,Sakura Fubuki,2,FTR,9,Infinity songlist,assets/songs/sakurafubuki/2.aff,assets/songs/sakurafubuki/base.ogg,32080,91b38aa542996835d9858366caf505556de8a938260727d0003a9db05e798101,2895687,False,Infinity,Infinity
nulctrl,NULCTRL,0,PST,3,Infinity songlist,assets/songs/nulctrl/0.aff,assets/songs/nulctrl/base.ogg,10421,7bb2433a8f851f7cea8a957ff35111ec2177a509387458b5495d0a975b16ff3e,3698692,False,Infinity,Infinity
nulctrl,NULCTRL,1,PRS,7,Infinity songlist,assets/songs/nulctrl/1.aff,assets/songs/nulctrl/base.ogg,13738,16788b87b9aadff8c7e560eaf82800470f188f02750590c0dfeb6b46c086b875,3698692,False,Infinity,Infinity
nulctrl,NULCTRL,2,FTR,9,Infinity songlist,assets/songs/nulctrl/2.aff,assets/songs/nulctrl/base.ogg,33711,190df1bff9ee84dccf54583155804734a08cda7bd17dd60ed3011cc79d6809a3,3698692,False,Infinity,Infinity
macromod,Macrocosmic Modulation,0,PST,4,Infinity songlist,assets/songs/macromod/0.aff,assets/songs/macromod/base.ogg,17854,183d208e863d5678238b3433c4503f3b1f88a65a842197c4204928504772705f,3710847,False,Infinity,Infinity
macromod,Macrocosmic Modulation,1,PRS,7,Infinity songlist,assets/songs/macromod/1.aff,assets/songs/macromod/base.ogg,20232,e84b402a898da714f577a3a2b033e77194c71253ba534067cb903b2770925987,3710847,False,Infinity,Infinity
macromod,Macrocosmic Modulation,2,FTR,9,Infinity songlist,assets/songs/macromod/2.aff,assets/songs/macromod/base.ogg,51856,05d686ba3fe3c92ce07482bc0662390c6a510c5825e99ea1b29e496bcbf9389b,3710847,False,Infinity,Infinity
neowings,NEO WINGS,0,PST,4,Infinity songlist,assets/songs/neowings/0.aff,assets/songs/neowings/base.ogg,16296,2e763aed5e2eb233a76332a8a46e4e42eb64379f7c7985f60de9965f69f9d3fe,3711496,False,Infinity,Infinity
neowings,NEO WINGS,1,PRS,7,Infinity songlist,assets/songs/neowings/1.aff,assets/songs/neowings/base.ogg,22802,e2a752e798857103a41595c206c4f6360b4811bf9227c1de8338701f22bb2b76,3711496,False,Infinity,Infinity
neowings,NEO WINGS,2,FTR,10,Infinity songlist,assets/songs/neowings/2.aff,assets/songs/neowings/base.ogg,59151,31aecaeac330cd98cdd53e5f75bba6908b08e93f55610e2bdc772f7228be8444,3711496,False,Infinity,Infinity
kissinglucifer,Kissing Lucifer,0,PST,4,Infinity songlist,assets/songs/kissinglucifer/0.aff,assets/songs/kissinglucifer/base.ogg,13664,0e068e6c1951e3be26d5c100db43c9f936eea3ec2dea0556428555f4bb7cb1ae,3554610,False,Infinity,Infinity
kissinglucifer,Kissing Lucifer,1,PRS,7,Infinity songlist,assets/songs/kissinglucifer/1.aff,assets/songs/kissinglucifer/base.ogg,20267,0a1031dca11fa2b42bf021ad947d912ffcb12ce9b001e2f35cae4f3f3fd3697b,3554610,False,Infinity,Infinity
kissinglucifer,Kissing Lucifer,2,FTR,10,Infinity songlist,assets/songs/kissinglucifer/2.aff,assets/songs/kissinglucifer/base.ogg,55531,dbdbde2acc96cc5ecd24feb28a0cb1c29818e559224d11ecfc8e75ec75bf7778,3554610,False,Infinity,Infinity
avril,Ävril -Flicka i krans-,0,PST,3,Infinity songlist,assets/songs/avril/0.aff,assets/songs/avril/base.ogg,11356,25d3da19c3d33d5d26130e2e27612de636db3b3350ea3cc5eec0a9cd00a1d252,4023664,False,Infinity,Infinity
avril,Ävril -Flicka i krans-,1,PRS,6,Infinity songlist,assets/songs/avril/1.aff,assets/songs/avril/base.ogg,18907,dab45c386ca34ecccbf29fb4c1619412702f1f5a939d15c4a0d70b4b0e66dd39,4023664,False,Infinity,Infinity
avril,Ävril -Flicka i krans-,2,FTR,8,Infinity songlist,assets/songs/avril/2.aff,assets/songs/avril/base.ogg,38583,8a8b2701c6193d058210d90e162aaf175081522a4df52506d49bf994e6cebc9e,4023664,False,Infinity,Infinity
aurgelmir,Aurgelmir,0,PST,4,Infinity songlist,assets/songs/aurgelmir/0.aff,assets/songs/aurgelmir/base.ogg,11158,b29e34bff42771423016d9dd464d5a7e889829d71599a2b7cb1ef8ac3f8b83b2,3352111,False,Infinity,Infinity
aurgelmir,Aurgelmir,1,PRS,8,Infinity songlist,assets/songs/aurgelmir/1.aff,assets/songs/aurgelmir/base.ogg,18282,8c263fc0d62ef44644300f86190702267bc8a92d95a0b39f112e7371cbbaf35f,3352111,False,Infinity,Infinity
aurgelmir,Aurgelmir,2,FTR,10,Infinity songlist,assets/songs/aurgelmir/2.aff,assets/songs/aurgelmir/base.ogg,32180,0ed85e0ae808bbe515dfabd9a1fa9977923d14fd33acba48f17fbad532797f2e,3352111,False,Infinity,Infinity
headbonkache,Head BONK ache,0,PST,4,Infinity songlist,assets/songs/headbonkache/0.aff,assets/songs/headbonkache/base.ogg,13127,5b2ed3b56dfb705678bea54a4bfa02937e9e561ed7742f946b80f65dbf0d8ee1,3527833,False,Infinity,Infinity
headbonkache,Head BONK ache,1,PRS,7,Infinity songlist,assets/songs/headbonkache/1.aff,assets/songs/headbonkache/base.ogg,23683,d6b3c9486f796ed40859d006dfb364de518e19882712792928f4416098fd071c,3527833,False,Infinity,Infinity
headbonkache,Head BONK ache,2,FTR,9,Infinity songlist,assets/songs/headbonkache/2.aff,assets/songs/headbonkache/base.ogg,53055,f1bfcb25e3ac7793f96dd9257074e4c410779f6a2166ad23f364b698ee209308,3527833,False,Infinity,Infinity
ddd,DDD,0,PST,2,Infinity songlist,assets/songs/ddd/0.aff,assets/songs/ddd/base.ogg,6964,9809065e41dbe32106e3b1c8cd4c7db218401ab460d11d4762821ad64de17c45,2869349,False,Infinity,Infinity
ddd,DDD,1,PRS,6,Infinity songlist,assets/songs/ddd/1.aff,assets/songs/ddd/base.ogg,10315,42627aeb9a850ea9da33990428d5f2ff8a2d872962ef0f6fa67039caa9243914,2869349,False,Infinity,Infinity
ddd,DDD,2,FTR,8,Infinity songlist,assets/songs/ddd/2.aff,assets/songs/ddd/base.ogg,31420,9dd32b84c96b82eb458452e80ba74e72d8f6481fb0b822b4747b348dda1bf8cf,2869349,False,Infinity,Infinity
prism,Prism,0,PST,2,Infinity songlist,assets/songs/prism/0.aff,assets/songs/prism/base.ogg,13467,152c2a1a5f382fad57457d86911d97ba2f144e598f02553e30714b7a20a7533d,4286543,False,Infinity,Infinity
prism,Prism,1,PRS,5,Infinity songlist,assets/songs/prism/1.aff,assets/songs/prism/base.ogg,16505,2bcacacbf780396c290d79ad1d00ff1d9c2d8bf82cfa247107df287f6ef107fc,4286543,False,Infinity,Infinity
prism,Prism,2,FTR,8,Infinity songlist,assets/songs/prism/2.aff,assets/songs/prism/base.ogg,38692,db3fef91682b344cdc92bbd7ac740a24394226b513bfcfc48bbd7b67d5496acb,4286543,False,Infinity,Infinity
protoflicker,Protoflicker,0,PST,3,Infinity songlist,assets/songs/protoflicker/0.aff,assets/songs/protoflicker/base.ogg,6890,81b52416f98c34c1c9f927d10167fd0028a576981e372b0cdcc445d59d7c0e81,4083857,False,Infinity,Infinity
protoflicker,Protoflicker,1,PRS,7,Infinity songlist,assets/songs/protoflicker/1.aff,assets/songs/protoflicker/base.ogg,17451,39eb41593f418c58fb210b4c4a19af37c3cc29c876e8f68f9b238aed36f4aef6,4083857,False,Infinity,Infinity
protoflicker,Protoflicker,2,FTR,9,Infinity songlist,assets/songs/protoflicker/2.aff,assets/songs/protoflicker/base.ogg,37586,b8f01f01109bb65fcb446975922d8314ef1195af40b4fd202632d8162102575a,4083857,False,Infinity,Infinity
stasis,Stasis,0,PST,4,Infinity songlist,assets/songs/stasis/0.aff,assets/songs/stasis/base.ogg,14911,47c098870ddb480103c3d21a3939bb95170f4a9c69f574a7c77a7fd369826058,3758521,False,Infinity,Infinity
stasis,Stasis,1,PRS,7,Infinity songlist,assets/songs/stasis/1.aff,assets/songs/stasis/base.ogg,25420,b4a87f3903b0f1d67b6e5a8688961532d986fe2039cb0650bba2f7fa2fd955a8,3758521,False,Infinity,Infinity
stasis,Stasis,2,FTR,10,Infinity songlist,assets/songs/stasis/2.aff,assets/songs/stasis/base.ogg,68380,80d6be92bd03ceed5090f0e4d36f44955f1d6d1928b46c2c17b5bdaa1e2697dd,3758521,False,Infinity,Infinity
picopicotranslation,PICO-Pico-Translation!,0,PST,2,Infinity songlist,assets/songs/picopicotranslation/0.aff,assets/songs/picopicotranslation/base.ogg,6001,85c63c27f87c815782bde715c07dcdcbe37de104afc16360291a64a46ccb311f,3400822,False,Infinity,Infinity
picopicotranslation,PICO-Pico-Translation!,1,PRS,6,Infinity songlist,assets/songs/picopicotranslation/1.aff,assets/songs/picopicotranslation/base.ogg,16802,50fbba093b81e4541f326cd21e4fe519a8f3d219ba50bec0f29ded6b27bb7695,3400822,False,Infinity,Infinity
picopicotranslation,PICO-Pico-Translation!,2,FTR,9,Infinity songlist,assets/songs/picopicotranslation/2.aff,assets/songs/picopicotranslation/base.ogg,72179,fc93aab9d24f10088c934be022dfebc664c06397454d48562e50e075b227d86b,3400822,False,Infinity,Infinity
nekonote,Dancin' on a Cat's Paw,0,PST,3,Infinity songlist,assets/songs/nekonote/0.aff,assets/songs/nekonote/base.ogg,5086,5036cd549a65ab9c98b5a30e9ddceda8db3013b1d74832df068ec36a122e63cf,3348677,False,Infinity,Infinity
nekonote,Dancin' on a Cat's Paw,1,PRS,6,Infinity songlist,assets/songs/nekonote/1.aff,assets/songs/nekonote/base.ogg,10524,4494aebe4e07ac6676c116e410a29fef5198b63c50e88a20a45e2f540de3e951,3348677,False,Infinity,Infinity
nekonote,Dancin' on a Cat's Paw,2,FTR,9,Infinity songlist,assets/songs/nekonote/2.aff,assets/songs/nekonote/base.ogg,37026,f55d7a6b8eee08d53cd271ac6da2ff760b43e029c5af45910d9cfcd92e7bef83,3348677,False,Infinity,Infinity
mu,μ,0,PST,3,Infinity songlist,assets/songs/mu/0.aff,assets/songs/mu/base.ogg,10737,01afc4d968e3d996b270496bfbe7fd1df278e71651d7ccdd5f381cd20743f999,2000572,False,Infinity,Infinity
mu,μ,1,PRS,7,Infinity songlist,assets/songs/mu/1.aff,assets/songs/mu/base.ogg,19456,c373ed294026fdd70b5e9dc38a529bc7d6fda06b2dd6b2ab3d67ddfb7e445d09,2000572,False,Infinity,Infinity
mu,μ,2,FTR,9,Infinity songlist,assets/songs/mu/2.aff,assets/songs/mu/base.ogg,26749,59adc90e9115e5851f399ab903ce24ede646ff6fa6a2ef3c19def28ad15014a7,2000572,False,Infinity,Infinity
sanskia,san skia,0,PST,3,Infinity songlist,assets/songs/sanskia/0.aff,assets/songs/sanskia/base.ogg,12847,712d865db0c1c8c834aade65b9ced99dbb6aa814cfa152a78391e66b4874ccf0,4061417,False,Infinity,Infinity
sanskia,san skia,1,PRS,6,Infinity songlist,assets/songs/sanskia/1.aff,assets/songs/sanskia/base.ogg,18350,785460b403e3b9128be01769f5edf08abde0d4bc04250b8bb58d3372200d0d4d,4061417,False,Infinity,Infinity
sanskia,san skia,2,FTR,8,Infinity songlist,assets/songs/sanskia/2.aff,assets/songs/sanskia/base.ogg,38727,a8a17d17d0c028eb2e37b7cd41e690d53b35801ccd44fa19c9910dd4ce8ed4ce,4061417,False,Infinity,Infinity
altair,Altair (feat. *spiLa*),0,PST,2,Infinity songlist,assets/songs/altair/0.aff,assets/songs/altair/base.ogg,9418,3d25b385c3233b47400e2bb76ee5817adfe61fa070f56e6fd2f121bf13d0d68f,3426521,False,Infinity,Infinity
altair,Altair (feat. *spiLa*),1,PRS,6,Infinity songlist,assets/songs/altair/1.aff,assets/songs/altair/base.ogg,14560,3956707aadcab0feeb32313dc95e3aded83fcdb24e10b47ae47227f4eb853a09,3426521,False,Infinity,Infinity
altair,Altair (feat. *spiLa*),2,FTR,8,Infinity songlist,assets/songs/altair/2.aff,assets/songs/altair/base.ogg,37688,28af42050675cac6484300a0de1a42a47ea18eabab2df736fc11ede73634cf40,3426521,False,Infinity,Infinity
mukishitsu,Redraw the Colorless World,0,PST,4,Infinity songlist,assets/songs/mukishitsu/0.aff,assets/songs/mukishitsu/base.ogg,7771,db079c3038bd6194a48ee5b2a10fdf135610f5676dcfc96c934b86aba1ca4566,3703641,False,Infinity,Infinity
mukishitsu,Redraw the Colorless World,1,PRS,6,Infinity songlist,assets/songs/mukishitsu/1.aff,assets/songs/mukishitsu/base.ogg,15770,4d4604091e8deac111e908927ff80a16960d62614d58f1cd1f74f17c4d01e26e,3703641,False,Infinity,Infinity
mukishitsu,Redraw the Colorless World,2,FTR,9,Infinity songlist,assets/songs/mukishitsu/2.aff,assets/songs/mukishitsu/base.ogg,67543,e71ef7afcc931bb5af65485558d5f361b8be080a5aac5927d29338bf51141d8d,3703641,False,Infinity,Infinity
trapcrow,Trap Crow,0,PST,4,Infinity songlist,assets/songs/trapcrow/0.aff,assets/songs/trapcrow/base.ogg,10488,ba0677e1e29d17e176a7a8afc170af8ba35e11086159a17d8106480d6233556e,4240696,False,Infinity,Infinity
trapcrow,Trap Crow,1,PRS,7,Infinity songlist,assets/songs/trapcrow/1.aff,assets/songs/trapcrow/base.ogg,19464,6f3587e1e51c86fb9c0f8ba9664294727b37bd8228738b02e4d32a5d2e8a9780,4240696,False,Infinity,Infinity
trapcrow,Trap Crow,2,FTR,9,Infinity songlist,assets/songs/trapcrow/2.aff,assets/songs/trapcrow/base.ogg,48503,7cbb393c90d836c5cbfa3799b1e3785028d5b565c072b690b5fb8eb7b797ec32,4240696,False,Infinity,Infinity
pupa,PUPA,0,PST,4,Infinity songlist,assets/songs/pupa/0.aff,assets/songs/pupa/base.ogg,6522,6dfa194e01863ff390c2e386f0eaa70f430d0b1bbbe288798be6d64d01c31dbf,3086041,False,Infinity,Infinity
pupa,PUPA,1,PRS,7,Infinity songlist,assets/songs/pupa/1.aff,assets/songs/pupa/base.ogg,19906,187a44669e07e6b9b1e09898cd6e5b25838bc85866eee146373489e783af2078,3086041,False,Infinity,Infinity
pupa,PUPA,2,FTR,10,Infinity songlist,assets/songs/pupa/2.aff,assets/songs/pupa/base.ogg,38424,b63dfa166d8032a2e513d4d6a7d1562d2b2abd556ed5894083a066113e7519e6,3086041,False,Infinity,Infinity
defection,Defection,0,PST,3,Infinity songlist,assets/songs/defection/0.aff,assets/songs/defection/base.ogg,10930,0eddb92fa9bacf69c2c7d6fbece9576cdbf1c59484c85a37a4e81f7127dbaf26,1096280,False,Infinity,Infinity
defection,Defection,1,PRS,6,Infinity songlist,assets/songs/defection/1.aff,assets/songs/defection/base.ogg,21531,5f69029eafe383ca603a08c9ea47b7022fa3aac29181fbc1324f0acdae400071,1096280,False,Infinity,Infinity
defection,Defection,2,FTR,9,Infinity songlist,assets/songs/defection/2.aff,assets/songs/defection/base.ogg,46155,84a8fbe09734f4abc439f26be9e02814cf7881ff6165cf4108524109728daaa5,1096280,False,Infinity,Infinity
infinitestrife,"Infinite Strife,",0,PST,4,Infinity songlist,assets/songs/infinitestrife/0.aff,assets/songs/infinitestrife/base.ogg,13066,8180a5390e38e507b7f99caedfb1052175d0e401e44d79ef62ccc37f97b25482,4151140,False,Infinity,Infinity
infinitestrife,"Infinite Strife,",1,PRS,7,Infinity songlist,assets/songs/infinitestrife/1.aff,assets/songs/infinitestrife/base.ogg,28051,53517daaa83f1e5dcb160185a8be2459da55f20d2c1f0ecf7afe7b1e611b1c32,4151140,False,Infinity,Infinity
infinitestrife,"Infinite Strife,",2,FTR,9,Infinity songlist,assets/songs/infinitestrife/2.aff,assets/songs/infinitestrife/base.ogg,68190,b0fc4817f0214466cf5a9975a6395ec28bf178b7b307c50d39fe2a53b04595a8,4151140,False,Infinity,Infinity
infinitestrife,"Infinite Strife,",3,BYD,10,Infinity songlist,assets/songs/infinitestrife/3.aff,assets/songs/infinitestrife/base.ogg,78812,fe983a2b5c92b1925175dd397e50ff57ed9025bbc7520d73e6d3a2a7c001f62c,4151140,False,Infinity,Infinity
worldender,World Ender,0,PST,4,Infinity songlist,assets/songs/worldender/0.aff,assets/songs/worldender/base.ogg,15422,2c43db952ea6d3839679afb6d68ba0a8706cf2bc268036459bca76663ffb2cab,3843906,False,Infinity,Infinity
worldender,World Ender,1,PRS,7,Infinity songlist,assets/songs/worldender/1.aff,assets/songs/worldender/base.ogg,22664,2f9b139e07cdaba25a0a0eb49cd4934bbc550fa1d8c87f82252bbaf54bdd6e53,3843906,False,Infinity,Infinity
worldender,World Ender,2,FTR,10,Infinity songlist,assets/songs/worldender/2.aff,assets/songs/worldender/base.ogg,62972,419c9176e51d45817ac71d3337914dfbe94404cba4e0119973edd86d7e03ff96,3843906,False,Infinity,Infinity
worldender,World Ender,3,BYD,11,Infinity songlist,assets/songs/worldender/3.aff,assets/songs/worldender/base.ogg,89446,6917cb665f35b2a5abcfe09434ce94edcd9c532c16e2934efaa93f8a991ae558,3843906,False,Infinity,Infinity
pentiment,Pentiment,0,PST,7,Infinity songlist,assets/songs/pentiment/0.aff,assets/songs/pentiment/base.ogg,19385,a26bff387661bd5eb0cc5006057eeea47cfa0dccca2c275f739d89429929c18f,3962602,False,Infinity,Infinity
pentiment,Pentiment,1,PRS,8,Infinity songlist,assets/songs/pentiment/1.aff,assets/songs/pentiment/base.ogg,26353,fde395b39005eb9afaa728d42bd50fc8f6c2f7c45b2915c8bd6b95c6cdbbd5ea,3962602,False,Infinity,Infinity
pentiment,Pentiment,2,FTR,10,Infinity songlist,assets/songs/pentiment/2.aff,assets/songs/pentiment/base.ogg,65919,8ae27e7776f3c1b138352d80c8ee315b3e0563d155dfc2593b46b87b528fca83,3962602,False,Infinity,Infinity
pentiment,Pentiment,3,BYD,11,Infinity songlist,assets/songs/pentiment/3.aff,assets/songs/pentiment/base.ogg,109168,463f7756f37dcb1002576785b7e21f19c97da59ae3bd8acf7576f614a9bd675f,3962602,False,Infinity,Infinity
arcanaeden,Arcana Eden,0,PST,5,Infinity songlist,assets/songs/arcanaeden/0.aff,assets/songs/arcanaeden/base.ogg,19628,cef803d7fec416d032a38907e9e57293a365f2f973297eb0effcd84b1d0f1c6c,4392249,False,Infinity,Infinity
arcanaeden,Arcana Eden,1,PRS,8,Infinity songlist,assets/songs/arcanaeden/1.aff,assets/songs/arcanaeden/base.ogg,39023,934f863e3a8e9b1b82a9c123696da3849151c18f083d00d01bfc514938add10f,4392249,False,Infinity,Infinity
arcanaeden,Arcana Eden,2,FTR,10,Infinity songlist,assets/songs/arcanaeden/2.aff,assets/songs/arcanaeden/base.ogg,80719,d974935959b95fbbb5f104ff1d74d4572fd766f3ae31076046103b8a87ae1fe9,4392249,False,Infinity,Infinity
arcanaeden,Arcana Eden,3,BYD,11,Infinity songlist,assets/songs/arcanaeden/3.aff,assets/songs/arcanaeden/base.ogg,88049,76a589e52dc50a7c9315fdbb261869ed71b185131b7780e97032664f9a90bb34,4392249,False,Infinity,Infinity
testify,Testify,0,PST,7,Infinity songlist,assets/songs/testify/0.aff,assets/songs/testify/base.ogg,18456,5052af14297fab160f5f14a437a655eb83e0e3925c6abb9f69e32e9ea29d5401,4286363,False,Infinity,Infinity
testify,Testify,1,PRS,9,Infinity songlist,assets/songs/testify/1.aff,assets/songs/testify/base.ogg,27178,153f25a32fd59ea89ff10cc4c3fbb9388482985444d3b3af2f77d73bb45b168c,4286363,False,Infinity,Infinity
testify,Testify,2,FTR,10,Infinity songlist,assets/songs/testify/2.aff,assets/songs/testify/base.ogg,72721,415aa466491adedb8fbcb90b2c391f758b938c0e065827787cb47e817a8d1a04,4286363,False,Infinity,Infinity
testify,Testify,3,BYD,12,Infinity songlist,assets/songs/testify/3.aff,assets/songs/testify/base.ogg,104081,54a0da93147bfeb522f8bb9713b9e085aaa0dc1e200a4a917638c263e7191c3c,4286363,False,Infinity,Infinity
lovelessdress,Loveless Dress,0,PST,3,Infinity songlist,assets/songs/lovelessdress/0.aff,assets/songs/lovelessdress/base.ogg,12168,7ab55be07f44d78d9da79eaad2630ab5adf7622bb309683bb69606be81ee76d6,4004371,False,Infinity,Infinity
lovelessdress,Loveless Dress,1,PRS,6,Infinity songlist,assets/songs/lovelessdress/1.aff,assets/songs/lovelessdress/base.ogg,17954,015927e870cf3ba2e741d191628fff25ef65b2f3b4e33c8f062d8e1eb2db7874,4004371,False,Infinity,Infinity
lovelessdress,Loveless Dress,2,FTR,9,Infinity songlist,assets/songs/lovelessdress/2.aff,assets/songs/lovelessdress/base.ogg,43717,a529ec3b3e8a8ee04f30a8598d471b8f91d6b7d98e6ee0aef884d41ca83269f2,4004371,False,Infinity,Infinity
last,Last,0,PST,4,Infinity songlist,assets/songs/last/0.aff,assets/songs/last/base.ogg,9915,52b0ac50767534310dba4ba199be72e4824c084c1a6b269aab9de6f3bd04222b,3578990,False,Infinity,Infinity
last,Last,1,PRS,7,Infinity songlist,assets/songs/last/1.aff,assets/songs/last/base.ogg,14923,24e0c539f69e33269982aaa09d2f0cb72adc5ba0c6cb69c65c177736a0a0dd23,3578990,False,Infinity,Infinity
last,Last,2,FTR,9,Infinity songlist,assets/songs/last/2.aff,assets/songs/last/base.ogg,24827,26e9f26e7c2d208224679efbd33bb26687cf0f839f5b2bad94ba525c4c7b3c02,3578990,False,Infinity,Infinity
last,Last,3,BYD,9,Infinity songlist,assets/songs/last/3.aff,assets/songs/last/3.ogg,36551,610d139374a177d08019ccd3a64e6bd6dbd9fbe07dc2116c9455372fff1646eb,3579651,True,Infinity,Infinity
lasteternity,Last | Eternity,3,BYD,9,Infinity songlist,assets/songs/lasteternity/3.aff,assets/songs/lasteternity/base.ogg,88767,2073ade0120cb5f9cea610d65c7e635679a02080a453eaabe1080bd5d382db09,3580188,False,Infinity,Infinity
callimakarma,Callima Karma,0,PST,3,Infinity songlist,assets/songs/callimakarma/0.aff,assets/songs/callimakarma/base.ogg,11755,11624e64087bb60b5fca5a862ce0a2ce79ce93af43a79dfc16b7f51fa2ae9d32,3928752,False,Infinity,Infinity
callimakarma,Callima Karma,1,PRS,7,Infinity songlist,assets/songs/callimakarma/1.aff,assets/songs/callimakarma/base.ogg,17349,d6fa12f4859e0ed2c5a81c3790888933368de0e7413f9077a5c103947a35b9a2,3928752,False,Infinity,Infinity
callimakarma,Callima Karma,2,FTR,9,Infinity songlist,assets/songs/callimakarma/2.aff,assets/songs/callimakarma/base.ogg,93951,d7833740b842394076a976060cd431d66fc0801f9e00aa17a965fea769df7dde,3928752,False,Infinity,Infinity
kokoro,Heart,0,PST,1,Infinity songlist,assets/songs/kokoro/0.aff,assets/songs/kokoro/base.ogg,4694,8fc656eb85b9c2ab4436ecb9c0b3faccb89a141d520752549dd65a5d28b52ef5,3590851,False,Infinity,Infinity
kokoro,Heart,1,PRS,5,Infinity songlist,assets/songs/kokoro/1.aff,assets/songs/kokoro/base.ogg,9607,ad17fda27fd3a6017af9f7cb3a68f676125f5d00f9bb54182dfd172d0f5a284f,3590851,False,Infinity,Infinity
kokoro,Heart,2,FTR,9,Infinity songlist,assets/songs/kokoro/2.aff,assets/songs/kokoro/base.ogg,45557,db4c484345514a1d8ac54de7b432a7ef57ae225d51fad0c2047289bfd8b868e9,3590851,False,Infinity,Infinity
aidrew,Ai Drew,0,PST,3,Infinity songlist,assets/songs/aidrew/0.aff,assets/songs/aidrew/base.ogg,11611,1279353e8acf093309835960868777d0b809d866fcd280fbe019e368810ba6ee,3338416,False,Infinity,Infinity
aidrew,Ai Drew,1,PRS,6,Infinity songlist,assets/songs/aidrew/1.aff,assets/songs/aidrew/base.ogg,24123,750a75922a340afa08617a956081bad170cc83a61e12e0f5b46268ceabc9c64f,3338416,False,Infinity,Infinity
aidrew,Ai Drew,2,FTR,9,Infinity songlist,assets/songs/aidrew/2.aff,assets/songs/aidrew/base.ogg,63738,7ed543ec095dea4f006f969acb3243e6ea74412724a82f6cb1c730bbedeed1aa,3338416,False,Infinity,Infinity
fluffyflash,FLUFFY FLASH,0,PST,3,Infinity songlist,assets/songs/fluffyflash/0.aff,assets/songs/fluffyflash/base.ogg,11921,e97c4e43f930276dab4a11431e85827bfbaae066c05bb619540536d9e1d44c0a,3581997,False,Infinity,Infinity
fluffyflash,FLUFFY FLASH,1,PRS,6,Infinity songlist,assets/songs/fluffyflash/1.aff,assets/songs/fluffyflash/base.ogg,26295,28bafcc7c92ece771fa2bc15f800a888d147b0aced69f40461d0ddfd49b0316c,3581997,False,Infinity,Infinity
fluffyflash,FLUFFY FLASH,2,FTR,9,Infinity songlist,assets/songs/fluffyflash/2.aff,assets/songs/fluffyflash/base.ogg,63893,410fb083a6b3c76228b099dc87b3dfce7b8f1d6a935279a9f97a570122c595cc,3581997,False,Infinity,Infinity
goodbyemerry,"Good bye, Merry-Go-Round.",0,PST,4,Infinity songlist,assets/songs/goodbyemerry/0.aff,assets/songs/goodbyemerry/base.ogg,16462,b5e2790b1ebdd31207aeed28135775240a628bcd0dfe4177a0f399bc6d1316bf,3085381,False,Infinity,Infinity
goodbyemerry,"Good bye, Merry-Go-Round.",1,PRS,7,Infinity songlist,assets/songs/goodbyemerry/1.aff,assets/songs/goodbyemerry/base.ogg,20287,26e62aa08c22b5ca31a55a02c79114577c06fb2593467e28ea932f859226eedc,3085381,False,Infinity,Infinity
goodbyemerry,"Good bye, Merry-Go-Round.",2,FTR,10,Infinity songlist,assets/songs/goodbyemerry/2.aff,assets/songs/goodbyemerry/base.ogg,63221,17cb0f16fab905de4ba5a47de9f6001739ac50be24a87dcd4b5708da2f517962,3085381,False,Infinity,Infinity
lamia,LAMIA,0,PST,5,Infinity songlist,assets/songs/lamia/0.aff,assets/songs/lamia/base.ogg,13038,2c4e0368d5ee926999fe2a446d9d23891aa2ce871bfdb2766933af7d5ab693e4,3555633,False,Infinity,Infinity
lamia,LAMIA,1,PRS,8,Infinity songlist,assets/songs/lamia/1.aff,assets/songs/lamia/base.ogg,24676,037e53d118abbd1d26a9bed4ab0fb5c640326cb1a8fc4443f61e304c20a53a25,3555633,False,Infinity,Infinity
lamia,LAMIA,2,FTR,11,Infinity songlist,assets/songs/lamia/2.aff,assets/songs/lamia/base.ogg,119565,448182bf7442340ff1f37d7ab3d5e5be70311270eec2093ad5608479f7602783,3555633,False,Infinity,Infinity
freemyself,Free Myself,0,PST,4,Infinity songlist,assets/songs/freemyself/0.aff,assets/songs/freemyself/base.ogg,19876,80330757f5a19472d85161075ac0add5c2bcdc54ffd6ddd65c51d1a91c95e395,3735174,False,Infinity,Infinity
freemyself,Free Myself,1,PRS,7,Infinity songlist,assets/songs/freemyself/1.aff,assets/songs/freemyself/base.ogg,30045,585ee5820b294b9e771a76c4ba65e73df8549999547465bd440abc5fed869c72,3735174,False,Infinity,Infinity
freemyself,Free Myself,2,FTR,10,Infinity songlist,assets/songs/freemyself/2.aff,assets/songs/freemyself/base.ogg,56764,a39e4e044af81b136034b0135ff9447adde87c3db857ec31ee36956c3fa061fa,3735174,False,Infinity,Infinity
cocorocosmetic,cocoro*cosmetic,0,PST,3,Infinity songlist,assets/songs/cocorocosmetic/0.aff,assets/songs/cocorocosmetic/base.ogg,12491,adab3d300b8ff122538fe2883261878cb34842804e3b56e508d64da5c61fd8aa,3944638,False,Infinity,Infinity
cocorocosmetic,cocoro*cosmetic,1,PRS,7,Infinity songlist,assets/songs/cocorocosmetic/1.aff,assets/songs/cocorocosmetic/base.ogg,22729,f7b02120bbdf3a37fcda4177afc5277310352362bed1f64e717181993134c1ed,3944638,False,Infinity,Infinity
cocorocosmetic,cocoro*cosmetic,2,FTR,9,Infinity songlist,assets/songs/cocorocosmetic/2.aff,assets/songs/cocorocosmetic/base.ogg,42917,3ff48825edeebf19577b40e5107aa334396731d9d805020124c63dfe1309b70f,3944638,False,Infinity,Infinity
capella,Capella,0,PST,4,Infinity songlist,assets/songs/capella/0.aff,assets/songs/capella/base.ogg,11212,fdc3e48d3a84dbe391f62d876c06d4ee7694653a389ba29032533666a4dc550d,3383580,False,Infinity,Infinity
capella,Capella,1,PRS,7,Infinity songlist,assets/songs/capella/1.aff,assets/songs/capella/base.ogg,18700,b92c39910be901fe97cf03578030e6ab89f4bdb8aa728d9b970ffeecd1e24650,3383580,False,Infinity,Infinity
capella,Capella,2,FTR,10,Infinity songlist,assets/songs/capella/2.aff,assets/songs/capella/base.ogg,50286,40c3f3b540b0900c4abdcc7d81322541c4b3020bd72a3fc93168d959528264a4,3383580,False,Infinity,Infinity
dialnote,Dialnote,0,PST,3,Infinity songlist,assets/songs/dialnote/0.aff,assets/songs/dialnote/base.ogg,13278,231cfba891c2fad683e71c0af301b76026827b53a5ad50785c457baa3afcbc80,2957719,False,Infinity,Infinity
dialnote,Dialnote,1,PRS,6,Infinity songlist,assets/songs/dialnote/1.aff,assets/songs/dialnote/base.ogg,21186,3308a5d708c7c62b3f2b07c6e79684861f3fd4c4511572578738ef25e1f4acc5,2957719,False,Infinity,Infinity
dialnote,Dialnote,2,FTR,8,Infinity songlist,assets/songs/dialnote/2.aff,assets/songs/dialnote/base.ogg,42410,cd2a58bd2c4ebfa49691a6cbd649eecd4726ff4522b31baf58fa019e8605597f,2957719,False,Infinity,Infinity
tsukinimurakumo,"Tsuki ni Murakumo, Hana ni Kaze",0,PST,3,Infinity songlist,assets/songs/tsukinimurakumo/0.aff,assets/songs/tsukinimurakumo/base.ogg,8359,42521c748d2a08c3464768a3fae249fff03e8c002d82693a6fe6f4cc925eb85f,3166389,False,Infinity,Infinity
tsukinimurakumo,"Tsuki ni Murakumo, Hana ni Kaze",1,PRS,6,Infinity songlist,assets/songs/tsukinimurakumo/1.aff,assets/songs/tsukinimurakumo/base.ogg,13200,18d1d1dd29589a895d7dc99492206093fe1a4ae08165ae599d93e1a690759bd0,3166389,False,Infinity,Infinity
tsukinimurakumo,"Tsuki ni Murakumo, Hana ni Kaze",2,FTR,8,Infinity songlist,assets/songs/tsukinimurakumo/2.aff,assets/songs/tsukinimurakumo/base.ogg,34901,7c85e5ecd56bf387bab44071abcbd2f5232a5f6b6d7aae8428c6c191f868a143,3166389,False,Infinity,Infinity
mantis,MANTIS (Arcaea Ultra-Bloodrush VIP),0,PST,3,Infinity songlist,assets/songs/mantis/0.aff,assets/songs/mantis/base.ogg,15816,333fdf5bdaadf9a9e4b1c0ff0294cf786b030f89e0aca483135377bebaec767a,3754637,False,Infinity,Infinity
mantis,MANTIS (Arcaea Ultra-Bloodrush VIP),1,PRS,7,Infinity songlist,assets/songs/mantis/1.aff,assets/songs/mantis/base.ogg,24364,8a32b4c9f5932f72b48f6c8f73566d3b391dca69bd4dcf7b0ea38dabd5bc990f,3754637,False,Infinity,Infinity
mantis,MANTIS (Arcaea Ultra-Bloodrush VIP),2,FTR,9,Infinity songlist,assets/songs/mantis/2.aff,assets/songs/mantis/base.ogg,47179,84a74c39f6f615e73bf4598b43410210f798d720f1e2a39de13fc4f2f9bc7d42,3754637,False,Infinity,Infinity
worldfragments,World Fragments III(radio edit),0,PST,3,Infinity songlist,assets/songs/worldfragments/0.aff,assets/songs/worldfragments/base.ogg,9449,0ff1d262ec409722c4dfb44b436dae5096c1a48c659e2a61933961ac7c583212,4019977,False,Infinity,Infinity
worldfragments,World Fragments III(radio edit),1,PRS,7,Infinity songlist,assets/songs/worldfragments/1.aff,assets/songs/worldfragments/base.ogg,22173,8d513ec79f1a7db6ae724854ca9a836efa12e42ca4c734c1664ae4f162d98377,4019977,False,Infinity,Infinity
worldfragments,World Fragments III(radio edit),2,FTR,9,Infinity songlist,assets/songs/worldfragments/2.aff,assets/songs/worldfragments/base.ogg,61730,8aa328f1414cca406160c7d37548341a8cbcfec2b4d52b44509d8904d2416bd7,4019977,False,Infinity,Infinity
astrawalkthrough,Astra walkthrough,0,PST,4,Infinity songlist,assets/songs/astrawalkthrough/0.aff,assets/songs/astrawalkthrough/base.ogg,12949,1266e7dce95e9ae3b4f803ba49114a8b60429ae9a46d5ba2eee81bb4624052ce,3432354,False,Infinity,Infinity
astrawalkthrough,Astra walkthrough,1,PRS,7,Infinity songlist,assets/songs/astrawalkthrough/1.aff,assets/songs/astrawalkthrough/base.ogg,25000,61d412fc01a941820519ab0784803cc03c9637f9e91d66a89f1dc1108413c054,3432354,False,Infinity,Infinity
astrawalkthrough,Astra walkthrough,2,FTR,9,Infinity songlist,assets/songs/astrawalkthrough/2.aff,assets/songs/astrawalkthrough/base.ogg,67202,c9888495f6cb5a13d100358fbb1077c04806d0dc82557166913d3e6476be8c50,3432354,False,Infinity,Infinity
chronicle,Chronicle,0,PST,5,Infinity songlist,assets/songs/chronicle/0.aff,assets/songs/chronicle/base.ogg,14855,1074bb3f16aa03cc3bd8eb3320ff86e8ff1af9436c2f834e207703fc208d0eea,3536252,False,Infinity,Infinity
chronicle,Chronicle,1,PRS,8,Infinity songlist,assets/songs/chronicle/1.aff,assets/songs/chronicle/base.ogg,26643,139d4a8ec4bbe8b056270ef09d268b418b9bb50db2ce27b3f1e000954f0cbf10,3536252,False,Infinity,Infinity
chronicle,Chronicle,2,FTR,10,Infinity songlist,assets/songs/chronicle/2.aff,assets/songs/chronicle/base.ogg,70285,6e953640e80a1a3bd8ab441cb9c78cd4c86250a5c5df34564491b4d7d6a13a2a,3536252,False,Infinity,Infinity
nullapophenia,NULL APOPHENIA,0,PST,4,Infinity songlist,assets/songs/nullapophenia/0.aff,assets/songs/nullapophenia/base.ogg,17489,39455dad53440b310566bc753ae50855a4272d2dd95139424364653b31fc48de,4459231,False,Infinity,Infinity
nullapophenia,NULL APOPHENIA,1,PRS,8,Infinity songlist,assets/songs/nullapophenia/1.aff,assets/songs/nullapophenia/base.ogg,27072,283f75e47f4b09acb2a38629a8ea142c4bc23f0093930b2a1a04fcdb71d08c8e,4459231,False,Infinity,Infinity
nullapophenia,NULL APOPHENIA,2,FTR,10,Infinity songlist,assets/songs/nullapophenia/2.aff,assets/songs/nullapophenia/base.ogg,96181,5b62e2da80734b6767deb95669ce7990d0d1d5f83a2ed0a8813883f1bab5df96,4459231,False,Infinity,Infinity
crimsonthrone,Crimson Throne,0,PST,4,Infinity songlist,assets/songs/crimsonthrone/0.aff,assets/songs/crimsonthrone/base.ogg,19751,39c35dd21a4f800edb6877cd805ea3ffa96dca7bc198354f56e279b47dd50e5c,3295178,False,Infinity,Infinity
crimsonthrone,Crimson Throne,1,PRS,8,Infinity songlist,assets/songs/crimsonthrone/1.aff,assets/songs/crimsonthrone/base.ogg,26185,3f09ff69c0a5432074a471a90fa17782f02230119de46cb525651848914ec171,3295178,False,Infinity,Infinity
crimsonthrone,Crimson Throne,2,FTR,10,Infinity songlist,assets/songs/crimsonthrone/2.aff,assets/songs/crimsonthrone/base.ogg,77073,a9a5bb5f26ad82b9651076e51fdb4a954ac25c5beb4fdd10d657c1fac1262304,3295178,False,Infinity,Infinity
manicjeer,Manic Jeer,0,PST,4,Infinity songlist,assets/songs/manicjeer/0.aff,assets/songs/manicjeer/base.ogg,10027,31e34ada3c3cfc210be586d4bd079d2d47d0b093df60b2fdafb298b2a1ccee14,3690828,False,Infinity,Infinity
manicjeer,Manic Jeer,1,PRS,7,Infinity songlist,assets/songs/manicjeer/1.aff,assets/songs/manicjeer/base.ogg,16732,8aaccf86b897507473451e631fbcbb52ada5b73cc8aa3d949256f47b5aaf4515,3690828,False,Infinity,Infinity
manicjeer,Manic Jeer,2,FTR,10,Infinity songlist,assets/songs/manicjeer/2.aff,assets/songs/manicjeer/base.ogg,44965,5681d36865ad1d828b85029046fe49dccf574f2ecd3889cdc756af4ce5afe682,3690828,False,Infinity,Infinity
hiirogekka,"Hiiro Gekka, Kyoushou no Zetsu (nayuta 2017 ver.)",0,PST,3,Infinity songlist,assets/songs/hiirogekka/0.aff,assets/songs/hiirogekka/base.ogg,19591,4103febb3fcdfb30379664bdbfeb9a035ace0f414d7aa0ab339548db771d34b8,3882880,False,Infinity,Infinity
hiirogekka,"Hiiro Gekka, Kyoushou no Zetsu (nayuta 2017 ver.)",1,PRS,6,Infinity songlist,assets/songs/hiirogekka/1.aff,assets/songs/hiirogekka/base.ogg,23965,f8f722cd87c4a582f0e0439b263144f67a08266ca6c15ddf5cd49420d97f8739,3882880,False,Infinity,Infinity
hiirogekka,"Hiiro Gekka, Kyoushou no Zetsu (nayuta 2017 ver.)",2,FTR,10,Infinity songlist,assets/songs/hiirogekka/2.aff,assets/songs/hiirogekka/base.ogg,69818,e91e0c29d66a02f04a1f81f2b06471e10c4e587fcad4525dbc1b4b3390508a2d,3882880,False,Infinity,Infinity
letsrock,Let's Rock (Arcaea mix),0,PST,3,Infinity songlist,assets/songs/letsrock/0.aff,assets/songs/letsrock/base.ogg,6856,18a75e55ce066007bead4fb715f545a470332934338efc162ca5cc4825e6ceb5,3579478,False,Infinity,Infinity
letsrock,Let's Rock (Arcaea mix),1,PRS,7,Infinity songlist,assets/songs/letsrock/1.aff,assets/songs/letsrock/base.ogg,16771,b56a2f61fb854b1a7993422dcef34f23c424f6b38c9cc78fb4f9378f976473c3,3579478,False,Infinity,Infinity
letsrock,Let's Rock (Arcaea mix),2,FTR,9,Infinity songlist,assets/songs/letsrock/2.aff,assets/songs/letsrock/base.ogg,37802,c53864af79438b44bfc474614a16c64f95c80d89d7215c28cef3ba2ced7b5f12,3579478,False,Infinity,Infinity
cycles,CYCLES,0,PST,2,Infinity songlist,assets/songs/cycles/0.aff,assets/songs/cycles/base.ogg,14089,4f2f56fc34049870abcbb4bf52edafcd96f2258b1df035b8df705c35b70b5093,2944040,False,Infinity,Infinity
cycles,CYCLES,1,PRS,5,Infinity songlist,assets/songs/cycles/1.aff,assets/songs/cycles/base.ogg,18878,e0c8dca546e196b5b55a966d65f025fba48448222508e74724816a4617922299,2944040,False,Infinity,Infinity
cycles,CYCLES,2,FTR,8,Infinity songlist,assets/songs/cycles/2.aff,assets/songs/cycles/base.ogg,37906,7244156cdcad27d447d40eb0762ba4cd6a45b1eb06fc2cb25266c2a3c4b011fa,2944040,False,Infinity,Infinity
maxrage,MAXRAGE,0,PST,3,Infinity songlist,assets/songs/maxrage/0.aff,assets/songs/maxrage/base.ogg,13937,4e08fe7ebbbe8591c6c7de877efd9ba5e0038a664eef8d1dc5c8eb0300a2bb58,3236544,False,Infinity,Infinity
maxrage,MAXRAGE,1,PRS,6,Infinity songlist,assets/songs/maxrage/1.aff,assets/songs/maxrage/base.ogg,20532,d4793279dbc9c386be30e8cd4ec8fa0318243b933c1e9803733f0ce38babed48,3236544,False,Infinity,Infinity
maxrage,MAXRAGE,2,FTR,9,Infinity songlist,assets/songs/maxrage/2.aff,assets/songs/maxrage/base.ogg,47622,3edbc45c77e72c50da89468dd03e81b6037797063178e1301bb8adc64cfa49d5,3236544,False,Infinity,Infinity
infinity,[X],0,PST,4,Infinity songlist,assets/songs/infinity/0.aff,assets/songs/infinity/base.ogg,10431,2f3e321eb15edd5fe71a83ad7e4f37723157a3320909003a5995c5a71f719da7,3532146,False,Infinity,Infinity
infinity,[X],1,PRS,7,Infinity songlist,assets/songs/infinity/1.aff,assets/songs/infinity/base.ogg,24450,fb71d29025713e06d71c917ba47456c00751d591c04a89e2b252fe416be211fe,3532146,False,Infinity,Infinity
infinity,[X],2,FTR,10,Infinity songlist,assets/songs/infinity/2.aff,assets/songs/infinity/base.ogg,61051,71d2bd06abd6747a81f0d1b39304adea50203e78f470c31a109515cd85a64d40,3532146,False,Infinity,Infinity
temptation,TEmPTaTiON,0,PST,5,Infinity songlist,assets/songs/temptation/0.aff,assets/songs/temptation/base.ogg,15120,a159313beebf6f07ece5df597f9efe0ecbff0dc921800a54c2255617396be632,3431556,False,Infinity,Infinity
temptation,TEmPTaTiON,1,PRS,8,Infinity songlist,assets/songs/temptation/1.aff,assets/songs/temptation/base.ogg,22955,c50faf7ab609365486002950b56b17520aa392c49c48b35b11ac778b268c9852,3431556,False,Infinity,Infinity
temptation,TEmPTaTiON,2,FTR,10,Infinity songlist,assets/songs/temptation/2.aff,assets/songs/temptation/base.ogg,80008,a0a7e89468ec9139408fcbe2797e2819a335c816ecba7266611a9b45e5cc0414,3431556,False,Infinity,Infinity
primitivelights,PRIMITIVE LIGHTS,0,PST,5,Infinity songlist,assets/songs/primitivelights/0.aff,assets/songs/primitivelights/base.ogg,17293,7abf8b48ccb41fed00b73bba3cb6cf6d17d60607e2bb2e9b8d0020035567868d,3991521,False,Infinity,Infinity
primitivelights,PRIMITIVE LIGHTS,1,PRS,8,Infinity songlist,assets/songs/primitivelights/1.aff,assets/songs/primitivelights/base.ogg,33265,023726406734d76ed58a621add303e9b5e3d466de1d45d0860a13407f2b7d7ee,3991521,False,Infinity,Infinity
primitivelights,PRIMITIVE LIGHTS,2,FTR,10,Infinity songlist,assets/songs/primitivelights/2.aff,assets/songs/primitivelights/base.ogg,74877,c07c2fbac5987cda0db71f622a9a8cb7afe88499fa12817444ffd96d21083aba,3991521,False,Infinity,Infinity
cosmopop,Cosmo Pop Funclub,0,PST,2,Infinity songlist,assets/songs/cosmopop/0.aff,assets/songs/cosmopop/base.ogg,10767,6a62a0c31d58c3b99ba854deb0f73b8fd3e07ae40c210f08796bb118c142aca3,3454148,False,Infinity,Infinity
cosmopop,Cosmo Pop Funclub,1,PRS,6,Infinity songlist,assets/songs/cosmopop/1.aff,assets/songs/cosmopop/base.ogg,19080,612963ea46a8752e57fb8a1a5456cf760676d2775fb8d7e0c23c48e54406a899,3454148,False,Infinity,Infinity
cosmopop,Cosmo Pop Funclub,2,FTR,8,Infinity songlist,assets/songs/cosmopop/2.aff,assets/songs/cosmopop/base.ogg,50057,31f6beb1b054e82548354d9c641f75cd0c057c60a0bd07770e5fe684b8872bdd,3454148,False,Infinity,Infinity
impact,IMPACT,0,PST,3,Infinity songlist,assets/songs/impact/0.aff,assets/songs/impact/base.ogg,13148,be5cfbb5f1699d97f1d25fcca2476200f282272e843d1a9eccd7f8a6a36eac19,3665061,False,Infinity,Infinity
impact,IMPACT,1,PRS,7,Infinity songlist,assets/songs/impact/1.aff,assets/songs/impact/base.ogg,30322,1c9053bfcb3741e66f9a38461e96949207c24de2ddfb69427b740fa4f785f721,3665061,False,Infinity,Infinity
impact,IMPACT,2,FTR,9,Infinity songlist,assets/songs/impact/2.aff,assets/songs/impact/base.ogg,85114,6293dcc76df4f2a3d59add5c15c97b7c7c8e98ec32ad7c6f04bf47546e5702e0,3665061,False,Infinity,Infinity
impact,IMPACT,3,BYD,10,Infinity songlist,assets/songs/impact/3.aff,assets/songs/impact/base.ogg,74527,563bb9b2baeb373cd09d5deada487cc232a38ad6269665943d8d233e41f54cdf,3665061,False,Infinity,Infinity
genesischunithm,Genesis,0,PST,4,Infinity songlist,assets/songs/genesischunithm/0.aff,assets/songs/genesischunithm/base.ogg,11087,1afd6c56eeb10b6b010c75487078d6427aece473cb02dfe7207d585aa3ad0b3f,3009871,False,Infinity,Infinity
genesischunithm,Genesis,1,PRS,7,Infinity songlist,assets/songs/genesischunithm/1.aff,assets/songs/genesischunithm/base.ogg,32993,6d3105a80f1719195171ddabba548e4a43368dd4916fe385479a92bc6090eeba,3009871,False,Infinity,Infinity
genesischunithm,Genesis,2,FTR,9,Infinity songlist,assets/songs/genesischunithm/2.aff,assets/songs/genesischunithm/base.ogg,34131,f870052a9cbb7221f0f20482df43d4c89fb6ec38eabd9695c162d9ea09446dd1,3009871,False,Infinity,Infinity
trrricksters,Trrricksters!!,0,PST,4,Infinity songlist,assets/songs/trrricksters/0.aff,assets/songs/trrricksters/base.ogg,16384,0dbaf87a6a306b5a9f4ff4bbbca6c8b4a370e89afa572e94f1eeffdf49bf61a9,3588142,False,Infinity,Infinity
trrricksters,Trrricksters!!,1,PRS,7,Infinity songlist,assets/songs/trrricksters/1.aff,assets/songs/trrricksters/base.ogg,24633,e77cbebaa17e52449e89e9e2215d9f1c803b8b50e635b27ca4b8b25b765e8922,3588142,False,Infinity,Infinity
trrricksters,Trrricksters!!,2,FTR,10,Infinity songlist,assets/songs/trrricksters/2.aff,assets/songs/trrricksters/base.ogg,67131,762d579ef0db0746897f245673ac9bd31893ed03e3458c0c4113d1ce154cac08,3588142,False,Infinity,Infinity
spidersthread,Spider's Thread,0,PST,4,Infinity songlist,assets/songs/spidersthread/0.aff,assets/songs/spidersthread/base.ogg,12868,4598a83b47571b94942c1d023866a213d9c1f61e50f89eec621ef1bf03aa21c3,3430082,False,Infinity,Infinity
spidersthread,Spider's Thread,1,PRS,7,Infinity songlist,assets/songs/spidersthread/1.aff,assets/songs/spidersthread/base.ogg,22185,205847ab531f647bd516caee570d4d70a6b27777c265105f42e99065e084367b,3430082,False,Infinity,Infinity
spidersthread,Spider's Thread,2,FTR,10,Infinity songlist,assets/songs/spidersthread/2.aff,assets/songs/spidersthread/base.ogg,157378,ba77b1dc8709b375a674eb3ba086eac6da781392c74f2a2df5be17cb643760ad,3430082,False,Infinity,Infinity
lostemotion,Lost Emotion feat. nomico,0,PST,3,Infinity songlist,assets/songs/lostemotion/0.aff,assets/songs/lostemotion/base.ogg,15092,7cdfc97d5bc4ab124edeb253e39ac687eee4fdec9019305063f50c4cb2859137,3902418,False,Infinity,Infinity
lostemotion,Lost Emotion feat. nomico,1,PRS,7,Infinity songlist,assets/songs/lostemotion/1.aff,assets/songs/lostemotion/base.ogg,23008,565e45f84340e557337cd8f0e091f5fa28e51c502eff420160d8cd2b473692d7,3902418,False,Infinity,Infinity
lostemotion,Lost Emotion feat. nomico,2,FTR,9,Infinity songlist,assets/songs/lostemotion/2.aff,assets/songs/lostemotion/base.ogg,44120,4d7ee6d7ff5b00c64d9bef31cc9371f585b8473c619dc5d3c375b6ee80d65167,3902418,False,Infinity,Infinity
gimmick,GIMMICK,0,PST,2,Infinity songlist,assets/songs/gimmick/0.aff,assets/songs/gimmick/base.ogg,9830,712aa8f229989894e960d5cee51fe45ff121d07d76ad6e1e500d1b7a80812998,3026764,False,Infinity,Infinity
gimmick,GIMMICK,1,PRS,6,Infinity songlist,assets/songs/gimmick/1.aff,assets/songs/gimmick/base.ogg,17186,e20b3b5979a996519b1521b38e56ab4a4abff40c6dff9f6a90aced922c5bffa3,3026764,False,Infinity,Infinity
gimmick,GIMMICK,2,FTR,9,Infinity songlist,assets/songs/gimmick/2.aff,assets/songs/gimmick/base.ogg,34493,354da54b9ef941f755dfe60975feb655c4680f0cc341b0babeddf9c692d2d2a0,3026764,False,Infinity,Infinity
thesurvivor,The Survivor (Game Edit),0,PST,3,Infinity songlist,assets/songs/thesurvivor/0.aff,assets/songs/thesurvivor/base.ogg,13337,12cc981f06b52b57b0e82db240a15c8b338edb7ba9ea4f75a2e0284c7021a482,4610407,False,Infinity,Infinity
thesurvivor,The Survivor (Game Edit),1,PRS,6,Infinity songlist,assets/songs/thesurvivor/1.aff,assets/songs/thesurvivor/base.ogg,19250,3a6b5a8a3b6471e7565202c2d432187a7a65314aca5fa6e02581a2cdd3c34716,4610407,False,Infinity,Infinity
thesurvivor,The Survivor (Game Edit),2,FTR,9,Infinity songlist,assets/songs/thesurvivor/2.aff,assets/songs/thesurvivor/base.ogg,49111,7aa8e087e436ad6227bfd8f34c829fbf3e3242adadaaff30adb2ada156db552f,4610407,False,Infinity,Infinity
newyorkbackraise,New York Back Raise,0,PST,4,Infinity songlist,assets/songs/newyorkbackraise/0.aff,assets/songs/newyorkbackraise/base.ogg,20560,da6fe8c5818707bda4ec9d0189b71cc9245605d075ac07974cd46a763e4cb130,3678713,False,Infinity,Infinity
newyorkbackraise,New York Back Raise,1,PRS,7,Infinity songlist,assets/songs/newyorkbackraise/1.aff,assets/songs/newyorkbackraise/base.ogg,23142,0bd5e4a411e30d69074704e44c187aa8ee0d6cee819b894a0373e1907a767d22,3678713,False,Infinity,Infinity
newyorkbackraise,New York Back Raise,2,FTR,9,Infinity songlist,assets/songs/newyorkbackraise/2.aff,assets/songs/newyorkbackraise/base.ogg,65279,d59edbbc64b3c4709a905dd07a771801170b04e04ad3fd4dc22f615118fa9c04,3678713,False,Infinity,Infinity
galacticlove,Galactic Love,0,PST,3,Infinity songlist,assets/songs/galacticlove/0.aff,assets/songs/galacticlove/base.ogg,9334,8c4e85a598c98bb30875b8620b0e52acaea63cbc2b5d446856fff863ce9c3c3f,3936065,False,Infinity,Infinity
galacticlove,Galactic Love,1,PRS,6,Infinity songlist,assets/songs/galacticlove/1.aff,assets/songs/galacticlove/base.ogg,21059,9c49bd27170f84d06857adc49513bf50370bb6b9a685bd3010adf4930b69b246,3936065,False,Infinity,Infinity
galacticlove,Galactic Love,2,FTR,9,Infinity songlist,assets/songs/galacticlove/2.aff,assets/songs/galacticlove/base.ogg,37442,9a20ab3f0f27840bb80d76a1825d7c3797be162b18f980dcd1e2ce01bc668cf1,3936065,False,Infinity,Infinity
lawlesspoint,Lawless Point,0,PST,3,Infinity songlist,assets/songs/lawlesspoint/0.aff,assets/songs/lawlesspoint/base.ogg,7721,a897b733ece88cf3971fe6482d3009001b9582f6a16549cc623220f9576bc77a,3810712,False,Infinity,Infinity
lawlesspoint,Lawless Point,1,PRS,6,Infinity songlist,assets/songs/lawlesspoint/1.aff,assets/songs/lawlesspoint/base.ogg,12335,a0286ec2e91e9ce1ad00757fd6612a776d7c23d9c828c6225027e4e603aff5a5,3810712,False,Infinity,Infinity
lawlesspoint,Lawless Point,2,FTR,9,Infinity songlist,assets/songs/lawlesspoint/2.aff,assets/songs/lawlesspoint/base.ogg,28668,38b89dfede738563ca89b98b908e710b4eaf0b41facc049da38697b9ae1fd90f,3810712,False,Infinity,Infinity
lostintheabyss,Lost in the Abyss,0,PST,3,Infinity songlist,assets/songs/lostintheabyss/0.aff,assets/songs/lostintheabyss/base.ogg,15379,b4609e58047dfe85895dba2b75710519e5543b31945f5181f40a18cdd2e63b87,4100537,False,Infinity,Infinity
lostintheabyss,Lost in the Abyss,1,PRS,6,Infinity songlist,assets/songs/lostintheabyss/1.aff,assets/songs/lostintheabyss/base.ogg,20993,1753f64a40f04ee1c2d11d044d5e4343d28fa07a8d679834a2fe182da6b21cad,4100537,False,Infinity,Infinity
lostintheabyss,Lost in the Abyss,2,FTR,9,Infinity songlist,assets/songs/lostintheabyss/2.aff,assets/songs/lostintheabyss/base.ogg,43319,7c245c06e20262c3592875d8e5c4285ba84910294a5c234a2612ca22d9dc5861,4100537,False,Infinity,Infinity
hybris,Hybris (The one who shattered),0,PST,4,Infinity songlist,assets/songs/hybris/0.aff,assets/songs/hybris/base.ogg,18246,939fe99191f9c50568716d0245c226d54cf6ffd9112f69027e9acb58a21a199d,3948733,False,Infinity,Infinity
hybris,Hybris (The one who shattered),1,PRS,7,Infinity songlist,assets/songs/hybris/1.aff,assets/songs/hybris/base.ogg,25649,6cf6febfb662b0b09b94b8e0db241baabc93d4a108f6e06590183b9054707066,3948733,False,Infinity,Infinity
hybris,Hybris (The one who shattered),2,FTR,9,Infinity songlist,assets/songs/hybris/2.aff,assets/songs/hybris/base.ogg,58211,e8b81e1e85745fe4f9cf7eb434daaa8569305ab0041b9f9c5a1952147d4f30cc,3948733,False,Infinity,Infinity
tothemilkyway,To the Milky Way,0,PST,5,Infinity songlist,assets/songs/tothemilkyway/0.aff,assets/songs/tothemilkyway/base.ogg,16937,4ec2a15232120ae80a9fc712658d66d500aa89d9c6fb1da1041d6b53debd7ac2,4039704,False,Infinity,Infinity
tothemilkyway,To the Milky Way,1,PRS,8,Infinity songlist,assets/songs/tothemilkyway/1.aff,assets/songs/tothemilkyway/base.ogg,34832,5d47d92d40b6106ae027e2a4ef4d3ea4730eefda91ad6343a1c414e02e83ddf4,4039704,False,Infinity,Infinity
tothemilkyway,To the Milky Way,2,FTR,10,Infinity songlist,assets/songs/tothemilkyway/2.aff,assets/songs/tothemilkyway/base.ogg,73148,70d7950cb526d544de5f9d46eee8e15345d27a192fd3b78fc40ef599657e19c4,4039704,False,Infinity,Infinity
internetyamero,INTERNET YAMERO,0,PST,4,Infinity songlist,assets/songs/internetyamero/0.aff,assets/songs/internetyamero/base.ogg,15643,110f2345ba5979eee6d3d06f91dcf271216839e5d299179892deb819cdf86bcf,4411370,False,Infinity,Infinity
internetyamero,INTERNET YAMERO,1,PRS,7,Infinity songlist,assets/songs/internetyamero/1.aff,assets/songs/internetyamero/base.ogg,32477,f1ef1b6f80864911f19fa933809b0bf0a042fff622e181eea9e26a892055a264,4411370,False,Infinity,Infinity
internetyamero,INTERNET YAMERO,2,FTR,10,Infinity songlist,assets/songs/internetyamero/2.aff,assets/songs/internetyamero/base.ogg,204293,5bcef7e11608f26417f95d98b46f000231371939af60e102ff8d570dc3943b18,4411370,False,Infinity,Infinity
bulletwaiting,Bullet Waiting for Me (James Landino remix),0,PST,2,Infinity songlist,assets/songs/bulletwaiting/0.aff,assets/songs/bulletwaiting/base.ogg,7894,1213401bd17603cac97e49bfa2dc484e397fedcabf893c29a00ca62618385282,3654026,False,Infinity,Infinity
bulletwaiting,Bullet Waiting for Me (James Landino remix),1,PRS,4,Infinity songlist,assets/songs/bulletwaiting/1.aff,assets/songs/bulletwaiting/base.ogg,12142,d8e4ce81617a72d24cbccfec1600f7e2ec5f6f05d97034e9a39e7448f00e156c,3654026,False,Infinity,Infinity
bulletwaiting,Bullet Waiting for Me (James Landino remix),2,FTR,8,Infinity songlist,assets/songs/bulletwaiting/2.aff,assets/songs/bulletwaiting/base.ogg,29712,de4bf00507e10147e4c7df613158d28e48ee0cbd030bc1e2c37a95438692b2b0,3654026,False,Infinity,Infinity
devillicsphere,Devillic Sphere,0,PST,4,Infinity songlist,assets/songs/devillicsphere/0.aff,assets/songs/devillicsphere/base.ogg,11820,4598382055108f20d705954af98deade4cf67f21b1c2ca6dbae0062903e8b996,3069139,False,Infinity,Infinity
devillicsphere,Devillic Sphere,1,PRS,7,Infinity songlist,assets/songs/devillicsphere/1.aff,assets/songs/devillicsphere/base.ogg,20791,e941ad9e5ce953a60ea10e689a775824899b9963cdd5c69c5be38b213fbb0ebd,3069139,False,Infinity,Infinity
devillicsphere,Devillic Sphere,2,FTR,9,Infinity songlist,assets/songs/devillicsphere/2.aff,assets/songs/devillicsphere/base.ogg,54589,8d2ffe59bedffb0d1f5f159e457436dfead7c692c47c36d5db9176a9d81d9d51,3069139,False,Infinity,Infinity
lucidtraveler,Lucid Traveler,0,PST,4,Infinity songlist,assets/songs/lucidtraveler/0.aff,assets/songs/lucidtraveler/base.ogg,16735,256670ce50c038f672b30e546fdb7f474702b2fc92c30701c9b1589269dd6b27,3860139,False,Infinity,Infinity
lucidtraveler,Lucid Traveler,1,PRS,8,Infinity songlist,assets/songs/lucidtraveler/1.aff,assets/songs/lucidtraveler/base.ogg,32349,446a78914fd29dcbc659a9ff7fdaee497a17038e0cd5b9d59e2b1b5948295214,3860139,False,Infinity,Infinity
lucidtraveler,Lucid Traveler,2,FTR,10,Infinity songlist,assets/songs/lucidtraveler/2.aff,assets/songs/lucidtraveler/base.ogg,102085,1e39cfe64a47c253fe6964f6b758602260a93cb2f2cbf56758f0ab899086a573,3860139,False,Infinity,Infinity
chaos,CHAOS,0,PST,5,Infinity songlist,assets/songs/chaos/0.aff,assets/songs/chaos/base.ogg,16197,c0d5ac9c6998826be2dd15140a29b27978a2c720094d6f45fb9b360dafb56f7f,4111192,False,Infinity,Infinity
chaos,CHAOS,1,PRS,7,Infinity songlist,assets/songs/chaos/1.aff,assets/songs/chaos/base.ogg,25300,30940e137a0a28a4fd57c11c1169a2fad89dad684526dd6aa9f0bf5394c3d2f7,4111192,False,Infinity,Infinity
chaos,CHAOS,2,FTR,10,Infinity songlist,assets/songs/chaos/2.aff,assets/songs/chaos/base.ogg,72306,a4dfb751b8ea18eb974c65a8caae42b9fb12914b7735b3db0b852d19dbd1ca2f,4111192,False,Infinity,Infinity
usedtobe,Used to be,0,PST,4,Infinity songlist,assets/songs/usedtobe/0.aff,assets/songs/usedtobe/base.ogg,7503,bf798a32e9c3630cd595298ed267ff5a9b122d2044caf40ee9e32dd97b3f6e49,4536201,False,Infinity,Infinity
usedtobe,Used to be,1,PRS,6,Infinity songlist,assets/songs/usedtobe/1.aff,assets/songs/usedtobe/base.ogg,20181,a2062df986213ca444077e941f89336c0797587d5d3a68fb2abc5e80b21fb985,4536201,False,Infinity,Infinity
usedtobe,Used to be,2,FTR,9,Infinity songlist,assets/songs/usedtobe/2.aff,assets/songs/usedtobe/base.ogg,35281,89ae9f281440f976124961de0291024cb9ca7cce40e0e6cecb8accedd4de6b9d,4536201,False,Infinity,Infinity
ultimatetaste,Ultimate taste,0,PST,3,Infinity songlist,assets/songs/ultimatetaste/0.aff,assets/songs/ultimatetaste/base.ogg,20163,4d3856b55dd820723fc564bb40d0b158516f46e7d4bd51fd6c5368cbf04eb63d,4251956,False,Infinity,Infinity
ultimatetaste,Ultimate taste,1,PRS,6,Infinity songlist,assets/songs/ultimatetaste/1.aff,assets/songs/ultimatetaste/base.ogg,25566,6df3ff7171b5773765ed53e5c338de3ede8523f7f1fa272982836bd0236a65e7,4251956,False,Infinity,Infinity
ultimatetaste,Ultimate taste,2,FTR,9,Infinity songlist,assets/songs/ultimatetaste/2.aff,assets/songs/ultimatetaste/base.ogg,62474,68344a99d2c9a29d3ccbcde04095e14056e92eb1a605da4febd313ec116e19f5,4251956,False,Infinity,Infinity
syuten,syūten,0,PST,2,Infinity songlist,assets/songs/syuten/0.aff,assets/songs/syuten/base.ogg,7555,0e64a264f98d9f38f58df6adcb939eacb63bdb200e0d0054d466f6330d506cee,3590992,False,Infinity,Infinity
syuten,syūten,1,PRS,5,Infinity songlist,assets/songs/syuten/1.aff,assets/songs/syuten/base.ogg,9990,7bfb973464e622b45c83282d3cfd3d32d14b2970b356c7d07c51851a8a9075da,3590992,False,Infinity,Infinity
syuten,syūten,2,FTR,8,Infinity songlist,assets/songs/syuten/2.aff,assets/songs/syuten/base.ogg,29837,3890a8b3dd93ad2403e6ffdc0ecae129fae7a0478e113c6b88ca926efa5e1d46,3590992,False,Infinity,Infinity
drg,DRG,0,PST,3,Infinity songlist,assets/songs/drg/0.aff,assets/songs/drg/base.ogg,4888,b94c6738a66744e7ed09e92966e3c57eb0a15bf13d2a85758caf2626eb041d94,2867598,False,Infinity,Infinity
drg,DRG,1,PRS,7,Infinity songlist,assets/songs/drg/1.aff,assets/songs/drg/base.ogg,26925,3b2285dc388386b9c12902c77b6c7a7ea3f268c5f72fddf2af2282c7081730f2,2867598,False,Infinity,Infinity
drg,DRG,2,FTR,9,Infinity songlist,assets/songs/drg/2.aff,assets/songs/drg/base.ogg,25050,8574e46ea39518b9841c1caa0cbdf53de4610bcbe2b260e802da0396bf69d46d,2867598,False,Infinity,Infinity
nnglooms,99 Glooms,0,PST,4,Infinity songlist,assets/songs/nnglooms/0.aff,assets/songs/nnglooms/base.ogg,10168,88b85155dc5c903f9d438954f57ccbc1f9856a643ddcc3d699f5460d86616592,3952040,False,Infinity,Infinity
nnglooms,99 Glooms,1,PRS,7,Infinity songlist,assets/songs/nnglooms/1.aff,assets/songs/nnglooms/base.ogg,22717,35f3a9eeaa1be98cf9f59d36d7d6fdcffb251e289a1c0ad1a5b6d4a0652412e7,3952040,False,Infinity,Infinity
nnglooms,99 Glooms,2,FTR,10,Infinity songlist,assets/songs/nnglooms/2.aff,assets/songs/nnglooms/base.ogg,55697,059bb09ca492813adb3c37ea276daa3eaddba009bfe73426e0a757b3e055052a,3952040,False,Infinity,Infinity
ii, ͟͝͞Ⅱ́̕ ,0,PST,5,Infinity songlist,assets/songs/ii/0.aff,assets/songs/ii/base.ogg,12705,04e470cfccd0fe94921eeba3e6769c4ea1d20ebe38406e803a83b98f446e35b8,3982325,False,Infinity,Infinity
ii, ͟͝͞Ⅱ́̕ ,1,PRS,8,Infinity songlist,assets/songs/ii/1.aff,assets/songs/ii/base.ogg,25765,a16a5b851fc178dd78bf58e843a65de8368ab2958b2a4879fc58878d164d380d,3982325,False,Infinity,Infinity
ii, ͟͝͞Ⅱ́̕ ,2,FTR,10,Infinity songlist,assets/songs/ii/2.aff,assets/songs/ii/base.ogg,73128,1c5462bd16557d452031b5f654fd54fb2e9f13d9eea012c450e248525adc4ce6,3982325,False,Infinity,Infinity
magnolia,Magnolia,0,PST,4,Infinity songlist,assets/songs/magnolia/0.aff,assets/songs/magnolia/base.ogg,12712,97529b997f3c39d9d1bd722e31fc2feb01b47cfd98f1eaef9fdf362ad273faf7,3530802,False,Infinity,Infinity
magnolia,Magnolia,1,PRS,7,Infinity songlist,assets/songs/magnolia/1.aff,assets/songs/magnolia/base.ogg,24665,e8d0daeb7310ce6b545de1dca562ec31199213cc8d6a7fcc250a1bd86fe2b9ef,3530802,False,Infinity,Infinity
magnolia,Magnolia,2,FTR,10,Infinity songlist,assets/songs/magnolia/2.aff,assets/songs/magnolia/base.ogg,49602,79de6fb80b8855b61106c7e78ec9049f0b05ac88868197b846c430e6f5b21e5d,3530802,False,Infinity,Infinity
sacrifice,SACRIFICE feat. ayame,0,PST,3,Infinity songlist,assets/songs/sacrifice/0.aff,assets/songs/sacrifice/base.ogg,10570,968f213df5912e2e7bc16bd36ecedb1baabc6275b612a9eb689528c11b1dfd79,3268645,False,Infinity,Infinity
sacrifice,SACRIFICE feat. ayame,1,PRS,7,Infinity songlist,assets/songs/sacrifice/1.aff,assets/songs/sacrifice/base.ogg,21070,091c037b6cb0bb27ade2aa2fd857d89f12e887141f326a61a0a0095541bfb1e2,3268645,False,Infinity,Infinity
sacrifice,SACRIFICE feat. ayame,2,FTR,9,Infinity songlist,assets/songs/sacrifice/2.aff,assets/songs/sacrifice/base.ogg,49346,cc1cd3c30bd8a88fc69871cc6cd09d98fac1b90826521a543e8d21228ea2357a,3268645,False,Infinity,Infinity
rgb,RGB,0,PST,4,Infinity songlist,assets/songs/rgb/0.aff,assets/songs/rgb/base.ogg,14435,ca7f1e381929bc534f0779fdae0af5bffb69a9306acd08795b607d4a8e0198e1,3902166,False,Infinity,Infinity
rgb,RGB,1,PRS,7,Infinity songlist,assets/songs/rgb/1.aff,assets/songs/rgb/base.ogg,26277,6eb0a50ac1f4a3aec835341bda6c5d33abc2bd39af44c51f1be5a8c307d85895,3902166,False,Infinity,Infinity
rgb,RGB,2,FTR,9,Infinity songlist,assets/songs/rgb/2.aff,assets/songs/rgb/base.ogg,71581,179eec9d5acbc3ce1e1452ac362b306723354999f5154d997ca533fe3c89b9f0,3902166,False,Infinity,Infinity
waitfordawn,WAIT FOR DAWN,0,PST,2,Infinity songlist,assets/songs/waitfordawn/0.aff,assets/songs/waitfordawn/base.ogg,11897,f514907e5902745e9ed566ab6b2f12813c9a5970a9de4fc217a64f630dfb8021,3199712,False,Infinity,Infinity
waitfordawn,WAIT FOR DAWN,1,PRS,7,Infinity songlist,assets/songs/waitfordawn/1.aff,assets/songs/waitfordawn/base.ogg,25295,bfc837376d9d72240f6367e1f533016ae30feee1ae7f98239dd6bf6f2faf0c18,3199712,False,Infinity,Infinity
waitfordawn,WAIT FOR DAWN,2,FTR,8,Infinity songlist,assets/songs/waitfordawn/2.aff,assets/songs/waitfordawn/base.ogg,42588,672489f93b17232f0c14d10aa28476f35074504a9773e921ae81efdd445a210b,3199712,False,Infinity,Infinity
ravenspride,Raven's Pride,0,PST,3,Infinity songlist,assets/songs/ravenspride/0.aff,assets/songs/ravenspride/base.ogg,15498,bbcc50e726b53ebfcd224775329126452cbc52a8b29ccc9e1adb8b47dd3cdd43,3670958,False,Infinity,Infinity
ravenspride,Raven's Pride,1,PRS,7,Infinity songlist,assets/songs/ravenspride/1.aff,assets/songs/ravenspride/base.ogg,26956,9f41627777dd8d135ac4bc5b71791ced6e76459b0ab86c36e0ff0d1844d9de7b,3670958,False,Infinity,Infinity
ravenspride,Raven's Pride,2,FTR,9,Infinity songlist,assets/songs/ravenspride/2.aff,assets/songs/ravenspride/base.ogg,50426,ed1638b01e60e0eab4f25cdcff82257bf83d357dfe596f73b2d6d361a2fb2c66,3670958,False,Infinity,Infinity
riseoftheworld,Rise of the World,0,PST,4,Infinity songlist,assets/songs/riseoftheworld/0.aff,assets/songs/riseoftheworld/base.ogg,12529,2d4d33dafb7a2f780351dacb4be39dac622ce71b4659ea553234dc94fb357cda,3405817,False,Infinity,Infinity
riseoftheworld,Rise of the World,1,PRS,8,Infinity songlist,assets/songs/riseoftheworld/1.aff,assets/songs/riseoftheworld/base.ogg,19824,7c7d9ceda1bd9051829fe654a85ab61b4f882276e21e0d1d170267903694e937,3405817,False,Infinity,Infinity
riseoftheworld,Rise of the World,2,FTR,10,Infinity songlist,assets/songs/riseoftheworld/2.aff,assets/songs/riseoftheworld/base.ogg,63427,5b18ec657fde7b52c20a245b71908e33440d3e287f2b88230c77dab3c0ac18c7,3405817,False,Infinity,Infinity
unknownlevels,UNKNOWN LEVELS,0,PST,4,Infinity songlist,assets/songs/unknownlevels/0.aff,assets/songs/unknownlevels/base.ogg,16132,dd53c72e1616baf3d0d2539b3dade97ba424c04dfbe491f5a65fd520542cc451,3776107,False,Infinity,Infinity
unknownlevels,UNKNOWN LEVELS,1,PRS,8,Infinity songlist,assets/songs/unknownlevels/1.aff,assets/songs/unknownlevels/base.ogg,28167,99ded7f7c317f2554c1bc40567c8e304ea6176bf42086c43a9c3bf39505a19f6,3776107,False,Infinity,Infinity
unknownlevels,UNKNOWN LEVELS,2,FTR,10,Infinity songlist,assets/songs/unknownlevels/2.aff,assets/songs/unknownlevels/base.ogg,89652,db3bd5d86affe9c384352377084a468c1ae487be45d5e0bc536a586c9d38d05a,3776107,False,Infinity,Infinity
abstrusedilemma,Abstruse Dilemma,0,PST,5,Infinity songlist,assets/songs/abstrusedilemma/0.aff,assets/songs/abstrusedilemma/base.ogg,21874,f16e927fbdf80875a8a2ca526bfd0b7fe59d41821c5acd3c1833db23a136e323,3910576,False,Infinity,Infinity
abstrusedilemma,Abstruse Dilemma,1,PRS,8,Infinity songlist,assets/songs/abstrusedilemma/1.aff,assets/songs/abstrusedilemma/base.ogg,36008,073b6993757c3b79d4d83a0123a14ee326d1817aa5389b1a866cd5b73ee902a6,3910576,False,Infinity,Infinity
abstrusedilemma,Abstruse Dilemma,2,FTR,11,Infinity songlist,assets/songs/abstrusedilemma/2.aff,assets/songs/abstrusedilemma/base.ogg,115131,5bcfbc244504d41386002cabff577696406091c66809a3c8e73281020a9e6264,3910576,False,Infinity,Infinity
matenrou,Kanjou no Matenrou ～Arr.Demetori,0,PST,3,Infinity songlist,assets/songs/matenrou/0.aff,assets/songs/matenrou/base.ogg,14417,904eab496f770a3b943a98851001d1a61bbdf70c8eb10b9101660ac76ec4389c,3733369,False,Infinity,Infinity
matenrou,Kanjou no Matenrou ～Arr.Demetori,1,PRS,6,Infinity songlist,assets/songs/matenrou/1.aff,assets/songs/matenrou/base.ogg,22513,6a03e058398412a0a74b305bb48d6a639e9bbbf5513e0ba8f0eb1d80e63a78a6,3733369,False,Infinity,Infinity
matenrou,Kanjou no Matenrou ～Arr.Demetori,2,FTR,9,Infinity songlist,assets/songs/matenrou/2.aff,assets/songs/matenrou/base.ogg,51443,18b7a7b6159b3f4f904522ec9be4bbd4821fb6ec8eadbd81bb98a27b00eebc07,3733369,False,Infinity,Infinity
tothefurthestdream,To the Furthest Dream,0,PST,4,Infinity songlist,assets/songs/tothefurthestdream/0.aff,assets/songs/tothefurthestdream/base.ogg,14525,cc94818c1e5c725513ed9de0406c3a2dfe88d1f671f8cc83080980ae2175a974,3786933,False,Infinity,Infinity
tothefurthestdream,To the Furthest Dream,1,PRS,8,Infinity songlist,assets/songs/tothefurthestdream/1.aff,assets/songs/tothefurthestdream/base.ogg,31793,0c866373e1125198449844b281dad25bd36f8b85fd1f6a6add205bbaa40a9fcd,3786933,False,Infinity,Infinity
tothefurthestdream,To the Furthest Dream,2,FTR,9,Infinity songlist,assets/songs/tothefurthestdream/2.aff,assets/songs/tothefurthestdream/base.ogg,63732,c09b791ae08968092795849936cd1165c8f660d3642e6243247fcd9a22a7a85e,3786933,False,Infinity,Infinity
remindthesouls,Remind the Souls (Short Version),0,PST,3,Infinity songlist,assets/songs/remindthesouls/0.aff,assets/songs/remindthesouls/base.ogg,9218,65e38f6568cd3d51d8a86d7944ab54120fbce9809d479122b062549c2800378b,3862684,False,Infinity,Infinity
remindthesouls,Remind the Souls (Short Version),1,PRS,7,Infinity songlist,assets/songs/remindthesouls/1.aff,assets/songs/remindthesouls/base.ogg,14513,b33a9c81886554edcad9e56694818c54ad819415284334d3fcfe996daf5551b4,3862684,False,Infinity,Infinity
remindthesouls,Remind the Souls (Short Version),2,FTR,9,Infinity songlist,assets/songs/remindthesouls/2.aff,assets/songs/remindthesouls/base.ogg,40555,7a97660f5c4ce298dbed07577aeea53d79f17d842022e3f8c13742c306e55054,3862684,False,Infinity,Infinity
dynitikos,Dynitikós,0,PST,4,Infinity songlist,assets/songs/dynitikos/0.aff,assets/songs/dynitikos/base.ogg,14743,9723bf659551796c8864ca5fc5ba411ad797e66417a16cbc6eaee4c6fbe33a5f,3740599,False,Infinity,Infinity
dynitikos,Dynitikós,1,PRS,7,Infinity songlist,assets/songs/dynitikos/1.aff,assets/songs/dynitikos/base.ogg,22532,d611747ff0c8985bc3f64a9d989dc1deaff8bb068a3b942627c2106534e55187,3740599,False,Infinity,Infinity
dynitikos,Dynitikós,2,FTR,9,Infinity songlist,assets/songs/dynitikos/2.aff,assets/songs/dynitikos/base.ogg,36266,623e08c256c0b5e1ceefa32aa64d30fc0c69fa6abd9f3fc82e34f1d8409d3889,3740599,False,Infinity,Infinity
amekagura,Amekagura,0,PST,4,Infinity songlist,assets/songs/amekagura/0.aff,assets/songs/amekagura/base.ogg,10485,4102f5496ee0416e7c4d073ba756a9c9a3bec9a7e1ba021e1d0fba407bfb2cf8,3242897,False,Infinity,Infinity
amekagura,Amekagura,1,PRS,7,Infinity songlist,assets/songs/amekagura/1.aff,assets/songs/amekagura/base.ogg,19524,7c09980c11bc353f10b0f6f0a9b69a600180a4e5a3fde00bdc1351da69502db6,3242897,False,Infinity,Infinity
amekagura,Amekagura,2,FTR,9,Infinity songlist,assets/songs/amekagura/2.aff,assets/songs/amekagura/base.ogg,51092,6a4865b3289a7af2454541d755d9a75f13bd8aecf94a0ae951df5151464968c6,3242897,False,Infinity,Infinity
bbkkbkk,B.B.K.K.B.K.K.,0,PST,4,Infinity songlist,assets/songs/bbkkbkk/0.aff,assets/songs/bbkkbkk/base.ogg,13916,25e82ddcd8a3f6e12e8f37b13afa19c00a414260768e3bbe293dc6a973cf5ec8,3123717,False,Infinity,Infinity
bbkkbkk,B.B.K.K.B.K.K.,1,PRS,7,Infinity songlist,assets/songs/bbkkbkk/1.aff,assets/songs/bbkkbkk/base.ogg,22284,dc7df348d87c85f9018e0770ab52bb80fa701fd41191d120a9fb3592b417569a,3123717,False,Infinity,Infinity
bbkkbkk,B.B.K.K.B.K.K.,2,FTR,9,Infinity songlist,assets/songs/bbkkbkk/2.aff,assets/songs/bbkkbkk/base.ogg,48614,9c3e97bb4d80ece0ed9c854707eb1bc49aa4dd7289fc32867e342fb49642d393,3123717,False,Infinity,Infinity
primevaltexture,Primeval Texture,0,PST,3,Infinity songlist,assets/songs/primevaltexture/0.aff,assets/songs/primevaltexture/base.ogg,8426,759d98bfcdf821b7922d49947aa6840f135f7cba1220ef3933c1c2a36f3cc110,3244035,False,Infinity,Infinity
primevaltexture,Primeval Texture,1,PRS,7,Infinity songlist,assets/songs/primevaltexture/1.aff,assets/songs/primevaltexture/base.ogg,15293,2dcaf2cc8976901333cfd5be36c75d43e8592076fddf96e4ca9e562e5170c46b,3244035,False,Infinity,Infinity
primevaltexture,Primeval Texture,2,FTR,9,Infinity songlist,assets/songs/primevaltexture/2.aff,assets/songs/primevaltexture/base.ogg,43975,be4522d304e27905647ac0e9974b23f3a5296d31f5b0684028384e095f4f551a,3244035,False,Infinity,Infinity
technicolour,Technicolour,0,PST,3,Infinity songlist,assets/songs/technicolour/0.aff,assets/songs/technicolour/base.ogg,9367,6a1dbc53d296417afd0e5a6a980c18a8d962cc56a057ee59242cf529602adf25,3677905,False,Infinity,Infinity
technicolour,Technicolour,1,PRS,7,Infinity songlist,assets/songs/technicolour/1.aff,assets/songs/technicolour/base.ogg,18756,3d31b4ba058ddaedd4b848ef0af9ea8ee086c08f0b221a3c892a5ff9a0a10239,3677905,False,Infinity,Infinity
technicolour,Technicolour,2,FTR,9,Infinity songlist,assets/songs/technicolour/2.aff,assets/songs/technicolour/base.ogg,55345,51e5b53fb25baf636b4bfa983580f1f617395eb92f5eddab9bcb6355cff14f9f,3677905,False,Infinity,Infinity
logos,Logos,0,PST,4,Infinity songlist,assets/songs/logos/0.aff,assets/songs/logos/base.ogg,16751,ae774a41f4ea6e14f363b1d12557bb1f1cc1426972f04601ebe7d9c9b492444e,3328902,False,Infinity,Infinity
logos,Logos,1,PRS,7,Infinity songlist,assets/songs/logos/1.aff,assets/songs/logos/base.ogg,21600,d42b202147e8dff5495a526063c2e62128c41e77ddd063278a30adfd0c660e8f,3328902,False,Infinity,Infinity
logos,Logos,2,FTR,10,Infinity songlist,assets/songs/logos/2.aff,assets/songs/logos/base.ogg,43784,55d81dbeb63959d1d3c5fccc57c7f2b8efa44260ebfa122518c9d3665bdd47f3,3328902,False,Infinity,Infinity
egoeimi,Ego Eimi,0,PST,5,Infinity songlist,assets/songs/egoeimi/0.aff,assets/songs/egoeimi/base.ogg,15084,423820b04f9e117f3e1a62deec0ce39cfd833425c43294f7a3e3f38caa12cfeb,3784959,False,Infinity,Infinity
egoeimi,Ego Eimi,1,PRS,8,Infinity songlist,assets/songs/egoeimi/1.aff,assets/songs/egoeimi/base.ogg,32162,bff8c1335b1a7b0efb21f825acd6be6f13842960147eb8ff8b41ed749428dfc4,3784959,False,Infinity,Infinity
egoeimi,Ego Eimi,2,FTR,10,Infinity songlist,assets/songs/egoeimi/2.aff,assets/songs/egoeimi/base.ogg,64155,906fbe3a377edb5fc8e6a16eb1e5a510016aefde87f978f0f5caa8b8d07b3d73,3784959,False,Infinity,Infinity
arghena,Arghena,0,PST,7,Infinity songlist,assets/songs/arghena/0.aff,assets/songs/arghena/base.ogg,21201,561fb71e38ed6817951bea71a9dbcdaa4174791f8e5854c6be669add0ffd0808,3714285,False,Infinity,Infinity
arghena,Arghena,1,PRS,9,Infinity songlist,assets/songs/arghena/1.aff,assets/songs/arghena/base.ogg,42119,0906678fdf9743b2ff408d7096ae48d092cf74f9da21ff646b206968c5f71fa3,3714285,False,Infinity,Infinity
arghena,Arghena,2,FTR,11,Infinity songlist,assets/songs/arghena/2.aff,assets/songs/arghena/base.ogg,134942,4008e47d0a04b50581885f16294dd94ae4bb8c273739406de5180d267ca57926,3714285,False,Infinity,Infinity
fantasy,FANTA5Y,0,PST,3,Infinity songlist,assets/songs/fantasy/0.aff,assets/songs/fantasy/base.ogg,12341,069a29a6ee2e3d284da373b4ab0c1df8288068bee88939ae20d6b8cac30884d2,3459939,False,Infinity,Infinity
fantasy,FANTA5Y,1,PRS,7,Infinity songlist,assets/songs/fantasy/1.aff,assets/songs/fantasy/base.ogg,20706,cea4212a6e84806450929ea9223cee6a708dbb6fc8335c5a46565a27624bab5c,3459939,False,Infinity,Infinity
fantasy,FANTA5Y,2,FTR,9,Infinity songlist,assets/songs/fantasy/2.aff,assets/songs/fantasy/base.ogg,40248,0f26aff3ab2d092e7b7dd4fb7cfcfc4dcb8b39e851d66d650862b70ec9130045,3459939,False,Infinity,Infinity
transientspace,Transient Space,0,PST,2,Infinity songlist,assets/songs/transientspace/0.aff,assets/songs/transientspace/base.ogg,12139,7c682090e489f22b5c3924b3b460e5770605bbca783551a05d9211a0d803d6a0,3841064,False,Infinity,Infinity
transientspace,Transient Space,1,PRS,7,Infinity songlist,assets/songs/transientspace/1.aff,assets/songs/transientspace/base.ogg,20015,4627d016d37f79527eceb69a1e9dd04030992f30aa4608c1b3f2fae74da3e676,3841064,False,Infinity,Infinity
transientspace,Transient Space,2,FTR,9,Infinity songlist,assets/songs/transientspace/2.aff,assets/songs/transientspace/base.ogg,37512,a05d584060e1abcfa2d6f0a0b207c52880cd19304de6b3bf7bd4a3420be1c9bb,3841064,False,Infinity,Infinity
namelesspassion,Nameless Passion,0,PST,3,Infinity songlist,assets/songs/namelesspassion/0.aff,assets/songs/namelesspassion/base.ogg,6457,09731ef52fd4b9fb73af4e03a2a8684ba952585bc1f19aa36ade5876218ed9f3,3815187,False,Infinity,Infinity
namelesspassion,Nameless Passion,1,PRS,7,Infinity songlist,assets/songs/namelesspassion/1.aff,assets/songs/namelesspassion/base.ogg,15489,74b2b28d9f0a6fafa7cad1b7d4bdd667312520ef856f790c578298e77c5975b7,3815187,False,Infinity,Infinity
namelesspassion,Nameless Passion,2,FTR,9,Infinity songlist,assets/songs/namelesspassion/2.aff,assets/songs/namelesspassion/base.ogg,36712,324521bfe68ed7d4e67c0eba4f8a270afd608025211d59ba917a5f043279f26f,3815187,False,Infinity,Infinity
teravolt,TeraVolt,0,PST,5,Infinity songlist,assets/songs/teravolt/0.aff,assets/songs/teravolt/base.ogg,16468,ecdb949c07190bc98049c8ef41606c59a27d4bbe93ccb1bdf2e428187b999ea7,3460610,False,Infinity,Infinity
teravolt,TeraVolt,1,PRS,8,Infinity songlist,assets/songs/teravolt/1.aff,assets/songs/teravolt/base.ogg,23244,18758692fa764558a497044623585433525cf5ab5ec04467680df615d49b2266,3460610,False,Infinity,Infinity
teravolt,TeraVolt,2,FTR,10,Infinity songlist,assets/songs/teravolt/2.aff,assets/songs/teravolt/base.ogg,62725,813db65ff595bacb4a7f3b9898d6351ccdf1b758e0bb1dd227656082738ca8a3,3460610,False,Infinity,Infinity
stratoliner,Stratoliner,0,PST,3,Infinity songlist,assets/songs/stratoliner/0.aff,assets/songs/stratoliner/base.ogg,14657,713951cc53cca9b66b50f500045ae68d07ab0df492a6410399d2c5ed4b39845a,3049471,False,Infinity,Infinity
stratoliner,Stratoliner,1,PRS,6,Infinity songlist,assets/songs/stratoliner/1.aff,assets/songs/stratoliner/base.ogg,20647,f0cd0e74d6b6c59873fb18e45a2918a61f981e87fd3dc4c01bc6785180d88003,3049471,False,Infinity,Infinity
stratoliner,Stratoliner,2,FTR,9,Infinity songlist,assets/songs/stratoliner/2.aff,assets/songs/stratoliner/base.ogg,39120,847db67a77106f570c079f5e244c1eb348a0ee4e8f813775c9717a6ff5be10d3,3049471,False,Infinity,Infinity
ouverture,Ouvertüre,0,PST,2,Infinity songlist,assets/songs/ouverture/0.aff,assets/songs/ouverture/base.ogg,8158,45a5c4bf706537fc64263a4652f350a26d7439478f232d9e8bfddec87f26fe3a,3439925,False,Infinity,Infinity
ouverture,Ouvertüre,1,PRS,7,Infinity songlist,assets/songs/ouverture/1.aff,assets/songs/ouverture/base.ogg,15664,36aefda1567886e368bb0ccbac183cb200940260c6ff9dc057b63c30cfafe09c,3439925,False,Infinity,Infinity
ouverture,Ouvertüre,2,FTR,9,Infinity songlist,assets/songs/ouverture/2.aff,assets/songs/ouverture/base.ogg,46561,38f2adc4af5c1aedc9a2ea0d4c105697a1022d28300373d408b6fd16aa807c13,3439925,False,Infinity,Infinity
xtreme,XTREME,0,PST,4,Infinity songlist,assets/songs/xtreme/0.aff,assets/songs/xtreme/base.ogg,18091,01b7851e8db324975c7a6e6066eabcf5999e3e78d2f5a08b2e7d8e97f7c16150,3410741,False,Infinity,Infinity
xtreme,XTREME,1,PRS,7,Infinity songlist,assets/songs/xtreme/1.aff,assets/songs/xtreme/base.ogg,22201,ce7072b6ee405cdee3831c95e862c373e5897aa00418ee3f55086cb8bf421367,3410741,False,Infinity,Infinity
xtreme,XTREME,2,FTR,10,Infinity songlist,assets/songs/xtreme/2.aff,assets/songs/xtreme/base.ogg,56838,cbd5caa080de60402ad179988b7701bf4c9209641ef334ebb2d77fdb5941d582,3410741,False,Infinity,Infinity
edenwacca,eden,0,PST,4,Infinity songlist,assets/songs/edenwacca/0.aff,assets/songs/edenwacca/base.ogg,10981,bef4d4d765c95365167ffabd84fed280aa372791f8f0b988dc9ece55a554258b,3486200,False,Infinity,Infinity
edenwacca,eden,1,PRS,8,Infinity songlist,assets/songs/edenwacca/1.aff,assets/songs/edenwacca/base.ogg,21018,88ea4ca3fc94fe5299d41914168857ec87796c34b12283b6bbb63285d2e1ab7d,3486200,False,Infinity,Infinity
edenwacca,eden,2,FTR,10,Infinity songlist,assets/songs/edenwacca/2.aff,assets/songs/edenwacca/base.ogg,53793,b0fcf876d2fb3dbf2314df2c60d75acf0692ac112c928b2f2693c322b2bc41f8,3486200,False,Infinity,Infinity
metamysteria,Meta-Mysteria,0,PST,5,Infinity songlist,assets/songs/metamysteria/0.aff,assets/songs/metamysteria/base.ogg,14009,991bc0275ac376eb0de28adffa09dff1dc59ce76e998605c67cb11cb600044cf,3579378,False,Infinity,Infinity
metamysteria,Meta-Mysteria,1,PRS,7,Infinity songlist,assets/songs/metamysteria/1.aff,assets/songs/metamysteria/base.ogg,26218,9be459cc2397302d14f7b6f24efa9678e35ed6c4aa0f0a721478ee9e902afbdf,3579378,False,Infinity,Infinity
metamysteria,Meta-Mysteria,2,FTR,10,Infinity songlist,assets/songs/metamysteria/2.aff,assets/songs/metamysteria/base.ogg,67077,92eb302fd65693aa321184df4186038b2238a682c8d5a56542af78437e59b55a,3579378,False,Infinity,Infinity
aloneandlorn,Alone & Lorn,0,PST,3,Infinity songlist,assets/songs/aloneandlorn/0.aff,assets/songs/aloneandlorn/base.ogg,8417,dc683031d857cebb7312294c6bdf74471e9359d8e661e36e1742869d3d23d173,3379541,False,Infinity,Infinity
aloneandlorn,Alone & Lorn,1,PRS,6,Infinity songlist,assets/songs/aloneandlorn/1.aff,assets/songs/aloneandlorn/base.ogg,17002,0cfb82462966271adec1cab193aa145e66bef518441083eebee0c9f7d8380e74,3379541,False,Infinity,Infinity
aloneandlorn,Alone & Lorn,2,FTR,9,Infinity songlist,assets/songs/aloneandlorn/2.aff,assets/songs/aloneandlorn/base.ogg,49669,2482ecc80c79ac7d487e178f7b31ab632b68b095457df2ec6d6da64e8b4759e9,3379541,False,Infinity,Infinity
wishuponasnow,Wish Upon a Snow,0,PST,4,Infinity songlist,assets/songs/wishuponasnow/0.aff,assets/songs/wishuponasnow/base.ogg,20713,293ac45a15c2015f7c89b9ea5911192d815699d9273dd6bf5adb69b6225c79ec,3862491,False,Infinity,Infinity
wishuponasnow,Wish Upon a Snow,1,PRS,7,Infinity songlist,assets/songs/wishuponasnow/1.aff,assets/songs/wishuponasnow/base.ogg,32806,85ce9d6b721f3d9822984a2b396738d86680b054212bec77ada1346f0325fc56,3862491,False,Infinity,Infinity
wishuponasnow,Wish Upon a Snow,2,FTR,10,Infinity songlist,assets/songs/wishuponasnow/2.aff,assets/songs/wishuponasnow/base.ogg,70600,c0da3687207e14e363a1ebc7d3e8516b48341ad216aed2bf84d3051127227355,3862491,False,Infinity,Infinity
overdrive,Kanbu de Tomatte Sugu Tokeru,0,PST,4,Infinity songlist,assets/songs/overdrive/0.aff,assets/songs/overdrive/base.ogg,24442,06b6f841ebea4f270c4b78f05ef679ecc84b70dc37c7462aabd157d57e36dee9,3244568,False,Infinity,Infinity
overdrive,Kanbu de Tomatte Sugu Tokeru,1,PRS,7,Infinity songlist,assets/songs/overdrive/1.aff,assets/songs/overdrive/base.ogg,26155,fc08aa21187df42e7070513fc241dbf5143f43df589a41a92c03c8fddd99b5da,3244568,False,Infinity,Infinity
overdrive,Kanbu de Tomatte Sugu Tokeru,2,FTR,10,Infinity songlist,assets/songs/overdrive/2.aff,assets/songs/overdrive/base.ogg,54404,7f2d1481ff71c54dca3a0041e9beb4fbcbc106361f9450a9eb5577ad58f8ae6b,3244568,False,Infinity,Infinity
felys,felys final remix,0,PST,3,Infinity songlist,assets/songs/felys/0.aff,assets/songs/felys/base.ogg,8940,1a8836828df2ecd69a5437bc7d41ba1100b5188ffe304789f13aa43b7377e4d1,4141273,False,Infinity,Infinity
felys,felys final remix,1,PRS,6,Infinity songlist,assets/songs/felys/1.aff,assets/songs/felys/base.ogg,16921,12da8d82709882f626c596c59cb848a5d4979a0304ca1f6eb0d9ce203f7a925d,4141273,False,Infinity,Infinity
felys,felys final remix,2,FTR,9,Infinity songlist,assets/songs/felys/2.aff,assets/songs/felys/base.ogg,36459,1f7e16c816b319b61e4e23652f1c0c1996561397a18dd10c70029587ff554f47,4141273,False,Infinity,Infinity
onandon,On And On!! feat. Jenga,0,PST,3,Infinity songlist,assets/songs/onandon/0.aff,assets/songs/onandon/base.ogg,7883,b3a3c59e68e56c706de9275dcb881c2f58eaac4fd0da6212fabb134d8f2cc657,2929088,False,Infinity,Infinity
onandon,On And On!! feat. Jenga,1,PRS,7,Infinity songlist,assets/songs/onandon/1.aff,assets/songs/onandon/base.ogg,24394,0dd331496acfa9352838fe628fdd2cab0963d6f72f7e8dadff8748b38209a1a5,2929088,False,Infinity,Infinity
onandon,On And On!! feat. Jenga,2,FTR,9,Infinity songlist,assets/songs/onandon/2.aff,assets/songs/onandon/base.ogg,41444,7179e10ef9743f55beb43f28ae54c879d3ce1ea3a6fbe78b08b1c2548ed91d12,2929088,False,Infinity,Infinity
lightmyway,LIVHT MY WΔY,0,PST,4,Infinity songlist,assets/songs/lightmyway/0.aff,assets/songs/lightmyway/base.ogg,11718,e8b65270394a92ea44016da8d7bfe632c11f06e7e6487529d0aeba1a399195b8,2942799,False,Infinity,Infinity
lightmyway,LIVHT MY WΔY,1,PRS,7,Infinity songlist,assets/songs/lightmyway/1.aff,assets/songs/lightmyway/base.ogg,18198,ef7fcaa9fdcc2f55b820b3135ab8ee04642a363c9b65bbb6b486709d24d37781,2942799,False,Infinity,Infinity
lightmyway,LIVHT MY WΔY,2,FTR,9,Infinity songlist,assets/songs/lightmyway/2.aff,assets/songs/lightmyway/base.ogg,55846,36c5c317f29df4dcdc9e973013489a4e1f142992af50af62992a677b3cfec489,2942799,False,Infinity,Infinity
hotarubinoyuki,Hotarubi no Yuki,0,PST,3,Infinity songlist,assets/songs/hotarubinoyuki/0.aff,assets/songs/hotarubinoyuki/base.ogg,12382,04d698e5a54198ad93a573583db2f59c5cd595e4f06d107dbc38da3aedc21809,3883124,False,Infinity,Infinity
hotarubinoyuki,Hotarubi no Yuki,1,PRS,7,Infinity songlist,assets/songs/hotarubinoyuki/1.aff,assets/songs/hotarubinoyuki/base.ogg,23617,96bb55b5f55133a88f2e9f14f65e439aadc0ce9bb7cf7231067452d25c089a23,3883124,False,Infinity,Infinity
hotarubinoyuki,Hotarubi no Yuki,2,FTR,9,Infinity songlist,assets/songs/hotarubinoyuki/2.aff,assets/songs/hotarubinoyuki/base.ogg,54308,e3d28598749f751bf31842a515e11605843c28145b4a636cb9633facc0207252,3883124,False,Infinity,Infinity
theformula,The Formula,0,PST,3,Infinity songlist,assets/songs/theformula/0.aff,assets/songs/theformula/base.ogg,6578,0bf7b9b1e23492962ffcee192422eb29de86528f039a4cf7dc555f71dcefee00,1003010,False,Infinity,Infinity
theformula,The Formula,1,PRS,6,Infinity songlist,assets/songs/theformula/1.aff,assets/songs/theformula/base.ogg,11423,69e12a2c102894b5f0bea5bc45eb9ebc676e3d432082432423c06ec6da7fd785,1003010,False,Infinity,Infinity
theformula,The Formula,2,FTR,9,Infinity songlist,assets/songs/theformula/2.aff,assets/songs/theformula/base.ogg,39539,e5bf48326ac4028ceaac9cbef49b9db18f152e3af5954c833c941bf5650d8805,1003010,False,Infinity,Infinity
lunarossa,Luna Rossa,0,PST,3,Infinity songlist,assets/songs/lunarossa/0.aff,assets/songs/lunarossa/base.ogg,5585,4fad4b684d0d86663e1c3136a34b0e84f7c62f9f0dc23a802f5ac3d5f832424a,2894931,False,Infinity,Infinity
lunarossa,Luna Rossa,1,PRS,6,Infinity songlist,assets/songs/lunarossa/1.aff,assets/songs/lunarossa/base.ogg,11027,563fc70b1a3a2c0b5fcbe86568b36bc85e888d134d30592bf30f06d2517ba150,2894931,False,Infinity,Infinity
lunarossa,Luna Rossa,2,FTR,9,Infinity songlist,assets/songs/lunarossa/2.aff,assets/songs/lunarossa/base.ogg,29822,2150d82cbf0e96687d717f7cef3d11305f1b869c273469de0886962a1cfd6d52,2894931,False,Infinity,Infinity
jingle,Jingle,0,PST,2,Infinity songlist,assets/songs/jingle/0.aff,assets/songs/jingle/base.ogg,9537,2b5a5afdd7e352689eb6ce7c62f641ac5b3dbc156fa2824f410ea540e0e27387,4067760,False,Infinity,Infinity
jingle,Jingle,1,PRS,5,Infinity songlist,assets/songs/jingle/1.aff,assets/songs/jingle/base.ogg,15889,b38926db61bcfb48700d159ca612e83fb0d1e7e14eabd7fe6b0a8227dfb47de6,4067760,False,Infinity,Infinity
jingle,Jingle,2,FTR,7,Infinity songlist,assets/songs/jingle/2.aff,assets/songs/jingle/base.ogg,23861,e838fa07a32de90597630fe0b8ff16eef96a273fb984b655806173a1cb4fda39,4067760,False,Infinity,Infinity
jingle,Jingle,4,ETR,9,Infinity songlist,assets/songs/jingle/4.aff,assets/songs/jingle/base.ogg,42578,a90303bd078342785592b57efebefc8d88098371f1343c54b46a006bf9832c89,4067760,False,Infinity,Infinity
innocence,Innocence,0,PST,3,Infinity songlist,assets/songs/innocence/0.aff,assets/songs/innocence/base.ogg,9633,105a4b3c36a1cb9213a2d3a16576063fe28756342b26110c2f3edebf6c569ece,3833421,False,Infinity,Infinity
innocence,Innocence,1,PRS,6,Infinity songlist,assets/songs/innocence/1.aff,assets/songs/innocence/base.ogg,16466,d1e117f0111f7f1c9ec8549549d51987470c37c6e4da0002f47fe38582b4f7ef,3833421,False,Infinity,Infinity
innocence,Innocence,2,FTR,8,Infinity songlist,assets/songs/innocence/2.aff,assets/songs/innocence/base.ogg,21997,25f5e03c8507bed89ab4c3208e525259e669240bbeb24912020eea44b7fd93b4,3833421,False,Infinity,Infinity
innocence,Innocence,4,ETR,9,Infinity songlist,assets/songs/innocence/4.aff,assets/songs/innocence/base.ogg,33280,debf4ecadaa7f236100886a78562f8115fb78c8489b628ae18cb7ec1467222b4,3833421,False,Infinity,Infinity
ionostream,IONOSTREAM,0,PST,3,Infinity songlist,assets/songs/ionostream/0.aff,assets/songs/ionostream/base.ogg,7945,e0e654d9aa86aae40ace95e2b52436e280dc39201684517ea30a63458195057f,3205434,False,Infinity,Infinity
ionostream,IONOSTREAM,1,PRS,6,Infinity songlist,assets/songs/ionostream/1.aff,assets/songs/ionostream/base.ogg,11468,e523cc8c9f518e143fb9deb6b8e184354e91c2341f09c72b190588d92f3f1ea2,3205434,False,Infinity,Infinity
ionostream,IONOSTREAM,2,FTR,8,Infinity songlist,assets/songs/ionostream/2.aff,assets/songs/ionostream/base.ogg,37768,47255b45c820ab9692ea8ed8619be84f756483f3967ba000b1f7b6a25493fc31,3205434,False,Infinity,Infinity
ionostream,IONOSTREAM,4,ETR,9,Infinity songlist,assets/songs/ionostream/4.aff,assets/songs/ionostream/base.ogg,38504,9774692bfdb4d2e065053892287859f509459ee4fa16bf515d916b8082a5d963,3205434,False,Infinity,Infinity
alephzero,Aleph-0,0,PST,5,Infinity songlist,assets/songs/alephzero/0.aff,assets/songs/alephzero/base.ogg,11080,ce3a18d4697cc42328f1adb27dcadc2abfe8ec84d85bd6a5f75a9703640ad099,3407255,False,Infinity,Infinity
alephzero,Aleph-0,1,PRS,8,Infinity songlist,assets/songs/alephzero/1.aff,assets/songs/alephzero/base.ogg,29488,4d435f2e44b61411e4a57d5089bbcf743fb47282c7b4b9983c94596e4154e332,3407255,False,Infinity,Infinity
alephzero,Aleph-0,2,FTR,10,Infinity songlist,assets/songs/alephzero/2.aff,assets/songs/alephzero/base.ogg,61334,c03a3538fd8982f4d4239a31541ead12b80b2ec8f2581363e48dd7bd0d890e2e,3407255,False,Infinity,Infinity
masqueradelegion,Masquerade Legion,0,PST,3,Infinity songlist,assets/songs/masqueradelegion/0.aff,assets/songs/masqueradelegion/base.ogg,13540,515141057787ad461cb0b9e03949d283bf71c56cf189fad304b06822e509a3be,3527240,False,Infinity,Infinity
masqueradelegion,Masquerade Legion,1,PRS,6,Infinity songlist,assets/songs/masqueradelegion/1.aff,assets/songs/masqueradelegion/base.ogg,19791,e6e487d215d47322d2f5bbf6ecdc89ea4d4c4add5868eaa358b8fa57c7f5fc80,3527240,False,Infinity,Infinity
masqueradelegion,Masquerade Legion,2,FTR,10,Infinity songlist,assets/songs/masqueradelegion/2.aff,assets/songs/masqueradelegion/base.ogg,45353,4c641f2baceda648fbfc8a17832a4ee863cb09d52b0111e3fe4e688917eec0cd,3527240,False,Infinity,Infinity
kyorenromance,KYOREN ROMANCE,0,PST,4,Infinity songlist,assets/songs/kyorenromance/0.aff,assets/songs/kyorenromance/base.ogg,12257,956805f894cc571dde45e1866b7892823cddd264b75ce9fa0a19ab3648c09e83,3892343,False,Infinity,Infinity
kyorenromance,KYOREN ROMANCE,1,PRS,7,Infinity songlist,assets/songs/kyorenromance/1.aff,assets/songs/kyorenromance/base.ogg,23026,4c4b1d34b185b99643ec8169f13a448bc6b27b8ff9426ba599155fa7f1d3a96a,3892343,False,Infinity,Infinity
kyorenromance,KYOREN ROMANCE,2,FTR,10,Infinity songlist,assets/songs/kyorenromance/2.aff,assets/songs/kyorenromance/base.ogg,150199,52e91ee5129ef414aaef90edd1cd0cf43d8bd94937b5c56845f8d022bd9f57b1,3892343,False,Infinity,Infinity
qovat,Qovat,0,PST,4,Infinity songlist,assets/songs/qovat/0.aff,assets/songs/qovat/base.ogg,13379,9d7f0ed19d8dd35c12a1e03c6facd09964339560ceb76d7b4f3aef8d4e65b38c,3916131,False,Infinity,Infinity
qovat,Qovat,1,PRS,8,Infinity songlist,assets/songs/qovat/1.aff,assets/songs/qovat/base.ogg,27118,e092de90df133dff942769be5f93b8c18787bbb594c84b7d3505721044ca80cd,3916131,False,Infinity,Infinity
qovat,Qovat,2,FTR,10,Infinity songlist,assets/songs/qovat/2.aff,assets/songs/qovat/base.ogg,61205,ec107da4a0fb7ec2a8fc20ad5a8fd662708598b952ce84292661359a9bb39994,3916131,False,Infinity,Infinity
hellohell,HELLOHELL,0,PST,2,Infinity songlist,assets/songs/hellohell/0.aff,assets/songs/hellohell/base.ogg,5797,88a15394ae13353441c6b011c877af053b9242e57cfeda96b8340d717f97e07f,3418671,False,Infinity,Infinity
hellohell,HELLOHELL,1,PRS,5,Infinity songlist,assets/songs/hellohell/1.aff,assets/songs/hellohell/base.ogg,11708,83c45f7013d7d643b16a1f24ce5a72525325c72d5991bf90feacebeea77a8a14,3418671,False,Infinity,Infinity
hellohell,HELLOHELL,2,FTR,7,Infinity songlist,assets/songs/hellohell/2.aff,assets/songs/hellohell/base.ogg,21244,bb365f8ffc3ae17e604431aae1917b699686bd158051893de4166a7deac9334f,3418671,False,Infinity,Infinity
hellohell,HELLOHELL,4,ETR,9,Infinity songlist,assets/songs/hellohell/4.aff,assets/songs/hellohell/base.ogg,29098,4ddd5d85635c98cbd044a287b1c759d70b770e8a89f4e30f3d8a3a1accfa2fb0,3418671,False,Infinity,Infinity
ichirin,〇、,0,PST,2,Infinity songlist,assets/songs/ichirin/0.aff,assets/songs/ichirin/base.ogg,3997,168383f882b9ac7dd387a8f0530e34f9814c327c3e1a5db9627257bf96a10850,3334518,False,Infinity,Infinity
ichirin,〇、,1,PRS,6,Infinity songlist,assets/songs/ichirin/1.aff,assets/songs/ichirin/base.ogg,9731,4a019b7d1daf72b7c20af6dc594f73d37fcedb775d3dd4a81057b40451f7f7fe,3334518,False,Infinity,Infinity
ichirin,〇、,2,FTR,9,Infinity songlist,assets/songs/ichirin/2.aff,assets/songs/ichirin/base.ogg,34466,d2596b36f5b5f23e04963a99d22459770a9258dc55a4765e7a72c5e0070da43c,3334518,False,Infinity,Infinity
awakeninruins,Awaken In Ruins,0,PST,3,Infinity songlist,assets/songs/awakeninruins/0.aff,assets/songs/awakeninruins/base.ogg,7629,788eb38f9cfddf9bebe2c43d8cba8155cdb7e8e805638f909ff7e6baf1345958,3323166,False,Infinity,Infinity
awakeninruins,Awaken In Ruins,1,PRS,7,Infinity songlist,assets/songs/awakeninruins/1.aff,assets/songs/awakeninruins/base.ogg,15344,917cd0229dcbf61434035e4a5df397b876a0df9258c20045b099f691564cde01,3323166,False,Infinity,Infinity
awakeninruins,Awaken In Ruins,2,FTR,9,Infinity songlist,assets/songs/awakeninruins/2.aff,assets/songs/awakeninruins/base.ogg,38225,37c5b7890e89cd89dee95370d13c6d1432f4792b03aa1b49854676511396e541,3323166,False,Infinity,Infinity
morningloom,MORNINGLOOM,0,PST,3,Infinity songlist,assets/songs/morningloom/0.aff,assets/songs/morningloom/base.ogg,10703,664dadca5424d90d18f98ce7baeed52fb22e66caa9009c3e6fd519cc25e8a966,3401398,False,Infinity,Infinity
morningloom,MORNINGLOOM,1,PRS,6,Infinity songlist,assets/songs/morningloom/1.aff,assets/songs/morningloom/base.ogg,14190,cbc5b748d63528e66b5cfbf3f6ffdfa64abf7797fdfaaee983397c52db34e72f,3401398,False,Infinity,Infinity
morningloom,MORNINGLOOM,2,FTR,8,Infinity songlist,assets/songs/morningloom/2.aff,assets/songs/morningloom/base.ogg,31576,363ef096d21a1e33bf3e9bab485a7254f8afab18a12f3c216d77952c622b9e44,3401398,False,Infinity,Infinity
morningloom,MORNINGLOOM,4,ETR,9,Infinity songlist,assets/songs/morningloom/4.aff,assets/songs/morningloom/base.ogg,40130,be62a15fa5124fd163c533189d0f0bad727dbdfc0833e3e0f6e3e5e16d713d8d,3401398,False,Infinity,Infinity
lethalvoltage,Lethal Voltage,0,PST,4,Infinity songlist,assets/songs/lethalvoltage/0.aff,assets/songs/lethalvoltage/base.ogg,14565,410723972ce8d9eb301e270b1c16914612973eb4d0fc9379fa3b00e155413790,3926051,False,Infinity,Infinity
lethalvoltage,Lethal Voltage,1,PRS,7,Infinity songlist,assets/songs/lethalvoltage/1.aff,assets/songs/lethalvoltage/base.ogg,28957,99fa53243f248cb0d873445f805107af7fffdd1c03bfcce8e33996816a9800b9,3926051,False,Infinity,Infinity
lethalvoltage,Lethal Voltage,2,FTR,10,Infinity songlist,assets/songs/lethalvoltage/2.aff,assets/songs/lethalvoltage/base.ogg,74530,6adeba5fef9b64024f05c90bf2536aa83e2af3dbcda2a90f5191376a197613c6,3926051,False,Infinity,Infinity
mirinae,MIRINAE,0,PST,4,Infinity songlist,assets/songs/mirinae/0.aff,assets/songs/mirinae/base.ogg,14013,64757b27cc785e33a647d8897adca1436e40f5ec20fcaccdf163c25c13a4f707,3851029,False,Infinity,Infinity
mirinae,MIRINAE,1,PRS,8,Infinity songlist,assets/songs/mirinae/1.aff,assets/songs/mirinae/base.ogg,25189,cd5ec9062618cb7d1a07d93a93f792689048ef20fc39dcd514037e25eec1b81d,3851029,False,Infinity,Infinity
mirinae,MIRINAE,2,FTR,10,Infinity songlist,assets/songs/mirinae/2.aff,assets/songs/mirinae/base.ogg,73015,49662d9bd1d04e3b87ea143df2c45a83cf6746b97bbfeef8faeba0b9e437b2e2,3851029,False,Infinity,Infinity
ultradiaxon,ultradiaxon-N3,0,PST,4,Infinity songlist,assets/songs/ultradiaxon/0.aff,assets/songs/ultradiaxon/base.ogg,13776,a83768ae7693f1539250ca1dc8aa071e8f51716b681156e02bffe5646349a618,3844481,False,Infinity,Infinity
ultradiaxon,ultradiaxon-N3,1,PRS,8,Infinity songlist,assets/songs/ultradiaxon/1.aff,assets/songs/ultradiaxon/base.ogg,29072,bca05b367aeb7f9dab85d03eca5c326329e7128ad89cfc24334628bc5a4a7f17,3844481,False,Infinity,Infinity
ultradiaxon,ultradiaxon-N3,2,FTR,10,Infinity songlist,assets/songs/ultradiaxon/2.aff,assets/songs/ultradiaxon/base.ogg,68608,705d8a800cb0ddf1043f8dcee15da417f33756922801985e3dc5dc3d0e551be7,3844481,False,Infinity,Infinity
leaveallbehind,Leave All Behind,0,PST,2,Infinity songlist,assets/songs/leaveallbehind/0.aff,assets/songs/leaveallbehind/base.ogg,3598,d975ab0f2b120e518817f7f19baf27c287709b4df799ed150e3c647299173fc7,3086802,False,Infinity,Infinity
leaveallbehind,Leave All Behind,1,PRS,5,Infinity songlist,assets/songs/leaveallbehind/1.aff,assets/songs/leaveallbehind/base.ogg,8559,48a61767f73730c7a920830eb5a9ba2ec665ba28176ce906886e28478472cff9,3086802,False,Infinity,Infinity
leaveallbehind,Leave All Behind,2,FTR,9,Infinity songlist,assets/songs/leaveallbehind/2.aff,assets/songs/leaveallbehind/base.ogg,32450,73eb51cdab76267a2ee45859dd24389facf1b3f6340bc7ad7de3d079e321da30,3086802,False,Infinity,Infinity
distortedfate,Distorted Fate,0,PST,4,Infinity songlist,assets/songs/distortedfate/0.aff,assets/songs/distortedfate/base.ogg,11751,834df59693847dccf1dde3171b2853a523d00179f85235b8bc3ec7abd639074d,3917298,False,Infinity,Infinity
distortedfate,Distorted Fate,1,PRS,7,Infinity songlist,assets/songs/distortedfate/1.aff,assets/songs/distortedfate/base.ogg,25313,8b115d53d9af38776142bb373175ac941024a57e4c446605103c95ed9769351e,3917298,False,Infinity,Infinity
distortedfate,Distorted Fate,2,FTR,9,Infinity songlist,assets/songs/distortedfate/2.aff,assets/songs/distortedfate/base.ogg,46021,d19f767210e86683f2ef52acc2b9709c56e17ee56d87e69d8f5209b9b98421a8,3917298,False,Infinity,Infinity
distortedfate,Distorted Fate,4,ETR,10,Infinity songlist,assets/songs/distortedfate/4.aff,assets/songs/distortedfate/base.ogg,99182,30e3c30e1fabd1f71bc951fa400fde2ccc16dd98ede294835fe0b97659c13116,3917298,False,Infinity,Infinity
floatingworld,Floating World,0,PST,3,Infinity songlist,assets/songs/floatingworld/0.aff,assets/songs/floatingworld/base.ogg,14351,5b29a198941fa6c7bcf598c11b0b168a4dbfddd81c35bc4095a94cd771b0e16b,3834200,False,Infinity,Infinity
floatingworld,Floating World,1,PRS,7,Infinity songlist,assets/songs/floatingworld/1.aff,assets/songs/floatingworld/base.ogg,25303,97294efd29083e965063a5ec8e65f81339284f4d732abb1d164da60447fbbe8f,3834200,False,Infinity,Infinity
floatingworld,Floating World,2,FTR,9,Infinity songlist,assets/songs/floatingworld/2.aff,assets/songs/floatingworld/base.ogg,52485,2487777d8febf8ac59d799966aa9b4be101b7e827a9a00fca78b503fa3aec3b9,3834200,False,Infinity,Infinity
chromafill,Chromafill,0,PST,4,Infinity songlist,assets/songs/chromafill/0.aff,assets/songs/chromafill/base.ogg,10941,8ffa6d654090d639623efe15b2babd7d404fbcd1d0d5a9fe1bcd3070477dae61,3708830,False,Infinity,Infinity
chromafill,Chromafill,1,PRS,7,Infinity songlist,assets/songs/chromafill/1.aff,assets/songs/chromafill/base.ogg,18473,33eae9370e843eab31f0e7dfab415bd807ac46a29aae17ebd913fff78f0353bc,3708830,False,Infinity,Infinity
chromafill,Chromafill,2,FTR,10,Infinity songlist,assets/songs/chromafill/2.aff,assets/songs/chromafill/base.ogg,53240,5fd3125d9e18c3a65d68f4cc2b8a907f5e29a44380fd5d62b700a27d572fb930,3708830,False,Infinity,Infinity
desive,Désive,0,PST,5,Infinity songlist,assets/songs/desive/0.aff,assets/songs/desive/base.ogg,12650,a869969d1787150f87b05f9c14c90aeae6bd9c319090a1c82e525990d97b5e7d,4048267,False,Infinity,Infinity
desive,Désive,1,PRS,8,Infinity songlist,assets/songs/desive/1.aff,assets/songs/desive/base.ogg,22195,52bcf96c880e31b2b337fb1254c262ee98dd631f2e666064deda1f9b06b703ae,4048267,False,Infinity,Infinity
desive,Désive,2,FTR,9,Infinity songlist,assets/songs/desive/2.aff,assets/songs/desive/base.ogg,62885,fb450adccef0b71b174dcdf89936fee8ada2070179e554b681e99b1fcdae9085,4048267,False,Infinity,Infinity
desive,Désive,4,ETR,10,Infinity songlist,assets/songs/desive/4.aff,assets/songs/desive/base.ogg,66051,e7c49b8e71d061ca35541ca88e5a10a607d1e0d4859f4dac47e976aa405e2c9b,4048267,False,Infinity,Infinity
epicurus,Hidden Rainbows of Epicurus,0,PST,2,Infinity songlist,assets/songs/epicurus/0.aff,assets/songs/epicurus/base.ogg,7701,a5d61e1bd840f13834b077b67f42284e6b456926d229abbb7ce150d829527869,3497862,False,Infinity,Infinity
epicurus,Hidden Rainbows of Epicurus,1,PRS,5,Infinity songlist,assets/songs/epicurus/1.aff,assets/songs/epicurus/base.ogg,10054,be21f4ae450d716f9a0513534a9c077b1f391b0f4d740edb36330c39d0a1d764,3497862,False,Infinity,Infinity
epicurus,Hidden Rainbows of Epicurus,2,FTR,7,Infinity songlist,assets/songs/epicurus/2.aff,assets/songs/epicurus/base.ogg,17101,0aa50efdc6f880358867d6531c2ea6aac31421a0b51d38fcd2939e5085a632c8,3497862,False,Infinity,Infinity
epicurus,Hidden Rainbows of Epicurus,4,ETR,8,Infinity songlist,assets/songs/epicurus/4.aff,assets/songs/epicurus/base.ogg,35412,34bd409274fe0256edafb701b24901d9a7b5805cb3cb207f321365c0dad3fcc6,3497862,False,Infinity,Infinity
tasogare,Twilight Concerto,0,PST,4,Infinity songlist,assets/songs/tasogare/0.aff,assets/songs/tasogare/base.ogg,10287,b46a3dcc75137899ff3f64e59c2484a938ddde5524f88de5615958e5a6d3b395,2674448,False,Infinity,Infinity
tasogare,Twilight Concerto,1,PRS,7,Infinity songlist,assets/songs/tasogare/1.aff,assets/songs/tasogare/base.ogg,15651,c6358c86ff6d37c409bf616448729f818c019f9d88c591367074109ec834056c,2674448,False,Infinity,Infinity
tasogare,Twilight Concerto,2,FTR,9,Infinity songlist,assets/songs/tasogare/2.aff,assets/songs/tasogare/base.ogg,30333,ea076f6df46d7475bb47383eb85a3c801108c6a3014102721fd89f44868d143b,2674448,False,Infinity,Infinity
tasogare,Twilight Concerto,4,ETR,10,Infinity songlist,assets/songs/tasogare/4.aff,assets/songs/tasogare/base.ogg,36271,42f9e87f241f865f97868e79a61e5d030680c18a4a4ca46c0741a9768c828c3e,2674448,False,Infinity,Infinity
oldschoolsalvage,Old School Salvage,0,PST,4,Infinity songlist,assets/songs/oldschoolsalvage/0.aff,assets/songs/oldschoolsalvage/base.ogg,14075,236d17724d42c838eedaabf48263a268746c8b730c4fab3277cba948276518ba,4047547,False,Infinity,Infinity
oldschoolsalvage,Old School Salvage,1,PRS,7,Infinity songlist,assets/songs/oldschoolsalvage/1.aff,assets/songs/oldschoolsalvage/base.ogg,26032,f94b934bc968146a2e091c69bc806245be5d8453ded86c38fac9472b5a0c11f0,4047547,False,Infinity,Infinity
oldschoolsalvage,Old School Salvage,2,FTR,9,Infinity songlist,assets/songs/oldschoolsalvage/2.aff,assets/songs/oldschoolsalvage/base.ogg,73302,46dba290a2afca5cf8f6028ce28c6facbac71f854ee3d26a0b4b803cadcd84a0,4047547,False,Infinity,Infinity
beautifuldreamer,Beautiful Dreamer,0,PST,4,Infinity songlist,assets/songs/beautifuldreamer/0.aff,assets/songs/beautifuldreamer/base.ogg,10127,778aca9f1d18c3886dcd24b04f920c38b0f88dd29ff5e39a910681f3d206ef02,3442399,False,Infinity,Infinity
beautifuldreamer,Beautiful Dreamer,1,PRS,7,Infinity songlist,assets/songs/beautifuldreamer/1.aff,assets/songs/beautifuldreamer/base.ogg,18081,13122f8a30aa37c62eee0a9eeffe414582fb3760de6a816f8c7150b490c2029c,3442399,False,Infinity,Infinity
beautifuldreamer,Beautiful Dreamer,2,FTR,9,Infinity songlist,assets/songs/beautifuldreamer/2.aff,assets/songs/beautifuldreamer/base.ogg,47580,0d01cde605895046f325553e378c2a71525e7a2706070669b7dddc04bf3bc29b,3442399,False,Infinity,Infinity
backtobasics,Back to Basics,0,PST,5,Infinity songlist,assets/songs/backtobasics/0.aff,assets/songs/backtobasics/base.ogg,14670,645aa3b2a9a097f76bd3ec00e16f48096507fc2b928ce61774d25122c07e3951,3775860,False,Infinity,Infinity
backtobasics,Back to Basics,1,PRS,8,Infinity songlist,assets/songs/backtobasics/1.aff,assets/songs/backtobasics/base.ogg,27468,edeb4e80f08337cd6586e35ad5964c5a310d7cbead4fdf56c8bd410498560219,3775860,False,Infinity,Infinity
backtobasics,Back to Basics,2,FTR,10,Infinity songlist,assets/songs/backtobasics/2.aff,assets/songs/backtobasics/base.ogg,60597,bcc37fe3a8bf4751eec7ccd4b64ecfef79434e984fa93f9d61e3572c6d2bc165,3775860,False,Infinity,Infinity
stargateextreme,STARGATE EXTREME,0,PST,4,Infinity songlist,assets/songs/stargateextreme/0.aff,assets/songs/stargateextreme/base.ogg,5893,be2e90c383a54495e3a90566d8f6ebda583d8b7582fed41d6941f8d7730c160f,2954998,False,Infinity,Infinity
stargateextreme,STARGATE EXTREME,1,PRS,6,Infinity songlist,assets/songs/stargateextreme/1.aff,assets/songs/stargateextreme/base.ogg,12702,c39ee64fc705dc90de78d834ead3c97d4bb9b0af5ba6b490e492697544e9f597,2954998,False,Infinity,Infinity
stargateextreme,STARGATE EXTREME,2,FTR,9,Infinity songlist,assets/songs/stargateextreme/2.aff,assets/songs/stargateextreme/base.ogg,24163,628c94fd8354756edc01602ab8b7b1fb3082570d8c17b9cb199cd9663fe2c13b,2954998,False,Infinity,Infinity
stargateextreme,STARGATE EXTREME,4,ETR,9,Infinity songlist,assets/songs/stargateextreme/4.aff,assets/songs/stargateextreme/base.ogg,40020,e8a9fcb439c8029d2983f700f94b4ab1bbcfddfe8a4bc4672f7e29679f3a2645,2954998,False,Infinity,Infinity
signof,"Sign of ""10.5km""",0,PST,3,Infinity songlist,assets/songs/signof/0.aff,assets/songs/signof/base.ogg,7080,6cf86b6489a315eddf32e12f606d29bc063154ae6dbeded41f1fccbc16ceea05,3275983,False,Infinity,Infinity
signof,"Sign of ""10.5km""",1,PRS,6,Infinity songlist,assets/songs/signof/1.aff,assets/songs/signof/base.ogg,11489,904c97f1beeffa8ff13a2e8258c83c51f20e1a32f49a464045fa636104b8e8c0,3275983,False,Infinity,Infinity
signof,"Sign of ""10.5km""",2,FTR,9,Infinity songlist,assets/songs/signof/2.aff,assets/songs/signof/base.ogg,42711,f151e1bfd0f3a210f21e00c70f041d80876a6c3e5a58f762635ae5c9395ba8b9,3275983,False,Infinity,Infinity
temptationgc,10pt8ion,0,PST,4,Infinity songlist,assets/songs/temptationgc/0.aff,assets/songs/temptationgc/base.ogg,10150,022441abd800107425e70d5b235886706e33c197ace6e191ea5d60651c553cf7,3148321,False,Infinity,Infinity
temptationgc,10pt8ion,1,PRS,7,Infinity songlist,assets/songs/temptationgc/1.aff,assets/songs/temptationgc/base.ogg,21646,0e0012804554ac7d9c71b58986ffc862c675e8fbf7f979847ffd0a9be160d561,3148321,False,Infinity,Infinity
temptationgc,10pt8ion,2,FTR,9,Infinity songlist,assets/songs/temptationgc/2.aff,assets/songs/temptationgc/base.ogg,38279,0e499bd608731ba390648089ebb4e9c710d209a2ad370e76b48bc6b27036650e,3148321,False,Infinity,Infinity
temptationgc,10pt8ion,4,ETR,10,Infinity songlist,assets/songs/temptationgc/4.aff,assets/songs/temptationgc/base.ogg,48082,5d6a93debd1e53947b3a49bac20db4438314e03adf5e210989d7540da2a5ad1d,3148321,False,Infinity,Infinity
blackmind,Black MInD,0,PST,5,Infinity songlist,assets/songs/blackmind/0.aff,assets/songs/blackmind/base.ogg,12203,37cd1fbf77410a06fd5f58138f052d9ede091c2a9d5d267405142301950cd526,3230770,False,Infinity,Infinity
blackmind,Black MInD,1,PRS,8,Infinity songlist,assets/songs/blackmind/1.aff,assets/songs/blackmind/base.ogg,14723,0193f7a0616350efde4623b1e52e37b60e7d2445ca8a60fc9230672708c77ffc,3230770,False,Infinity,Infinity
blackmind,Black MInD,2,FTR,10,Infinity songlist,assets/songs/blackmind/2.aff,assets/songs/blackmind/base.ogg,97070,8e9a824f17cc9c93468dc8e5fbd89b56dfb703446b244727016aefd27dad32c2,3230770,False,Infinity,Infinity
hypervision,HYPER VISION,0,PST,4,Infinity songlist,assets/songs/hypervision/0.aff,assets/songs/hypervision/base.ogg,14536,0a2eb069b50158c51b04db801573ae8cc5563f1dae8fafb68d2229ad99f71419,3853507,False,Infinity,Infinity
hypervision,HYPER VISION,1,PRS,7,Infinity songlist,assets/songs/hypervision/1.aff,assets/songs/hypervision/base.ogg,30185,71fc8dbca556a236f77c9cd0c17d8ea0568ef82c599a285deae892fbc87ce12b,3853507,False,Infinity,Infinity
hypervision,HYPER VISION,2,FTR,9,Infinity songlist,assets/songs/hypervision/2.aff,assets/songs/hypervision/base.ogg,66106,35c69bba1cace18f8bc3bf8c74d227532a91470dec3a67e7149c575cdd91ed1d,3853507,False,Infinity,Infinity
distortionhuman,Distortion Human,0,PST,3,Infinity songlist,assets/songs/distortionhuman/0.aff,assets/songs/distortionhuman/base.ogg,13838,cd4109ef8eaf25a90e5e2c851a4c5900d5d2073b01f276aac37e9cfd3b0b5fe4,3634168,False,Infinity,Infinity
distortionhuman,Distortion Human,1,PRS,6,Infinity songlist,assets/songs/distortionhuman/1.aff,assets/songs/distortionhuman/base.ogg,13349,d40258467fd23d9c71a5514c2710a3f042fba71f8df7531afe0869e5278ca485,3634168,False,Infinity,Infinity
distortionhuman,Distortion Human,2,FTR,9,Infinity songlist,assets/songs/distortionhuman/2.aff,assets/songs/distortionhuman/base.ogg,91088,a10782eb4019a347e04a83d9c9f7a8e829199112c4f7203ae8ab49704a8c79a5,3634168,False,Infinity,Infinity
shrink,shrink,0,PST,3,Infinity songlist,assets/songs/shrink/0.aff,assets/songs/shrink/base.ogg,6375,cbd690de7907da11d6a41a5684be64e6aa1528898c2d97baf2d84744a223e7f3,2987637,False,Infinity,Infinity
shrink,shrink,1,PRS,7,Infinity songlist,assets/songs/shrink/1.aff,assets/songs/shrink/base.ogg,9918,f7886ffdc52eeb86d034f8ec4e5372260e497fd1b6924bc77636a41a56693b95,2987637,False,Infinity,Infinity
shrink,shrink,2,FTR,9,Infinity songlist,assets/songs/shrink/2.aff,assets/songs/shrink/base.ogg,42627,be7b316cc1b476d51d8712bb2f6a03ea6d7c93563f016d52edcaff5b68696f1f,2987637,False,Infinity,Infinity
invain,In Vain,0,PST,3,Infinity songlist,assets/songs/invain/0.aff,assets/songs/invain/base.ogg,13173,9c97cc917e1ccf12cb6121221aab6696298d246a222c411426c648169ecb0174,3733110,False,Infinity,Infinity
invain,In Vain,1,PRS,6,Infinity songlist,assets/songs/invain/1.aff,assets/songs/invain/base.ogg,18511,7092fd0efa90964da1991d84ac97168fc065b5746bc8d138e2ba86491645ae0f,3733110,False,Infinity,Infinity
invain,In Vain,2,FTR,9,Infinity songlist,assets/songs/invain/2.aff,assets/songs/invain/base.ogg,54665,182d464d5dafc185c0560ff3aceafb53392a0500d9f1b1640f81610d83bc071c,3733110,False,Infinity,Infinity
hypnotize,Hypnotize,0,PST,3,Infinity songlist,assets/songs/hypnotize/0.aff,assets/songs/hypnotize/base.ogg,8336,d1d53cc8aea3b5bf1c1cf486e61500792b6e3bd0c973874be00f244d8c515fcc,3732274,False,Infinity,Infinity
hypnotize,Hypnotize,1,PRS,7,Infinity songlist,assets/songs/hypnotize/1.aff,assets/songs/hypnotize/base.ogg,19689,3a853412820ec40d17c9d50817be6827541ad10181a9260f3a2f23ea46e605fc,3732274,False,Infinity,Infinity
hypnotize,Hypnotize,2,FTR,8,Infinity songlist,assets/songs/hypnotize/2.aff,assets/songs/hypnotize/base.ogg,38507,e80f3aff49631fb9d250b844dac7b0de505a228670b77265638a99fe0121c120,3732274,False,Infinity,Infinity
hypnotize,Hypnotize,4,ETR,9,Infinity songlist,assets/songs/hypnotize/4.aff,assets/songs/hypnotize/base.ogg,54275,a1e13c007f2c4a0915f647f3795e5f64b2ac9ef01b4e0269bcef87e86c5f2cec,3732274,False,Infinity,Infinity
ashenboundary,Ashen 6oundary,0,PST,4,Infinity songlist,assets/songs/ashenboundary/0.aff,assets/songs/ashenboundary/base.ogg,12255,56a0376d3673b6c0a1fd271bb38161d8d7f7917807c8e43d6f36f1ef4f9fc18b,3617788,False,Infinity,Infinity
ashenboundary,Ashen 6oundary,1,PRS,7,Infinity songlist,assets/songs/ashenboundary/1.aff,assets/songs/ashenboundary/base.ogg,20202,9af71255ae178dd2116e23d5fef5004d684896e35a6252c8840cd1c9f11afc5b,3617788,False,Infinity,Infinity
ashenboundary,Ashen 6oundary,2,FTR,9,Infinity songlist,assets/songs/ashenboundary/2.aff,assets/songs/ashenboundary/base.ogg,49264,1dcc14e73e823bb38eb10a2ec4ef02d10197cbd4ff1a8e2d461a604fd8f3a196,3617788,False,Infinity,Infinity
judgement,Judgement,0,PST,5,Infinity songlist,assets/songs/judgement/0.aff,assets/songs/judgement/base.ogg,19943,4ea265e6952e6dc459949d56170b0800a0e62608cbce6033908b8bed0d99fb21,4193445,False,Infinity,Infinity
judgement,Judgement,1,PRS,8,Infinity songlist,assets/songs/judgement/1.aff,assets/songs/judgement/base.ogg,34057,5ba46a992a9f0678fb7beae13caa1716fc840230e461bfe08ed4df727f5954f0,4193445,False,Infinity,Infinity
judgement,Judgement,2,FTR,10,Infinity songlist,assets/songs/judgement/2.aff,assets/songs/judgement/base.ogg,78522,d252be0b5d4a5171c8191914565d3e896ecaeb7119e139bd27ccd7889a3b0cf8,4193445,False,Infinity,Infinity
alterego,ALTER EGO,0,PST,6,Infinity songlist,assets/songs/alterego/0.aff,assets/songs/alterego/base.ogg,21845,4f41f804b993d8e10f5018f36709caa1be50ac0fdde62ff602438e00a87bb09e,3905077,False,Infinity,Infinity
alterego,ALTER EGO,1,PRS,9,Infinity songlist,assets/songs/alterego/1.aff,assets/songs/alterego/base.ogg,34850,8e328b85e847c6eea38669448049acec623288670fc40233d75dcb81e366ab27,3905077,False,Infinity,Infinity
alterego,ALTER EGO,2,FTR,10,Infinity songlist,assets/songs/alterego/2.aff,assets/songs/alterego/base.ogg,74395,643a22ace06bf580445242971f092203beb6ad567df290c2248d4e69dd0c5543,3905077,False,Infinity,Infinity
alterego,ALTER EGO,4,ETR,11,Infinity songlist,assets/songs/alterego/4.aff,assets/songs/alterego/base.ogg,104180,9010149e877ffd330dbf5bc16efdf1c3204b84bb679e42a9b823d0c64f97e6bc,3905077,False,Infinity,Infinity
epitaxy,epitaxy,0,PST,3,Infinity songlist,assets/songs/epitaxy/0.aff,assets/songs/epitaxy/base.ogg,8135,5f3aa30314f25897bb8fb18af6cbc9601eae4dea31c69131c8d87f90b9749a59,4106341,False,Infinity,Infinity
epitaxy,epitaxy,1,PRS,6,Infinity songlist,assets/songs/epitaxy/1.aff,assets/songs/epitaxy/base.ogg,15747,27bf1130f635ee05e98ca2a287694e1db001f197596aee92444538adf9ef9037,4106341,False,Infinity,Infinity
epitaxy,epitaxy,2,FTR,8,Infinity songlist,assets/songs/epitaxy/2.aff,assets/songs/epitaxy/base.ogg,38790,ecbbfcc12473fb8650a1b89d393bda127134f3e0f48caaf537c0e0e84d87fb97,4106341,False,Infinity,Infinity
epitaxy,epitaxy,4,ETR,9,Infinity songlist,assets/songs/epitaxy/4.aff,assets/songs/epitaxy/base.ogg,56174,0528242b1293a7b9553fec8da0b98443eed6a1072fb5ae8912f50b1475275ee1,4106341,False,Infinity,Infinity
waltzforlorelei,Waltz for Lorelei,0,PST,2,Infinity songlist,assets/songs/waltzforlorelei/0.aff,assets/songs/waltzforlorelei/base.ogg,6129,c263f153e04d6a37fc624b62101fa5e05a7ebc887d6b6fad0a1a3f394b229cd0,3183606,False,Infinity,Infinity
waltzforlorelei,Waltz for Lorelei,1,PRS,5,Infinity songlist,assets/songs/waltzforlorelei/1.aff,assets/songs/waltzforlorelei/base.ogg,12824,3d0841c86a06d4a91b6bd3d255d2891efefaec116d999ee075175251ed9b58ad,3183606,False,Infinity,Infinity
waltzforlorelei,Waltz for Lorelei,2,FTR,8,Infinity songlist,assets/songs/waltzforlorelei/2.aff,assets/songs/waltzforlorelei/base.ogg,21539,e2911a3d9b254f16f3b9bc65b3fd33652b045182c4b99ae6f057c7cfee162570,3183606,False,Infinity,Infinity
waltzforlorelei,Waltz for Lorelei,4,ETR,9,Infinity songlist,assets/songs/waltzforlorelei/4.aff,assets/songs/waltzforlorelei/base.ogg,38191,396aa78fb2a045a6d45ea79bf6190db905fd2f83e4cdd41c5427745db10562ef,3183606,False,Infinity,Infinity
dualdoom,Dual Doom Deathmatch,0,PST,3,Infinity songlist,assets/songs/dualdoom/0.aff,assets/songs/dualdoom/base.ogg,11120,090645349ffd83d7cfbb11363d9cb4600ea418af8e78023c5c202fd4804b19fb,3427630,False,Infinity,Infinity
dualdoom,Dual Doom Deathmatch,1,PRS,6,Infinity songlist,assets/songs/dualdoom/1.aff,assets/songs/dualdoom/base.ogg,19219,4ed35024fede75c44d92389efbee87fdd9258f8462ab9614986d512131e66717,3427630,False,Infinity,Infinity
dualdoom,Dual Doom Deathmatch,2,FTR,8,Infinity songlist,assets/songs/dualdoom/2.aff,assets/songs/dualdoom/base.ogg,41533,31c9dd351608d7d1d78438bd272c0168d47fd85819f408258c204f9bb0851621,3427630,False,Infinity,Infinity
dualdoom,Dual Doom Deathmatch,4,ETR,10,Infinity songlist,assets/songs/dualdoom/4.aff,assets/songs/dualdoom/base.ogg,61667,fce44f0b9a063d53359782bf4ba8cb0b631ee802c0066715541faf32ea1d93c5,3427630,False,Infinity,Infinity
invertedworld,Inverted World,0,PST,3,Infinity songlist,assets/songs/invertedworld/0.aff,assets/songs/invertedworld/base.ogg,9253,9479945096b19cb2a7af7e76afc8fef63d542ae564f5929f67fdfd962f010d86,3236160,False,Infinity,Infinity
invertedworld,Inverted World,1,PRS,7,Infinity songlist,assets/songs/invertedworld/1.aff,assets/songs/invertedworld/base.ogg,15354,43eacc17a7dcb32c0fb32c22a2b1c91aff2581e6a90b3b6dd7eef57729157ef4,3236160,False,Infinity,Infinity
invertedworld,Inverted World,2,FTR,9,Infinity songlist,assets/songs/invertedworld/2.aff,assets/songs/invertedworld/base.ogg,44401,75c98d5362b76bb9c45278ab552561e4874162b34fb5c20cef82384087a06d08,3236160,False,Infinity,Infinity
invertedworld,Inverted World,4,ETR,10,Infinity songlist,assets/songs/invertedworld/4.aff,assets/songs/invertedworld/base.ogg,69539,605c06d493b52231e293a50ce93533cf7f3e83d3d8b9d8bcd83efb5eaea9c14e,3236160,False,Infinity,Infinity
mvurbd,MVURBD,0,PST,4,Infinity songlist,assets/songs/mvurbd/0.aff,assets/songs/mvurbd/base.ogg,28242,c37d93abb254b8f9769dfa13ca8e3997acc4d1074102a17f862d15bf93a7e39c,4130732,False,Infinity,Infinity
mvurbd,MVURBD,1,PRS,7,Infinity songlist,assets/songs/mvurbd/1.aff,assets/songs/mvurbd/base.ogg,36312,4eb599a8069763ab290b1cc4c734b809cdf8298060fbbe993853f4c1a7c1aacd,4130732,False,Infinity,Infinity
mvurbd,MVURBD,2,FTR,10,Infinity songlist,assets/songs/mvurbd/2.aff,assets/songs/mvurbd/base.ogg,89852,9092f651d4b4d90bcef98c823e8cb1528eb93fb398ae97d991088392aa04e6c6,4130732,False,Infinity,Infinity
vulcanus,Vulcānus,0,PST,5,Infinity songlist,assets/songs/vulcanus/0.aff,assets/songs/vulcanus/base.ogg,15366,32b8ce690c2caf78642ac09534e6758c0853eca35bebefcc127e4258b4bff189,3958929,False,Infinity,Infinity
vulcanus,Vulcānus,1,PRS,8,Infinity songlist,assets/songs/vulcanus/1.aff,assets/songs/vulcanus/base.ogg,26567,c8243233c34c7dc2e46373b1468f9e31028c8295c4041ba674d11fc1bce8b29b,3958929,False,Infinity,Infinity
vulcanus,Vulcānus,2,FTR,10,Infinity songlist,assets/songs/vulcanus/2.aff,assets/songs/vulcanus/base.ogg,79916,dd4f46b211e41909505fe78c88961abfbfb8306e47038beab1facf690ba5ffe1,3958929,False,Infinity,Infinity
rainofconflict,Rain of Conflict in a Radiant Abyss,0,PST,5,Infinity songlist,assets/songs/rainofconflict/0.aff,assets/songs/rainofconflict/base.ogg,10036,38ac9e6f845e92dfc0f8e3a35debfda617c677931b59d86fd8b518d2542dbb38,3645511,False,Infinity,Infinity
rainofconflict,Rain of Conflict in a Radiant Abyss,1,PRS,7,Infinity songlist,assets/songs/rainofconflict/1.aff,assets/songs/rainofconflict/base.ogg,17193,064941833d2a0861873b8fb748d9e0782a3b4874b38156d33042174fbdc82080,3645511,False,Infinity,Infinity
rainofconflict,Rain of Conflict in a Radiant Abyss,2,FTR,9,Infinity songlist,assets/songs/rainofconflict/2.aff,assets/songs/rainofconflict/base.ogg,26486,27f1b3750207c52d1f42e520ac5d8d517ed5d1eeca1669dc39b7b04fe46c28b3,3645511,False,Infinity,Infinity
rainofconflict,Rain of Conflict in a Radiant Abyss,4,ETR,10,Infinity songlist,assets/songs/rainofconflict/4.aff,assets/songs/rainofconflict/base.ogg,44188,89f4dff6613af0572c8c95598775342e5cefcb45e5618ea4223387bbebc707d4,3645511,False,Infinity,Infinity
saintorsinner,Saint or Sinner,0,PST,3,Infinity songlist,assets/songs/saintorsinner/0.aff,assets/songs/saintorsinner/base.ogg,9552,30ceda40f684f05f8fcc652b74a402e055ee1de44594bf20a06fc48b28356f05,3590329,False,Infinity,Infinity
saintorsinner,Saint or Sinner,1,PRS,6,Infinity songlist,assets/songs/saintorsinner/1.aff,assets/songs/saintorsinner/base.ogg,12964,c74ab8e1ac3babd7197abe4e3529ef47924559c10be1d6fb77d7535c284d5b91,3590329,False,Infinity,Infinity
saintorsinner,Saint or Sinner,2,FTR,8,Infinity songlist,assets/songs/saintorsinner/2.aff,assets/songs/saintorsinner/base.ogg,33287,a34337a4855543563f135de546329fbf122f67d88b0204b143050d39230f0b39,3590329,False,Infinity,Infinity
saintorsinner,Saint or Sinner,3,BYD,10,Infinity songlist,assets/songs/saintorsinner/3.aff,assets/songs/saintorsinner/base.ogg,65279,cdabd983c70376cc55a570b70439a41efa79643064efee23d56a655b69b77ecc,3590329,False,Infinity,Infinity
hailstone,Hailstone,0,PST,3,Infinity songlist,assets/songs/hailstone/0.aff,assets/songs/hailstone/base.ogg,11153,954220bccec620b433e4d99de60cda17310bfabf2f9c1d0e31b01062a2bd2d1b,3139876,False,Infinity,Infinity
hailstone,Hailstone,1,PRS,7,Infinity songlist,assets/songs/hailstone/1.aff,assets/songs/hailstone/base.ogg,20990,bdd36190bf67309ffe6b2390774a73f1eaa4559e79e194f4c84746a72be7fd1f,3139876,False,Infinity,Infinity
hailstone,Hailstone,2,FTR,9,Infinity songlist,assets/songs/hailstone/2.aff,assets/songs/hailstone/base.ogg,36357,8ab7410ac7fc0636f21e756156c992c2323a6ddfc5fc2f5e4ca6b37b52d44258,3139876,False,Infinity,Infinity
furetemitai,FURETE-MITAI,0,PST,2,Infinity songlist,assets/songs/furetemitai/0.aff,assets/songs/furetemitai/base.ogg,10665,4c2e33ab696cafde92db4aa542bfc12064f5a6eb82c4cc92449a38f2a5fb59ac,2952888,False,Infinity,Infinity
furetemitai,FURETE-MITAI,1,PRS,6,Infinity songlist,assets/songs/furetemitai/1.aff,assets/songs/furetemitai/base.ogg,13427,a7cb42e002b82a7c7dcf09b602e12697a05b2d9d19bc5cca17e54a7ec0b9bb17,2952888,False,Infinity,Infinity
furetemitai,FURETE-MITAI,2,FTR,8,Infinity songlist,assets/songs/furetemitai/2.aff,assets/songs/furetemitai/base.ogg,29964,547be14c9a33bccc9ed93c1a0afcb85d9d699cf3e9366fff2c8dc86b9b9075d8,2952888,False,Infinity,Infinity
furetemitai,FURETE-MITAI,4,ETR,9,Infinity songlist,assets/songs/furetemitai/4.aff,assets/songs/furetemitai/base.ogg,34596,10b8a8328602a288af68961f31787c4e2e8a15c94806c757f2604b3d1311a1cd,2952888,False,Infinity,Infinity
gensounosatellite,Gensou no Satellite,0,PST,2,Infinity songlist,assets/songs/gensounosatellite/0.aff,assets/songs/gensounosatellite/base.ogg,7376,31e9b9cc4f528943bb7613b7a2ceb101e3d2e90137deae6cce8f411aa20a8a6e,3711464,False,Infinity,Infinity
gensounosatellite,Gensou no Satellite,1,PRS,6,Infinity songlist,assets/songs/gensounosatellite/1.aff,assets/songs/gensounosatellite/base.ogg,14325,ea79dd6913f59f7f0dc1809c8ac91ed992933e8dc3d57a175d09c62150aa51fc,3711464,False,Infinity,Infinity
gensounosatellite,Gensou no Satellite,2,FTR,8,Infinity songlist,assets/songs/gensounosatellite/2.aff,assets/songs/gensounosatellite/base.ogg,21441,413359ed7da49b20d135d45ee65b0a44a8bc7700d19cedeb3285554f0f30b589,3711464,False,Infinity,Infinity
gensounosatellite,Gensou no Satellite,4,ETR,10,Infinity songlist,assets/songs/gensounosatellite/4.aff,assets/songs/gensounosatellite/base.ogg,45866,a72eb90f9f6c52ff71ea8109ad7ed46176e35074a0a6de452754c9f0857eee44,3711464,False,Infinity,Infinity
prayer,Prayer,0,PST,2,Infinity songlist,assets/songs/prayer/0.aff,assets/songs/prayer/base.ogg,8290,8877daccb45636eed481e334d6af82f1eaa1eb02671253e8175b61c031c343a7,3686194,False,Infinity,Infinity
prayer,Prayer,1,PRS,5,Infinity songlist,assets/songs/prayer/1.aff,assets/songs/prayer/base.ogg,10026,62021010385c9c4c115227c17e5a1e4b1d767cc6ab89e70177cd2785b6d844fa,3686194,False,Infinity,Infinity
prayer,Prayer,2,FTR,8,Infinity songlist,assets/songs/prayer/2.aff,assets/songs/prayer/base.ogg,25560,7c2efeda0672c2558263129d2a8775d6f549fb1fae782566fcd45558eb7d445e,3686194,False,Infinity,Infinity
prayer,Prayer,4,ETR,9,Infinity songlist,assets/songs/prayer/4.aff,assets/songs/prayer/base.ogg,35297,12b80720ab4d670942213401c8efb34650ef3760c755d456b55b8ea4cff35b58,3686194,False,Infinity,Infinity
crimsonquartz,Crimson Quartz,0,PST,3,Infinity songlist,assets/songs/crimsonquartz/0.aff,assets/songs/crimsonquartz/base.ogg,10157,49c5d57f068f4d584e7bed2da29653f77e09430c91fbd7f8832a992fbd11d8be,3978922,False,Infinity,Infinity
crimsonquartz,Crimson Quartz,1,PRS,6,Infinity songlist,assets/songs/crimsonquartz/1.aff,assets/songs/crimsonquartz/base.ogg,14452,3840e1ec45d17a049ece3da3bb5b8c403b7e0f8107dfd984e509a007bdf721d8,3978922,False,Infinity,Infinity
crimsonquartz,Crimson Quartz,2,FTR,8,Infinity songlist,assets/songs/crimsonquartz/2.aff,assets/songs/crimsonquartz/base.ogg,35341,40279b2f4f8005e6276f2c2528f316640c5b49b91cfc84c84751412476e7338a,3978922,False,Infinity,Infinity
crimsonquartz,Crimson Quartz,4,ETR,9,Infinity songlist,assets/songs/crimsonquartz/4.aff,assets/songs/crimsonquartz/base.ogg,42354,7e932c5fe465395a85d2f370c52596e71d0e833d16bd779840e1c65f2a0159a7,3978922,False,Infinity,Infinity
thirdsun,Third Sun,0,PST,3,Infinity songlist,assets/songs/thirdsun/0.aff,assets/songs/thirdsun/base.ogg,15959,8f3feaf457618649a140e696595293828fc32340e11dc7648744e0546cc31a3c,3849586,False,Infinity,Infinity
thirdsun,Third Sun,1,PRS,7,Infinity songlist,assets/songs/thirdsun/1.aff,assets/songs/thirdsun/base.ogg,21970,43e20ee0749f66e8ba6d051926c27c70347afe8b15760b9e6e6c26274e579fa4,3849586,False,Infinity,Infinity
thirdsun,Third Sun,2,FTR,9,Infinity songlist,assets/songs/thirdsun/2.aff,assets/songs/thirdsun/base.ogg,49381,52b0f84ac35a82dba2603414b0831f9c2e07ec71ea7e93c703889b5aab40bdcc,3849586,False,Infinity,Infinity
thirdsun,Third Sun,4,ETR,10,Infinity songlist,assets/songs/thirdsun/4.aff,assets/songs/thirdsun/base.ogg,65183,9573a87d1e1304c8d5d8389321b10b69be9dc9077feb1f96ad99bb61264655dc,3849586,False,Infinity,Infinity
spiritdauntless,Spirit of the Dauntless,0,PST,4,Infinity songlist,assets/songs/spiritdauntless/0.aff,assets/songs/spiritdauntless/base.ogg,14945,25959949cd33b7cb5f7215b6a2e41a80e75932238dd817956c44c3d4c9455b56,3630150,False,Infinity,Infinity
spiritdauntless,Spirit of the Dauntless,1,PRS,7,Infinity songlist,assets/songs/spiritdauntless/1.aff,assets/songs/spiritdauntless/base.ogg,30616,9d36606c7093394c668de84875fb06d8c82230f3e57789810b46aeaa2a91c57a,3630150,False,Infinity,Infinity
spiritdauntless,Spirit of the Dauntless,2,FTR,10,Infinity songlist,assets/songs/spiritdauntless/2.aff,assets/songs/spiritdauntless/base.ogg,62419,dc4dee4fdcb8e0fba1ae58f4d3e59e257d00b510db344080e52547203b3db990,3630150,False,Infinity,Infinity
diesirae,Dies irae,0,PST,4,Infinity songlist,assets/songs/diesirae/0.aff,assets/songs/diesirae/base.ogg,13103,733bc8993271004eeae244eab426019eff32e5e372b64ecf583e37af1085a4a9,3708550,False,Infinity,Infinity
diesirae,Dies irae,1,PRS,7,Infinity songlist,assets/songs/diesirae/1.aff,assets/songs/diesirae/base.ogg,22032,e2e7a4e1180bd2fd09e980351cfb3930533877dcae66ac68c7cf444dc63f34e6,3708550,False,Infinity,Infinity
diesirae,Dies irae,2,FTR,9,Infinity songlist,assets/songs/diesirae/2.aff,assets/songs/diesirae/base.ogg,37063,0221d98ac2efeb76f09c19cbde6b6b653151d90a2d3f4087bbd8e9092bf9d2cb,3708550,False,Infinity,Infinity
diesirae,Dies irae,4,ETR,10,Infinity songlist,assets/songs/diesirae/4.aff,assets/songs/diesirae/base.ogg,47785,64f80bd3a58394b264d4ff6ab4a89e3b185e1b8b4bf20589bc34baf319a6cd35,3708550,False,Infinity,Infinity
astralexe,astral.exe,0,PST,3,Infinity songlist,assets/songs/astralexe/0.aff,assets/songs/astralexe/base.ogg,9589,24fec3ed81c150063babd5b176c65387e5b07888b76982fec857564ddc30a21e,3783747,False,Infinity,Infinity
astralexe,astral.exe,1,PRS,6,Infinity songlist,assets/songs/astralexe/1.aff,assets/songs/astralexe/base.ogg,14397,55f9e34a74888689c782f474002408ad2dc1a21fd39387c1557f926c82a1cd35,3783747,False,Infinity,Infinity
astralexe,astral.exe,2,FTR,9,Infinity songlist,assets/songs/astralexe/2.aff,assets/songs/astralexe/base.ogg,49580,2f4961f77dbf60468068d4f4cd7dfe068c90f9345e238706b752f1bc3e574ca8,3783747,False,Infinity,Infinity
liftoff,LiftOff,0,PST,3,Infinity songlist,assets/songs/liftoff/0.aff,assets/songs/liftoff/base.ogg,6730,6039d54b769a319f080b0c3118fe0c3902b02bfd450426038ac217c6edcade56,3284826,False,Infinity,Infinity
liftoff,LiftOff,1,PRS,6,Infinity songlist,assets/songs/liftoff/1.aff,assets/songs/liftoff/base.ogg,12472,01fe272f72031a230ceb08fe5ed40a1beb649eeb9ea4363406d7cd52d65db087,3284826,False,Infinity,Infinity
liftoff,LiftOff,2,FTR,8,Infinity songlist,assets/songs/liftoff/2.aff,assets/songs/liftoff/base.ogg,23118,695ad43447a2f506432dc40ed97f59ce49790a4ec8a4670244bcb290327f9d79,3284826,False,Infinity,Infinity
liftoff,LiftOff,4,ETR,9,Infinity songlist,assets/songs/liftoff/4.aff,assets/songs/liftoff/base.ogg,42187,02ba95d08c34c4fe9f1f81203447251a5f9db3d9161e09ed911eacbe7811d79e,3284826,False,Infinity,Infinity
superambulance,SUPER AMBULANCE,0,PST,4,Infinity songlist,assets/songs/superambulance/0.aff,assets/songs/superambulance/base.ogg,15331,01eeed42eee79d10f16476e206339e9b2653e8c360afafe063a1687c5c985762,3682234,False,Infinity,Infinity
superambulance,SUPER AMBULANCE,1,PRS,7,Infinity songlist,assets/songs/superambulance/1.aff,assets/songs/superambulance/base.ogg,29955,3034930f787f91f5caf4d0e13020e4fa0395ddd73da0b1036a2771255a5477db,3682234,False,Infinity,Infinity
superambulance,SUPER AMBULANCE,2,FTR,10,Infinity songlist,assets/songs/superambulance/2.aff,assets/songs/superambulance/base.ogg,70300,71de2cc0c3eb79d10a6c063eb462e3d5cebb822f19ed7aa091b9eaddd555e204,3682234,False,Infinity,Infinity
dontfightmusic,Don't Fight The Music,0,PST,4,Infinity songlist,assets/songs/dontfightmusic/0.aff,assets/songs/dontfightmusic/base.ogg,13445,71ba51e4e668fe8abd482d90b71b9800e4c065b79b92568030ff035f295b8609,3875204,False,Infinity,Infinity
dontfightmusic,Don't Fight The Music,1,PRS,7,Infinity songlist,assets/songs/dontfightmusic/1.aff,assets/songs/dontfightmusic/base.ogg,26373,6b166ef55d56b04fcd361b7cec777ce0fcf19a9578baca8c44455e9dd0ed997d,3875204,False,Infinity,Infinity
dontfightmusic,Don't Fight The Music,2,FTR,9,Infinity songlist,assets/songs/dontfightmusic/2.aff,assets/songs/dontfightmusic/base.ogg,73238,27bea582b46bfadf777c5230be4bfa2d83a1368540b84ff75d999157d5a5cf2d,3875204,False,Infinity,Infinity
dontfightmusic,Don't Fight The Music,4,ETR,10,Infinity songlist,assets/songs/dontfightmusic/4.aff,assets/songs/dontfightmusic/base.ogg,106021,809ae746f638697b961e175f6d126a85dd6def7790d59bc9e1e2fa9cf9eafab3,3875204,False,Infinity,Infinity
andrevivemelody,And Revive The Melody,0,PST,5,Infinity songlist,assets/songs/andrevivemelody/0.aff,assets/songs/andrevivemelody/base.ogg,22757,78a0a2b2d0bd949bc7eb4631514f696745add759f4998ab8be48cbd868b26879,4108772,False,Infinity,Infinity
andrevivemelody,And Revive The Melody,1,PRS,8,Infinity songlist,assets/songs/andrevivemelody/1.aff,assets/songs/andrevivemelody/base.ogg,31368,91df3fab70e8076b828195f6177f02f78b8eb1c162f506ce36853abbf370e46c,4108772,False,Infinity,Infinity
andrevivemelody,And Revive The Melody,2,FTR,10,Infinity songlist,assets/songs/andrevivemelody/2.aff,assets/songs/andrevivemelody/base.ogg,118548,92997396c520a691f09964ddf4eb65e672cbf1cb9d03d0f4dd1eda487b8bd67d,4108772,False,Infinity,Infinity
swansong,Swan Song,0,PST,3,Infinity songlist,assets/songs/swansong/0.aff,assets/songs/swansong/base.ogg,12153,bc411b41f0004fa9bdb2c36a1339bf4d61413d3fc4e57231ffa9af6974d0c1d7,3956545,False,Infinity,Infinity
swansong,Swan Song,1,PRS,7,Infinity songlist,assets/songs/swansong/1.aff,assets/songs/swansong/base.ogg,20057,6045fd2dce6273e1022ffeca4cae2dd5a49b330302dffb335cb64f7268694d3e,3956545,False,Infinity,Infinity
swansong,Swan Song,2,FTR,9,Infinity songlist,assets/songs/swansong/2.aff,assets/songs/swansong/base.ogg,55219,a0227845cc82b2755147366041f684e8b4b3e500f847d2830be4879e2b93721d,3956545,False,Infinity,Infinity
renegade,Renegade,0,PST,4,Infinity songlist,assets/songs/renegade/0.aff,assets/songs/renegade/base.ogg,11379,98f32986a5a7a5dca540f0d2f9132132c517a73cc6235d409164adc433c7c240,3526281,False,Infinity,Infinity
renegade,Renegade,1,PRS,7,Infinity songlist,assets/songs/renegade/1.aff,assets/songs/renegade/base.ogg,15864,cde330724fbd02a3d09792679e9184b2ce499f226a6d67162af7c2c8657f6ecf,3526281,False,Infinity,Infinity
renegade,Renegade,2,FTR,9,Infinity songlist,assets/songs/renegade/2.aff,assets/songs/renegade/base.ogg,41609,7c3c4ebaecc0a2668a1c4453cd75a1a847ad783fba177e1654d928d213f26290,3526281,False,Infinity,Infinity
renegade,Renegade,3,BYD,10,Infinity songlist,assets/songs/renegade/3.aff,assets/songs/renegade/base.ogg,55634,8c256552e6f27cc0c1356bbb7a2608ff7c46bfaf27211a74d15c0bd856f81615,3526281,False,Infinity,Infinity
raysofremnant,Rays of Remnant,0,PST,4,Infinity songlist,assets/songs/raysofremnant/0.aff,assets/songs/raysofremnant/base.ogg,8828,fe8711f5c285e96c2f684d34abf482d9375d308649fcc61f9ff1d767f0ba67a0,3189307,False,Infinity,Infinity
raysofremnant,Rays of Remnant,1,PRS,7,Infinity songlist,assets/songs/raysofremnant/1.aff,assets/songs/raysofremnant/base.ogg,14934,979337724f4d0345d23e17859a4508b78243be68fff775da06fb1a08b72c8446,3189307,False,Infinity,Infinity
raysofremnant,Rays of Remnant,2,FTR,9,Infinity songlist,assets/songs/raysofremnant/2.aff,assets/songs/raysofremnant/base.ogg,39828,6a706788cf6f66ff2241dbaaafc4b43495ee7df6d12de96f004b7462994c37e7,3189307,False,Infinity,Infinity
raysofremnant,Rays of Remnant,3,BYD,10,Infinity songlist,assets/songs/raysofremnant/3.aff,assets/songs/raysofremnant/base.ogg,56144,e7ecd18f22364a1a37bbfc230cf46e6e020f1dd5cdb89f9b9ecc1cdecbb1ae9b,3189307,False,Infinity,Infinity
breachoffaith,Breach of Faith,0,PST,5,Infinity songlist,assets/songs/breachoffaith/0.aff,assets/songs/breachoffaith/base.ogg,16133,b569fdd53a1ded3d49b0c8a28ce4b70a6049dd54b1272a60f7452bc9eb6693fa,3845051,False,Infinity,Infinity
breachoffaith,Breach of Faith,1,PRS,8,Infinity songlist,assets/songs/breachoffaith/1.aff,assets/songs/breachoffaith/base.ogg,33034,6e21acba1cce5d7dd72812c53054d849b382d20b073a6a434cb77b54e21bfc4a,3845051,False,Infinity,Infinity
breachoffaith,Breach of Faith,2,FTR,10,Infinity songlist,assets/songs/breachoffaith/2.aff,assets/songs/breachoffaith/base.ogg,67176,a9f4c98e015ad99f8ff11e4fa66aaf037f9a257e29e4e3f2dcc8e79cf72d9ea2,3845051,False,Infinity,Infinity
breachoffaith,Breach of Faith,3,BYD,10,Infinity songlist,assets/songs/breachoffaith/3.aff,assets/songs/breachoffaith/base.ogg,71399,ea434b7e1722201ead5382817553ece9021195ad8de191f2d9459ddc067c117a,3845051,False,Infinity,Infinity
lamentrain,Lament Rain,0,PST,6,Infinity songlist,assets/songs/lamentrain/0.aff,assets/songs/lamentrain/base.ogg,25702,017cd89893796b2dc999168643caf491b2d9ffb3a99f7666c9be03c36c7af59f,4012243,False,Infinity,Infinity
lamentrain,Lament Rain,1,PRS,8,Infinity songlist,assets/songs/lamentrain/1.aff,assets/songs/lamentrain/base.ogg,41230,8171e5ac945516f4c9fbb3fc10e45bedf4a8ed22a10b9ca8cc9eca8de4aacd99,4012243,False,Infinity,Infinity
lamentrain,Lament Rain,2,FTR,10,Infinity songlist,assets/songs/lamentrain/2.aff,assets/songs/lamentrain/base.ogg,69037,ee65bfb35e71326812d3d6306753d3e351a68d2350993dcd81dca234b6d19ddd,4012243,False,Infinity,Infinity
lamentrain,Lament Rain,3,BYD,11,Infinity songlist,assets/songs/lamentrain/3.aff,assets/songs/lamentrain/base.ogg,86182,d8668206674aa975b772b26ec72a71fa6e143952e4e9b84f7093a262f6bdbb0b,4012243,False,Infinity,Infinity
designant,Designant.,0,PST,7,Infinity songlist,assets/songs/designant/0.aff,assets/songs/designant/base.ogg,38167,a9d55c137f69ff77edc0f6834f040877d80c97596299abcbb2fb78ec12400b41,4340249,False,Infinity,Infinity
designant,Designant.,1,PRS,9,Infinity songlist,assets/songs/designant/1.aff,assets/songs/designant/base.ogg,56948,7688e9177b1d4ee34ad026fad8741a18fea421d12c9c09e64974a84b1b2ee974,4340249,False,Infinity,Infinity
designant,Designant.,2,FTR,10,Infinity songlist,assets/songs/designant/2.aff,assets/songs/designant/base.ogg,99137,3a02e106e5772cc5039ec0db5221764c934428865cfafa0089ffe35637f0db13,4340249,False,Infinity,Infinity
designant,Designant.,3,BYD,11,Infinity songlist,assets/songs/designant/3.aff,assets/songs/designant/base.ogg,125802,bd7b198b28ebbeef694a446e3f22f8ba81bfe5541cdca4379f0a4730ff5974f7,4340249,False,Infinity,Infinity
astralquant,Astral Quantization,0,PST,5,Infinity songlist,assets/songs/astralquant/0.aff,assets/songs/astralquant/base.ogg,16917,568b711391c2dc02fb898d3a819eba7fbc50b56637cefa27b0af011f72cd7f9c,3766176,False,Infinity,Infinity
astralquant,Astral Quantization,1,PRS,8,Infinity songlist,assets/songs/astralquant/1.aff,assets/songs/astralquant/base.ogg,40856,43244c49bcd3f0d2ba9d1750bf940ae6540f59c264114fbb6a042b390b8bea73,3766176,False,Infinity,Infinity
astralquant,Astral Quantization,2,FTR,10,Infinity songlist,assets/songs/astralquant/2.aff,assets/songs/astralquant/base.ogg,202598,1d554c68fd500a6a62f976bd0087aeacda5b17905994d05e7acdc67e3bbec704,3766176,False,Infinity,Infinity
ignition,Ignition,0,PST,3,Infinity songlist,assets/songs/ignition/0.aff,assets/songs/ignition/base.ogg,7112,5faad6a6b7913129faa54978a9fcc8027552dc72c6d04552cd1835c26e1ebb36,3327802,False,Infinity,Infinity
ignition,Ignition,1,PRS,6,Infinity songlist,assets/songs/ignition/1.aff,assets/songs/ignition/base.ogg,12109,224d01fc448740cefa62701c13aaa97f95b9196258cfe35d6de1f2fb2321ebec,3327802,False,Infinity,Infinity
ignition,Ignition,2,FTR,9,Infinity songlist,assets/songs/ignition/2.aff,assets/songs/ignition/base.ogg,37929,a6b0ad778237d4b2ce81d9c57ec7f7ec017118edf82dc17e987c4b3bb7ae3f0b,3327802,False,Infinity,Infinity
blazingair,BlazinG AIR,0,PST,3,Infinity songlist,assets/songs/blazingair/0.aff,assets/songs/blazingair/base.ogg,7316,e9c789c7c4b3883a9a88822b54dd4c2111cddb230bca2a6f46466bd1c2f77240,3397590,False,Infinity,Infinity
blazingair,BlazinG AIR,1,PRS,6,Infinity songlist,assets/songs/blazingair/1.aff,assets/songs/blazingair/base.ogg,15715,f08eae83d9caf6ea47fa182978543a6eb4d0c759e53a40221365bed794636141,3397590,False,Infinity,Infinity
blazingair,BlazinG AIR,2,FTR,8,Infinity songlist,assets/songs/blazingair/2.aff,assets/songs/blazingair/base.ogg,43638,fafdd42929abee8d156658b356c1965dc4be10c00dc9282b4b1fb2bfd976ef97,3397590,False,Infinity,Infinity
blazingair,BlazinG AIR,4,ETR,10,Infinity songlist,assets/songs/blazingair/4.aff,assets/songs/blazingair/base.ogg,64374,6b34cc1d6f18d59d554d4b47ee613f7e64e5e545484ff019bc2f9c76a96f1d76,3397590,False,Infinity,Infinity
eightem,8-EM,0,PST,4,Infinity songlist,assets/songs/eightem/0.aff,assets/songs/eightem/base.ogg,12995,47d8f7afe057fba6104abb16e8a8f09d84db0ca6a4e73f21f325600a7ca51465,3608170,False,Infinity,Infinity
eightem,8-EM,1,PRS,7,Infinity songlist,assets/songs/eightem/1.aff,assets/songs/eightem/base.ogg,22582,3eea0e07e757b8aa65d7c5ce7480b0622e50056e6f926d27cc6684aa322a307f,3608170,False,Infinity,Infinity
eightem,8-EM,2,FTR,9,Infinity songlist,assets/songs/eightem/2.aff,assets/songs/eightem/base.ogg,48735,bc497d94676a234ca2fbe4fcdc6b5eafa0858dba38d4d2b4f487305630b45317,3608170,False,Infinity,Infinity
eightem,8-EM,4,ETR,10,Infinity songlist,assets/songs/eightem/4.aff,assets/songs/eightem/base.ogg,54387,f287a24150d1f700d9c87afb9d59a4521a237b94344321a143f30aab1d9eee5a,3608170,False,Infinity,Infinity
daat,DA'AT -The First Seeker of Souls-,0,PST,5,Infinity songlist,assets/songs/daat/0.aff,assets/songs/daat/base.ogg,16613,f3a6f2e5fa5303fa1010e52c9efc8b146b726c51bcfbcc094942c45285f493ea,3934987,False,Infinity,Infinity
daat,DA'AT -The First Seeker of Souls-,1,PRS,8,Infinity songlist,assets/songs/daat/1.aff,assets/songs/daat/base.ogg,29553,8c22c1e6c8d33f8e5a924b0573a574e9ba140ccddf4ae3a8dcbc965884b35fdd,3934987,False,Infinity,Infinity
daat,DA'AT -The First Seeker of Souls-,2,FTR,10,Infinity songlist,assets/songs/daat/2.aff,assets/songs/daat/base.ogg,112514,cf32a94aeeb8dfeedcd9cfc1f661e50aa5b8cb59bdd665a06490d4db10bd0812,3934987,False,Infinity,Infinity
breakbreak,BREaK! BREaK! BREaK!,0,PST,3,Infinity songlist,assets/songs/breakbreak/0.aff,assets/songs/breakbreak/base.ogg,9498,eda448c135b76c5af0f350dc21c1c362a291f987c508b0fc196ee46c29b73e1b,3600476,False,Infinity,Infinity
breakbreak,BREaK! BREaK! BREaK!,1,PRS,6,Infinity songlist,assets/songs/breakbreak/1.aff,assets/songs/breakbreak/base.ogg,15867,a0332e5d62e3501e076fbfad7779e5a5b1a67894da6876fbc568567a370da016,3600476,False,Infinity,Infinity
breakbreak,BREaK! BREaK! BREaK!,2,FTR,8,Infinity songlist,assets/songs/breakbreak/2.aff,assets/songs/breakbreak/base.ogg,32946,4eae4d6f0938cd3993301be569b6feb3ff22c4e68be666825d6e33dd3c23665d,3600476,False,Infinity,Infinity
breakbreak,BREaK! BREaK! BREaK!,4,ETR,10,Infinity songlist,assets/songs/breakbreak/4.aff,assets/songs/breakbreak/base.ogg,46890,0c6d3983b3474f7986cc2be659be0352eaa3f1183901a37fa76c7657dbe0cf15,3600476,False,Infinity,Infinity
straightintolights,Straight into the lights,0,PST,4,Infinity songlist,assets/songs/straightintolights/0.aff,assets/songs/straightintolights/base.ogg,8276,98e6ade11a4ff1c88421a16aa1f0f85d3492e245094a07dbb18cafae0f02a8ac,3623592,False,Infinity,Infinity
straightintolights,Straight into the lights,1,PRS,7,Infinity songlist,assets/songs/straightintolights/1.aff,assets/songs/straightintolights/base.ogg,14735,fa04b873191533e7a74f58796ac2bb8a7aa31b5f55032ed201aed463d88aeac4,3623592,False,Infinity,Infinity
straightintolights,Straight into the lights,2,FTR,9,Infinity songlist,assets/songs/straightintolights/2.aff,assets/songs/straightintolights/base.ogg,43922,a5ed99acf33f9aace8950784cbfb28b621cb7338c719c9dbf738775c085f134f,3623592,False,Infinity,Infinity
straightintolights,Straight into the lights,4,ETR,10,Infinity songlist,assets/songs/straightintolights/4.aff,assets/songs/straightintolights/base.ogg,67964,21909fd977928873582db2cbb329b19a5d10df4ddc8e3a195d47f7e49b641430,3623592,False,Infinity,Infinity
virtus,ViRTUS,0,PST,5,Infinity songlist,assets/songs/virtus/0.aff,assets/songs/virtus/base.ogg,13711,8dcf25195cd14fa74a4d1614462b058a4425d9399714e9ae10ffb727a54d96bd,3513667,False,Infinity,Infinity
virtus,ViRTUS,1,PRS,8,Infinity songlist,assets/songs/virtus/1.aff,assets/songs/virtus/base.ogg,24755,ad015596eb131da4fb50e0566315a77252e8622b62619d11acfb2926a76f0c58,3513667,False,Infinity,Infinity
virtus,ViRTUS,2,FTR,9,Infinity songlist,assets/songs/virtus/2.aff,assets/songs/virtus/base.ogg,42932,a4e66b57630686a224adb3e36bb5abc80fac2764547671b285397843a04f8399,3513667,False,Infinity,Infinity
virtus,ViRTUS,4,ETR,10,Infinity songlist,assets/songs/virtus/4.aff,assets/songs/virtus/base.ogg,50557,07748ae6e6aed048b775d565b98dcf67b17c311cf8a8278b78fb4c9f2885cf1e,3513667,False,Infinity,Infinity
yomibitoshirazu,yomibito_shirazu,0,PST,4,Infinity songlist,assets/songs/yomibitoshirazu/0.aff,assets/songs/yomibitoshirazu/base.ogg,18063,9650e20b2a3c333481c5a9d50661448df2b143d98169c57e24432c29c949b680,3554899,False,Infinity,Infinity
yomibitoshirazu,yomibito_shirazu,1,PRS,8,Infinity songlist,assets/songs/yomibitoshirazu/1.aff,assets/songs/yomibitoshirazu/base.ogg,22921,d17450f7c84b5c9f923c9e3623e6e61f8763c1275e99794982bf37fa6c74d382,3554899,False,Infinity,Infinity
yomibitoshirazu,yomibito_shirazu,2,FTR,9,Infinity songlist,assets/songs/yomibitoshirazu/2.aff,assets/songs/yomibitoshirazu/base.ogg,54997,5e3a9109678087125104ec8ab6159d9cf4032846e0bb0db467de7bbaf851730d,3554899,False,Infinity,Infinity
aethercrest,Aether Crest: Astral,0,PST,6,Infinity songlist,assets/songs/aethercrest/0.aff,assets/songs/aethercrest/base.ogg,16051,50138893b23968f194d0ade6743898c80dd544b162c016eeabec9cf31350dade,3981731,False,Infinity,Infinity
aethercrest,Aether Crest: Astral,1,PRS,8,Infinity songlist,assets/songs/aethercrest/1.aff,assets/songs/aethercrest/base.ogg,31180,50717c3570672df808fd2e53d7eda8df5a12881c38466f29fbf0183468873633,3981731,False,Infinity,Infinity
aethercrest,Aether Crest: Astral,2,FTR,10,Infinity songlist,assets/songs/aethercrest/2.aff,assets/songs/aethercrest/base.ogg,57938,e94e6829b1591144d73f8f854f88297be7a286a75858c61d389089ebd12ed08f,3981731,False,Infinity,Infinity
aethercrest,Aether Crest: Astral,4,ETR,11,Infinity songlist,assets/songs/aethercrest/4.aff,assets/songs/aethercrest/base.ogg,94640,76080049442bfd0557bc2a9b1bba2d85bdd6ed7b5d55264d164af425b14c7738,3981731,False,Infinity,Infinity
heartache,Heartache,0,PST,1,Infinity songlist,assets/songs/heartache/0.aff,assets/songs/heartache/base.ogg,2408,92b0c797216eb3fe247f4d006286f742b6cf0e5fcdb29c5a04978edd7c6727a0,2871078,False,Infinity,Infinity
heartache,Heartache,1,PRS,4,Infinity songlist,assets/songs/heartache/1.aff,assets/songs/heartache/base.ogg,5692,91ebb0baca200bab5c67182f093117655005d15c322ad5d5be5e87a2d0d7345b,2871078,False,Infinity,Infinity
heartache,Heartache,2,FTR,7,Infinity songlist,assets/songs/heartache/2.aff,assets/songs/heartache/base.ogg,11295,42496c2659cd730c66a8c4658d5eb2ff3901f32282554df06bfd752388eed931,2871078,False,Infinity,Infinity
heartache,Heartache,4,ETR,8,Infinity songlist,assets/songs/heartache/4.aff,assets/songs/heartache/base.ogg,21816,fe9d3a618595879e346656515d6592025d61240cced257f892b30f68e9d49c6c,2871078,False,Infinity,Infinity
deathbyglamour,Death By Glamour,0,PST,2,Infinity songlist,assets/songs/deathbyglamour/0.aff,assets/songs/deathbyglamour/base.ogg,7518,e7153552c840caa6a64452e47d2fa3baf928b80d251fd4c751cf1a3269c1e8ae,3324598,False,Infinity,Infinity
deathbyglamour,Death By Glamour,1,PRS,5,Infinity songlist,assets/songs/deathbyglamour/1.aff,assets/songs/deathbyglamour/base.ogg,14546,04f23656165debc1525341ada1cab407a2cd1ff5f991d5a30fb7c28482ed21a6,3324598,False,Infinity,Infinity
deathbyglamour,Death By Glamour,2,FTR,7,Infinity songlist,assets/songs/deathbyglamour/2.aff,assets/songs/deathbyglamour/base.ogg,20945,8044d637fa7db96e836598e5f4f3c3287be25b54160e711fcdd8b8b7e69bfa59,3324598,False,Infinity,Infinity
deathbyglamour,Death By Glamour,4,ETR,9,Infinity songlist,assets/songs/deathbyglamour/4.aff,assets/songs/deathbyglamour/base.ogg,52868,ccc06ecfa8a16efe3a413cf077991dc439e8c62b8888b0342d8f75b3314a04b1,3324598,False,Infinity,Infinity
yourbestnightmare,Your Best Nightmare,0,PST,3,Infinity songlist,assets/songs/yourbestnightmare/0.aff,assets/songs/yourbestnightmare/base.ogg,11138,20e492186e4b141e7d1ffe74620dc5f78c2151403a60a6cc339b6617894c56fb,4247015,False,Infinity,Infinity
yourbestnightmare,Your Best Nightmare,1,PRS,6,Infinity songlist,assets/songs/yourbestnightmare/1.aff,assets/songs/yourbestnightmare/base.ogg,18992,9fe0c84d4e0aee3b4d80f0aa2253efc4aa602702547f88511483a5d206ac8dc4,4247015,False,Infinity,Infinity
yourbestnightmare,Your Best Nightmare,2,FTR,8,Infinity songlist,assets/songs/yourbestnightmare/2.aff,assets/songs/yourbestnightmare/base.ogg,53734,bf88e73419ee7669139bbace9902b4b1f52e13ab2ae453526843a717b636663a,4247015,False,Infinity,Infinity
yourbestnightmare,Your Best Nightmare,3,BYD,10,Infinity songlist,assets/songs/yourbestnightmare/3.aff,assets/songs/yourbestnightmare/base.ogg,204258,ee7778b1ea214703bb6051efd6b292c325719d531d012712bbe4c6f6e0a11de6,4247015,False,Infinity,Infinity
lastgoodbye,Last Goodbye,0,PST,2,Infinity songlist,assets/songs/lastgoodbye/0.aff,assets/songs/lastgoodbye/base.ogg,6050,1c8db17ff0b1163238e2314695c34075181452603f64befbb3f7a4adb99f1f3e,3350476,False,Infinity,Infinity
lastgoodbye,Last Goodbye,1,PRS,6,Infinity songlist,assets/songs/lastgoodbye/1.aff,assets/songs/lastgoodbye/base.ogg,12196,37de17c87f11957a766f36598c83ff93411ea52d12c251fe436c31563211e3cd,3350476,False,Infinity,Infinity
lastgoodbye,Last Goodbye,2,FTR,8,Infinity songlist,assets/songs/lastgoodbye/2.aff,assets/songs/lastgoodbye/base.ogg,20107,59c65c7ab8a80900e37b5d24616b9cec3c4763048e77fa0c7af749dd74f72fa2,3350476,False,Infinity,Infinity
lastgoodbye,Last Goodbye,4,ETR,9,Infinity songlist,assets/songs/lastgoodbye/4.aff,assets/songs/lastgoodbye/base.ogg,38207,3c07c17ea7d86033cf0fc9fa8998cc528d616d943a63326ec120a6e33e6485fe,3350476,False,Infinity,Infinity
megalovania,MEGALOVANIA,0,PST,4,Infinity songlist,assets/songs/megalovania/0.aff,assets/songs/megalovania/base.ogg,12774,04afa7d41cd80cbb8b45ed3bc885505f1903ec3f215dbb4df6379d83052a7738,3785276,False,Infinity,Infinity
megalovania,MEGALOVANIA,1,PRS,7,Infinity songlist,assets/songs/megalovania/1.aff,assets/songs/megalovania/base.ogg,15717,d765072fb3d29f232c279f0ffd0f288d8cc55c4c69f9bb0ce6fb298d72717280,3785276,False,Infinity,Infinity
megalovania,MEGALOVANIA,2,FTR,9,Infinity songlist,assets/songs/megalovania/2.aff,assets/songs/megalovania/base.ogg,77081,4321d126455c66a127a28c45b35c0f88bcf201cc498624531d87e2a1af082ecc,3785276,False,Infinity,Infinity
megalovania,MEGALOVANIA,4,ETR,10,Infinity songlist,assets/songs/megalovania/4.aff,assets/songs/megalovania/base.ogg,205587,cb8d41a17ccb491a08112a7ae4f40cc366aeecc290cb2d15400975f19cf1ead7,3785276,False,Infinity,Infinity
megalovaniarmx,MEGALOVANIA (Camellia Remix),0,PST,5,Infinity songlist,assets/songs/megalovaniarmx/0.aff,assets/songs/megalovaniarmx/base.ogg,17075,cf0ac615a5d38ab76108df6f2bf27b441c1d6a39266d3bdfdcce084b53361405,4048522,False,Infinity,Infinity
megalovaniarmx,MEGALOVANIA (Camellia Remix),1,PRS,8,Infinity songlist,assets/songs/megalovaniarmx/1.aff,assets/songs/megalovaniarmx/base.ogg,29571,08dec9e2e916f893e2291f719044b99f97f21dd537579194e1b0914298bf7b9b,4048522,False,Infinity,Infinity
megalovaniarmx,MEGALOVANIA (Camellia Remix),2,FTR,9,Infinity songlist,assets/songs/megalovaniarmx/2.aff,assets/songs/megalovaniarmx/base.ogg,105652,4264d7d5cd214d2fc86f79d566d639f3a5275bdee223ca8d515fdd70fd2cde97,4048522,False,Infinity,Infinity
megalovaniarmx,MEGALOVANIA (Camellia Remix),4,ETR,10,Infinity songlist,assets/songs/megalovaniarmx/4.aff,assets/songs/megalovaniarmx/base.ogg,186423,523a5b9468ace180806bd4ac5a47359c768bebbfec91ae2bd164e028e01dd778,4048522,False,Infinity,Infinity
placebobattler,Placebo♥Battler,0,PST,5,Infinity songlist,assets/songs/placebobattler/0.aff,assets/songs/placebobattler/base.ogg,16399,508288160f0ab13ba9c6a78937e09b8037f8c4e5e750768e772f272fe00b260d,3865654,False,Infinity,Infinity
placebobattler,Placebo♥Battler,1,PRS,8,Infinity songlist,assets/songs/placebobattler/1.aff,assets/songs/placebobattler/base.ogg,32994,d7f198b53eb7b7968ca9f6eaf1661986a7b6051b6cd07b286dffc6ca74c2c2e8,3865654,False,Infinity,Infinity
placebobattler,Placebo♥Battler,2,FTR,10,Infinity songlist,assets/songs/placebobattler/2.aff,assets/songs/placebobattler/base.ogg,60312,310d91066093911e8741bd7b524026dbad85aba6af368dfdb3b0f0d8e27f6012,3865654,False,Infinity,Infinity
blackmirror,Black Mirror on the Wall,0,PST,3,Infinity songlist,assets/songs/blackmirror/0.aff,assets/songs/blackmirror/base.ogg,8726,89172e94ed955290a4141db41c1434c713375d3ce2cbe6edbfef253b0bfa6a8d,3695418,False,Infinity,Infinity
blackmirror,Black Mirror on the Wall,1,PRS,6,Infinity songlist,assets/songs/blackmirror/1.aff,assets/songs/blackmirror/base.ogg,12422,242c4d94d07a01583e211817f2f1e164d72683acdd793f0901da67f8e18f5701,3695418,False,Infinity,Infinity
blackmirror,Black Mirror on the Wall,2,FTR,8,Infinity songlist,assets/songs/blackmirror/2.aff,assets/songs/blackmirror/base.ogg,21882,359af6ecea54cc4b877e27c573ccb25abbf8223275edfc9b9dba529ba1278223,3695418,False,Infinity,Infinity
blackmirror,Black Mirror on the Wall,4,ETR,9,Infinity songlist,assets/songs/blackmirror/4.aff,assets/songs/blackmirror/base.ogg,30550,562ca6e241b19ec79739eeafb0870033f42f3fd0cbbc225977d0253d1ad9276d,3695418,False,Infinity,Infinity
shinchoku,Shinchoku Doudesuka?,0,PST,3,Infinity songlist,assets/songs/shinchoku/0.aff,assets/songs/shinchoku/base.ogg,8323,8ae16a38cb1ebd7f6933b22c8660fe204afb0ab0c2e7044e58dcc34625d024eb,3515705,False,Infinity,Infinity
shinchoku,Shinchoku Doudesuka?,1,PRS,7,Infinity songlist,assets/songs/shinchoku/1.aff,assets/songs/shinchoku/base.ogg,18259,dcde7657c543d4054c542957e28f7e2e7b664a2801c5d144deebaa6561309793,3515705,False,Infinity,Infinity
shinchoku,Shinchoku Doudesuka?,2,FTR,8,Infinity songlist,assets/songs/shinchoku/2.aff,assets/songs/shinchoku/base.ogg,29468,bb7801426e79a92121fbd2e57dab22cb669cd8dba39bb150ac45fae0b9004b7d,3515705,False,Infinity,Infinity
shinchoku,Shinchoku Doudesuka?,4,ETR,9,Infinity songlist,assets/songs/shinchoku/4.aff,assets/songs/shinchoku/base.ogg,58548,dcf2354afa76910453d662592e3eb24080f76ea5caaa083240e4fbf08626e43b,3515705,False,Infinity,Infinity
trpno,TRPNO,0,PST,4,Infinity songlist,assets/songs/trpno/0.aff,assets/songs/trpno/base.ogg,10112,e10b2401c6006c41a2dec8bac97caea32d0d14f8829f0f8ff1ab6aaaa563d8de,3049410,False,Infinity,Infinity
trpno,TRPNO,1,PRS,7,Infinity songlist,assets/songs/trpno/1.aff,assets/songs/trpno/base.ogg,15493,76c6605f56be4506dcbe4fbf41b15a134d829b67f75f63af3f48492aa73ee22d,3049410,False,Infinity,Infinity
trpno,TRPNO,2,FTR,10,Infinity songlist,assets/songs/trpno/2.aff,assets/songs/trpno/base.ogg,39464,270c4caea6f40880b1ae20694ffdd5d2bc5e774b2a3741e3ca49a5ec04ec7c18,3049410,False,Infinity,Infinity
tau,τ (tau),0,PST,4,Infinity songlist,assets/songs/tau/0.aff,assets/songs/tau/base.ogg,17490,d5eef2f05e77c94c474edcba3ffb78bff43be85e135a24118cd14a9cbc4c90b5,3482566,False,Infinity,Infinity
tau,τ (tau),1,PRS,7,Infinity songlist,assets/songs/tau/1.aff,assets/songs/tau/base.ogg,27655,dcb97f9f68a7574f1b7f9ec41dcb3ba57ac87e9b4f526f9d6a45434d33766d9c,3482566,False,Infinity,Infinity
tau,τ (tau),2,FTR,9,Infinity songlist,assets/songs/tau/2.aff,assets/songs/tau/base.ogg,54413,8f5c77f41e2df6ac62dbdc3cb3777c7a34658f0adf877743841ae945d0db8d6c,3482566,False,Infinity,Infinity
dullblade,Dull Blade,0,PST,4,Infinity songlist,assets/songs/dullblade/0.aff,assets/songs/dullblade/base.ogg,12354,21597ff70332463adf2b347fbfb2ab2482c489e6c7fd546bc57a4af4de90ce6b,3385483,False,Infinity,Infinity
dullblade,Dull Blade,1,PRS,8,Infinity songlist,assets/songs/dullblade/1.aff,assets/songs/dullblade/base.ogg,17839,9efd54e6c8e599b7223010d5fedad53376802736d9a8079c091800ef469e16f2,3385483,False,Infinity,Infinity
dullblade,Dull Blade,2,FTR,10,Infinity songlist,assets/songs/dullblade/2.aff,assets/songs/dullblade/base.ogg,43844,76e6b9846e98fb10263de9bf5144e9becdf3f859f5ecc12aaba61e29fc374b01,3385483,False,Infinity,Infinity
wontbackdown,Won't Back Down,0,PST,3,Infinity songlist,assets/songs/wontbackdown/0.aff,assets/songs/wontbackdown/base.ogg,7792,3523e879406ea45e16cbe3dc3f3845ca59c817a91470504e7d9edec2f2b2f197,3251508,False,Infinity,Infinity
wontbackdown,Won't Back Down,1,PRS,6,Infinity songlist,assets/songs/wontbackdown/1.aff,assets/songs/wontbackdown/base.ogg,11816,cdc8114d062b854fff962bccbf25bfa709682a215c33491aac32e7cf97e0232d,3251508,False,Infinity,Infinity
wontbackdown,Won't Back Down,2,FTR,9,Infinity songlist,assets/songs/wontbackdown/2.aff,assets/songs/wontbackdown/base.ogg,39987,9420bbc6641519900b2bf9781f3384bb39e8a60ba2601c97b12e6fa1df686c93,3251508,False,Infinity,Infinity
dontdie,Don't Die,0,PST,3,Infinity songlist,assets/songs/dontdie/0.aff,assets/songs/dontdie/base.ogg,7237,a5b0531caa0b03d856f9e79a5d6be7755c0c0ccca63afe6a975fef861070ef04,3118003,False,Infinity,Infinity
dontdie,Don't Die,1,PRS,7,Infinity songlist,assets/songs/dontdie/1.aff,assets/songs/dontdie/base.ogg,9321,aef6c736ef0bbdf9532c475b1fc896304baffd28cf4bf8b52083d7564c27561d,3118003,False,Infinity,Infinity
dontdie,Don't Die,2,FTR,9,Infinity songlist,assets/songs/dontdie/2.aff,assets/songs/dontdie/base.ogg,26835,144ee5ef323b263a79e4330ef6cf6ac71f92847d70a28fb92e10d32d6ba5c375,3118003,False,Infinity,Infinity
dontdie,Don't Die,4,ETR,10,Infinity songlist,assets/songs/dontdie/4.aff,assets/songs/dontdie/base.ogg,38525,336ed5ed72c8a656898fa906cad6a5025e45fe890fdd0203d9cf8b8d41b46f10,3118003,False,Infinity,Infinity
ladymadestar,Ladymade Star,0,PST,2,Infinity songlist,assets/songs/ladymadestar/0.aff,assets/songs/ladymadestar/base.ogg,10068,ca5bbac215ccef3cc610b49fa93161df46b09328b9f2572958ce25b06f41232d,3085485,False,Infinity,Infinity
ladymadestar,Ladymade Star,1,PRS,6,Infinity songlist,assets/songs/ladymadestar/1.aff,assets/songs/ladymadestar/base.ogg,13719,29e74bfa411fe31b6c488f2ee44e75651f5bc9bd71f11f9ed19d477c3390db4a,3085485,False,Infinity,Infinity
ladymadestar,Ladymade Star,2,FTR,8,Infinity songlist,assets/songs/ladymadestar/2.aff,assets/songs/ladymadestar/base.ogg,24983,079b6a8d582ca568484e4ad9e3559011f8a8777483f4520b125cff01e0df722d,3085485,False,Infinity,Infinity
ladymadestar,Ladymade Star,4,ETR,9,Infinity songlist,assets/songs/ladymadestar/4.aff,assets/songs/ladymadestar/base.ogg,29734,12bedea4614828d839d67edd3159f76a868d20e95700f3e1fe7142137e5371cd,3085485,False,Infinity,Infinity
endmoonlight,End of The Moonlight,0,PST,3,Infinity songlist,assets/songs/endmoonlight/0.aff,assets/songs/endmoonlight/base.ogg,5944,06fd76bbe4ceb0e040b4b98ca8ccd15472e0f46e9f1895129f244e78881f16a2,2757023,False,Infinity,Infinity
endmoonlight,End of The Moonlight,1,PRS,5,Infinity songlist,assets/songs/endmoonlight/1.aff,assets/songs/endmoonlight/base.ogg,9670,d98daf652eb4e4ed436cb887a4d1570e7c5176f3af3b5b2e417bd758c06fe625,2757023,False,Infinity,Infinity
endmoonlight,End of The Moonlight,2,FTR,9,Infinity songlist,assets/songs/endmoonlight/2.aff,assets/songs/endmoonlight/base.ogg,23085,555f4d683cfc1ce2633e6bce13eadddb659b9d147637f05a88ec6025c292a1f9,2757023,False,Infinity,Infinity
uad,U.A.D,0,PST,3,Infinity songlist,assets/songs/uad/0.aff,assets/songs/uad/base.ogg,8286,d5365970e438afef5e69c8e89e25520bb2a97e4567160a4c09378f1f0b68f835,3007117,False,Infinity,Infinity
uad,U.A.D,1,PRS,6,Infinity songlist,assets/songs/uad/1.aff,assets/songs/uad/base.ogg,16357,569be14adc21f2f28c7ea8ab75d636db56bfc825bf12c9c5c88fc83aff80f367,3007117,False,Infinity,Infinity
uad,U.A.D,2,FTR,8,Infinity songlist,assets/songs/uad/2.aff,assets/songs/uad/base.ogg,25580,c6680458c5666f5f4d1ac3351d02e2cbe8e0acb4741ca69e9a936bbff453a26f,3007117,False,Infinity,Infinity
uad,U.A.D,4,ETR,9,Infinity songlist,assets/songs/uad/4.aff,assets/songs/uad/base.ogg,41454,aeb5d3c8dad8d7a266f1a2208030b2f0420a5e6542bddfed7336d358e07ab4b1,3007117,False,Infinity,Infinity
oblivion,OBLIVION,0,PST,4,Infinity songlist,assets/songs/oblivion/0.aff,assets/songs/oblivion/base.ogg,8148,8130436510b2ad05680d36395781581b6f9611d113c8f6b24250a4477f541ec7,2961248,False,Infinity,Infinity
oblivion,OBLIVION,1,PRS,7,Infinity songlist,assets/songs/oblivion/1.aff,assets/songs/oblivion/base.ogg,11739,3ad29a99c7bd4c89bbfe8754e68c5178964de131a560b01b6811dc5734eaf009,2961248,False,Infinity,Infinity
oblivion,OBLIVION,2,FTR,9,Infinity songlist,assets/songs/oblivion/2.aff,assets/songs/oblivion/base.ogg,23244,8c29751747cda684977ce02112d13c5c7897b2c5180cea338caadfde76dcc1a7,2961248,False,Infinity,Infinity
oblivion,OBLIVION,4,ETR,10,Infinity songlist,assets/songs/oblivion/4.aff,assets/songs/oblivion/base.ogg,26027,8c4b4a7533a276c7379844bb06c30bbcd28a8da7186f002303d140882d519be5,2961248,False,Infinity,Infinity
nightmare,Nightmare,0,PST,4,Infinity songlist,assets/songs/nightmare/0.aff,assets/songs/nightmare/base.ogg,8158,8b2ac47ac058a4c3ee9eb64001495875fd80f3aa494e262ff89c989377d2101a,3069173,False,Infinity,Infinity
nightmare,Nightmare,1,PRS,7,Infinity songlist,assets/songs/nightmare/1.aff,assets/songs/nightmare/base.ogg,17109,365d2c0b3e05460708ac08c1dd0a935ed5082339de3f2814224b2b115098ccc3,3069173,False,Infinity,Infinity
nightmare,Nightmare,2,FTR,9,Infinity songlist,assets/songs/nightmare/2.aff,assets/songs/nightmare/base.ogg,31826,991b0c56d5c003891f8a75a180c66f2a2c9726c7a98c19ba5815d588a7a7c85c,3069173,False,Infinity,Infinity
nightmare,Nightmare,4,ETR,10,Infinity songlist,assets/songs/nightmare/4.aff,assets/songs/nightmare/base.ogg,47248,e084aa259cd5d7d49342e9662051049b549e42d7ec628f314160d471da37ff87,3069173,False,Infinity,Infinity
tictactoe,Tic! Tac! Toe!,0,PST,3,Infinity songlist,assets/songs/tictactoe/0.aff,assets/songs/tictactoe/base.ogg,8847,afb64b819c5094a6e9837351f6b63ce917d5a516c3e61f09963f1a1fd8ef23c5,3328602,False,Infinity,Infinity
tictactoe,Tic! Tac! Toe!,1,PRS,7,Infinity songlist,assets/songs/tictactoe/1.aff,assets/songs/tictactoe/base.ogg,20587,c594c323d97aaf8b9e37c33f87ece08af4765808ef124d60c564e9d6a98f1c18,3328602,False,Infinity,Infinity
tictactoe,Tic! Tac! Toe!,2,FTR,8,Infinity songlist,assets/songs/tictactoe/2.aff,assets/songs/tictactoe/base.ogg,31731,2167f45deb2c347fb82e1d8f31cdb61d73f54230415dce8f60e9223350d8c804,3328602,False,Infinity,Infinity
tictactoe,Tic! Tac! Toe!,4,ETR,9,Infinity songlist,assets/songs/tictactoe/4.aff,assets/songs/tictactoe/base.ogg,39985,60066329e9f1ce43b10d0d05f7ec1f51e8ec50bd27909223e11546f0b9d01dfd,3328602,False,Infinity,Infinity
satisfaction,SATISFACTION,0,PST,3,Infinity songlist,assets/songs/satisfaction/0.aff,assets/songs/satisfaction/base.ogg,10829,7c2342e87ab940d6ed75ee2e878664162685ad98eb233ddf5c5bfc08066c2aff,3627314,False,Infinity,Infinity
satisfaction,SATISFACTION,1,PRS,6,Infinity songlist,assets/songs/satisfaction/1.aff,assets/songs/satisfaction/base.ogg,18841,c81412b88ceeed41ff2cca8f18f19a2c8b5d1abfe555a45ab7ebcb4203fe6e35,3627314,False,Infinity,Infinity
satisfaction,SATISFACTION,2,FTR,8,Infinity songlist,assets/songs/satisfaction/2.aff,assets/songs/satisfaction/base.ogg,27105,4b2bc117abf1985693d53579af7d9bde4f69ed187cba43a4808fdade2e7d634c,3627314,False,Infinity,Infinity
satisfaction,SATISFACTION,4,ETR,9,Infinity songlist,assets/songs/satisfaction/4.aff,assets/songs/satisfaction/base.ogg,35354,5cc112b2c3fa82745b2509cf990afcfca18312bfa2933000c5638f3c5c373949,3627314,False,Infinity,Infinity
someday,Someday,0,PST,3,Infinity songlist,assets/songs/someday/0.aff,assets/songs/someday/base.ogg,5365,b03054f26e1de1bb823095798635659d2069407baa296bcf51c15a8e6c809fe0,2958130,False,Infinity,Infinity
someday,Someday,1,PRS,6,Infinity songlist,assets/songs/someday/1.aff,assets/songs/someday/base.ogg,12349,d274b6597a095b838585daa5be18882c285c7a6c750ebcbcf2265814973a0756,2958130,False,Infinity,Infinity
someday,Someday,2,FTR,9,Infinity songlist,assets/songs/someday/2.aff,assets/songs/someday/base.ogg,27516,d781f2971fbab8177dee8a1f109c9d2892f90dd699c7c48f65c687b74849a911,2958130,False,Infinity,Infinity
miles,Miles,0,PST,3,Infinity songlist,assets/songs/miles/0.aff,assets/songs/miles/base.ogg,7479,a974841bcf67d8d11a115b23ff159dd25f2c1637b73af0fe5ffcb08c76c22436,3184641,False,Infinity,Infinity
miles,Miles,1,PRS,6,Infinity songlist,assets/songs/miles/1.aff,assets/songs/miles/base.ogg,11520,896d58979ac30a4c5d65d6880d7776df4370f0a94c53c03125781cbf88ca778e,3184641,False,Infinity,Infinity
miles,Miles,2,FTR,8,Infinity songlist,assets/songs/miles/2.aff,assets/songs/miles/base.ogg,16503,153682f88ba8f9e600a9a0843112fe84bbd7cf8e5cfdc22adc86ffb0436e1644,3184641,False,Infinity,Infinity
miles,Miles,4,ETR,9,Infinity songlist,assets/songs/miles/4.aff,assets/songs/miles/base.ogg,24347,93b0a3c98320ba8eee8ac30752050ae8465de74880262569d7104a4d194e3402,3184641,False,Infinity,Infinity
iwantyou,I want You,0,PST,3,Infinity songlist,assets/songs/iwantyou/0.aff,assets/songs/iwantyou/base.ogg,10150,858cacc6dc5da64b18d5aa095fa34aa16ff61f690f6141f527e6d5ce9197d106,2642254,False,Infinity,Infinity
iwantyou,I want You,1,PRS,5,Infinity songlist,assets/songs/iwantyou/1.aff,assets/songs/iwantyou/base.ogg,8338,d72af132bf2ae1faf776ed75ada948a6e57a4a6e1edd54a5f798379a49ba7fab,2642254,False,Infinity,Infinity
iwantyou,I want You,2,FTR,8,Infinity songlist,assets/songs/iwantyou/2.aff,assets/songs/iwantyou/base.ogg,22298,55717c55d5666ffb1c701586dc297d5544398a92bb40468fb70e05fa2be64332,2642254,False,Infinity,Infinity
iwantyou,I want You,4,ETR,9,Infinity songlist,assets/songs/iwantyou/4.aff,assets/songs/iwantyou/base.ogg,31030,ca68a46d37a41bef20b8316117327fee473824d9c1d21d6b3d9304892fb7aa1f,2642254,False,Infinity,Infinity
syriana,Syriana,0,PST,4,Infinity songlist,assets/songs/syriana/0.aff,assets/songs/syriana/base.ogg,10457,c0ce06919e1d24fa7d41b750b192fbb2271b10aeaf1a0c8891c4b3020f36833b,3088116,False,Infinity,Infinity
syriana,Syriana,1,PRS,7,Infinity songlist,assets/songs/syriana/1.aff,assets/songs/syriana/base.ogg,17015,8b52aaddcb4236521609615bc4d9b7d418d1edf5b5b1a6dac2dfc92c682eb40a,3088116,False,Infinity,Infinity
syriana,Syriana,2,FTR,9,Infinity songlist,assets/songs/syriana/2.aff,assets/songs/syriana/base.ogg,46043,43040e1c0dd33bad5483bfd6519263dd9e6dfafd37f9194e6a14ab4a0b97a1d0,3088116,False,Infinity,Infinity
liar,Liar,0,PST,4,Infinity songlist,assets/songs/liar/0.aff,assets/songs/liar/base.ogg,7976,bbc2dc3ef432c7f0d9b96cbeb694670ec39a4132c5532485d43114818822adf9,3290025,False,Infinity,Infinity
liar,Liar,1,PRS,7,Infinity songlist,assets/songs/liar/1.aff,assets/songs/liar/base.ogg,11005,3a50f217de96a8b82a34990ae1e04014c3ff8fb2a7a06183eb1b47a607bd3b7f,3290025,False,Infinity,Infinity
liar,Liar,2,FTR,10,Infinity songlist,assets/songs/liar/2.aff,assets/songs/liar/base.ogg,29595,2a206c45bffdee99ab6a6bc1f9ec54b1d3d270c9897691639f93df9982e72670,3290025,False,Infinity,Infinity
blythe,BlythE,0,PST,3,Infinity songlist,assets/songs/blythe/0.aff,assets/songs/blythe/base.ogg,7360,8c40c2ce68d172fd27dcf19b2da8609abb3050802bc0abf69f49a27537d840e8,3290694,False,Infinity,Infinity
blythe,BlythE,1,PRS,7,Infinity songlist,assets/songs/blythe/1.aff,assets/songs/blythe/base.ogg,13885,ff4572034584385d260387145e54f5c82a942104235b5cbafcba1c900a255452,3290694,False,Infinity,Infinity
blythe,BlythE,2,FTR,9,Infinity songlist,assets/songs/blythe/2.aff,assets/songs/blythe/base.ogg,26874,ff99a4aab48c0426262cf2bb2a807c666bba515689aa4a2254e518d6c627ad97,3290694,False,Infinity,Infinity
blythe,BlythE,4,ETR,10,Infinity songlist,assets/songs/blythe/4.aff,assets/songs/blythe/base.ogg,58411,ffe6eced3e2d0a593aebfb56d2a17a6a33dad8ed311d817ee3335bbe26f4140a,3290694,False,Infinity,Infinity
wereallgonnadie,We're All Gonna Die,0,PST,5,Infinity songlist,assets/songs/wereallgonnadie/0.aff,assets/songs/wereallgonnadie/base.ogg,18798,023f2b7c7e1537e8bcafaa037b5896672d0873e4bb68f2d6fa52aeaa4dff142f,3252714,False,Infinity,Infinity
wereallgonnadie,We're All Gonna Die,1,PRS,8,Infinity songlist,assets/songs/wereallgonnadie/1.aff,assets/songs/wereallgonnadie/base.ogg,27349,cb1c3fe8548cebd7169362d1cabd563932b9589015acf46241ea1d75ac0c5cc2,3252714,False,Infinity,Infinity
wereallgonnadie,We're All Gonna Die,2,FTR,10,Infinity songlist,assets/songs/wereallgonnadie/2.aff,assets/songs/wereallgonnadie/base.ogg,37804,134b895671b40ffbbb67db6c6b89b627e82b19c88b9569a24724554bb40f77be,3252714,False,Infinity,Infinity
wereallgonnadie,We're All Gonna Die,4,ETR,10,Infinity songlist,assets/songs/wereallgonnadie/4.aff,assets/songs/wereallgonnadie/base.ogg,76586,e748ed6d52d545bec67e6fa5aaa59c7f330df7e23e234c2daecc57ef40e87df7,3252714,False,Infinity,Infinity
dematerialized,Dematerialized,0,PST,1,Infinity songlist,assets/songs/dematerialized/0.aff,assets/songs/dematerialized/base.ogg,2813,36b574e618335e9184b19e9173bc9beec51fd0dcafa2aff11670f8c45aa71f77,3035205,False,Infinity,Infinity
dematerialized,Dematerialized,1,PRS,4,Infinity songlist,assets/songs/dematerialized/1.aff,assets/songs/dematerialized/base.ogg,10671,7ecf94e2c9068ad4ec76d79adf88ea2333979a3f0eb42b3a464e4a9f85eb487b,3035205,False,Infinity,Infinity
dematerialized,Dematerialized,2,FTR,7,Infinity songlist,assets/songs/dematerialized/2.aff,assets/songs/dematerialized/base.ogg,17292,4d23749e8321130688a35d1e1ff0ba03d91c0807cfa7cf357bc6f69966395f53,3035205,False,Infinity,Infinity
dematerialized,Dematerialized,4,ETR,8,Infinity songlist,assets/songs/dematerialized/4.aff,assets/songs/dematerialized/base.ogg,21133,308efdda4e4afdebf7df0f3a27bcfb4776f939b5805a26b3b33fbbd5b6656ab4,3035205,False,Infinity,Infinity
seethelights,See the Lights!,0,PST,3,Infinity songlist,assets/songs/seethelights/0.aff,assets/songs/seethelights/base.ogg,14301,55713050027f4757ab93fead2cfe1bda936cee50e823407e156e928a3ac23f94,3511412,False,Infinity,Infinity
seethelights,See the Lights!,1,PRS,6,Infinity songlist,assets/songs/seethelights/1.aff,assets/songs/seethelights/base.ogg,19309,55f654de4767f5fed9c9111f8e0126dacdfbb06da415531efe9b9d659614e9b0,3511412,False,Infinity,Infinity
seethelights,See the Lights!,2,FTR,8,Infinity songlist,assets/songs/seethelights/2.aff,assets/songs/seethelights/base.ogg,32989,8dab7ee2763f29c77b224a22ae09ea6c7d4fd6ccbc800c12943f4313a2d71e22,3511412,False,Infinity,Infinity
seethelights,See the Lights!,4,ETR,9,Infinity songlist,assets/songs/seethelights/4.aff,assets/songs/seethelights/base.ogg,47889,9105761530e6b8e32441f3601ed3274a8564ee9916e1e179ef5fe072134cbcaf,3511412,False,Infinity,Infinity
scarletlunar,Scarlet Lunar Empress,0,PST,3,Infinity songlist,assets/songs/scarletlunar/0.aff,assets/songs/scarletlunar/base.ogg,11972,3c75d07c9a93d83cf5519df557bdc6166b22041dca0e4d628b1789baf4b15517,3560228,False,Infinity,Infinity
scarletlunar,Scarlet Lunar Empress,1,PRS,7,Infinity songlist,assets/songs/scarletlunar/1.aff,assets/songs/scarletlunar/base.ogg,15050,3a2eb181ad2374b282c41ef678f4646cf94cfb2e75c13b08c882b0c9872ab0a1,3560228,False,Infinity,Infinity
scarletlunar,Scarlet Lunar Empress,2,FTR,9,Infinity songlist,assets/songs/scarletlunar/2.aff,assets/songs/scarletlunar/base.ogg,37315,bc0ddb1f387436c54f8b4c4ff559e64557b7dd12d8b06fa9d2ac6241ac291133,3560228,False,Infinity,Infinity
dualdependency,Dual Dependency,0,PST,4,Infinity songlist,assets/songs/dualdependency/0.aff,assets/songs/dualdependency/base.ogg,16967,4efa77f8e389527600b1891ceecec6273be3b22ead8f877ab9a502b4cabc3d81,3649668,False,Infinity,Infinity
dualdependency,Dual Dependency,1,PRS,7,Infinity songlist,assets/songs/dualdependency/1.aff,assets/songs/dualdependency/base.ogg,23209,a1d7503d9622266001a20124d1576130eb1787538e93f9a5373b477c7d01078f,3649668,False,Infinity,Infinity
dualdependency,Dual Dependency,2,FTR,9,Infinity songlist,assets/songs/dualdependency/2.aff,assets/songs/dualdependency/base.ogg,31924,8fc1c8f949ba6767f9a2eba7d02cdd01775b70cd0b8df8986b86e61002af7802,3649668,False,Infinity,Infinity
dualdependency,Dual Dependency,4,ETR,10,Infinity songlist,assets/songs/dualdependency/4.aff,assets/songs/dualdependency/base.ogg,45601,19d46dbb349eef404e784bca4f26cb072379bcdab5ca3ec3cb43a3943c01528c,3649668,False,Infinity,Infinity
lilly,Lilly,0,PST,5,Infinity songlist,assets/songs/lilly/0.aff,assets/songs/lilly/base.ogg,16635,dc812876728682e25ea85154775da6ef924e23fe94554dc7950540ff87d09e41,3893113,False,Infinity,Infinity
lilly,Lilly,1,PRS,8,Infinity songlist,assets/songs/lilly/1.aff,assets/songs/lilly/base.ogg,29080,6d98d717ff3f7cd0c16405800fb046b32015fbde127452fc8e0b94ccb5cc478f,3893113,False,Infinity,Infinity
lilly,Lilly,2,FTR,9,Infinity songlist,assets/songs/lilly/2.aff,assets/songs/lilly/base.ogg,53087,35d1e966e34057183c4b22bbb87fe501d382651288db4a4210c91a9226508a3d,3893113,False,Infinity,Infinity
lilly,Lilly,4,ETR,10,Infinity songlist,assets/songs/lilly/4.aff,assets/songs/lilly/base.ogg,63504,592279bf604e4ff5825fa5c45c309f310a9bb4ff15f86ac4ce399a53d32e4177,3893113,False,Infinity,Infinity
extradimensional,Extradimensional Cosmic Phenomenon,0,PST,6,Infinity songlist,assets/songs/extradimensional/0.aff,assets/songs/extradimensional/base.ogg,20607,9d7a98697a9b7af3b0b940adb0cf4bdf88086dadba0d1998bf888ff44ce21e1d,3870871,False,Infinity,Infinity
extradimensional,Extradimensional Cosmic Phenomenon,1,PRS,8,Infinity songlist,assets/songs/extradimensional/1.aff,assets/songs/extradimensional/base.ogg,34081,278cd47237540bf34075fbe1b53afb3906301d9d1ed2315e93a87adf816a6e47,3870871,False,Infinity,Infinity
extradimensional,Extradimensional Cosmic Phenomenon,2,FTR,10,Infinity songlist,assets/songs/extradimensional/2.aff,assets/songs/extradimensional/base.ogg,65235,305ab1bd0794f256f60929a2d9af6ee777e7a7c1a10b6e43969d7ff1fb03a7ba,3870871,False,Infinity,Infinity
extradimensional,Extradimensional Cosmic Phenomenon,4,ETR,11,Infinity songlist,assets/songs/extradimensional/4.aff,assets/songs/extradimensional/base.ogg,82910,b05ad152ce376425be5f116c85a79bf7647865f71a497d3ee71d0b820eb193e1,3870871,False,Infinity,Infinity
disintegration,disintegration,0,PST,4,Infinity songlist,assets/songs/disintegration/0.aff,assets/songs/disintegration/base.ogg,9284,e85810126ceaa51d704c5ef155518143615bb3ec22dbf2beecb1308a7e8531a1,3236367,False,Infinity,Infinity
disintegration,disintegration,1,PRS,6,Infinity songlist,assets/songs/disintegration/1.aff,assets/songs/disintegration/base.ogg,12421,d0ea453e30bf4059eb32731dbfce56cce775085b4e3ea772483c111ac8b6a443,3236367,False,Infinity,Infinity
disintegration,disintegration,2,FTR,8,Infinity songlist,assets/songs/disintegration/2.aff,assets/songs/disintegration/base.ogg,19967,7b6a08852e3066706f6a0cc9f97c91a2c0a3a506f2bb2b7f1469f9a91b44406d,3236367,False,Infinity,Infinity
disintegration,disintegration,4,ETR,9,Infinity songlist,assets/songs/disintegration/4.aff,assets/songs/disintegration/base.ogg,36395,9750531d2cfc4c85b980438baa0a648090725b629866e28a328042902e1f6c73,3236367,False,Infinity,Infinity
factorder,Factorder,0,PST,2,Infinity songlist,assets/songs/factorder/0.aff,assets/songs/factorder/base.ogg,8220,7be82cf352a119d5256ea970e90e0ca5d002e0a47533021263e1d13cd5c84c6e,3534484,False,Infinity,Infinity
factorder,Factorder,1,PRS,6,Infinity songlist,assets/songs/factorder/1.aff,assets/songs/factorder/base.ogg,15558,3a159c2174ba4f65f421c727914080d7cb6e41f3b11111a9372c966fd59dc63e,3534484,False,Infinity,Infinity
factorder,Factorder,2,FTR,8,Infinity songlist,assets/songs/factorder/2.aff,assets/songs/factorder/base.ogg,27727,74c3c82a18087d89f30fba27f4c3581a317a536193268efc423b0787de34aabf,3534484,False,Infinity,Infinity
factorder,Factorder,4,ETR,9,Infinity songlist,assets/songs/factorder/4.aff,assets/songs/factorder/base.ogg,38818,ba5bc09c25bf114e744fd5789bcdaa98a6df913d3cafe8b5b62af83931754b90,3534484,False,Infinity,Infinity
incompleteone,incomplete the one,0,PST,3,Infinity songlist,assets/songs/incompleteone/0.aff,assets/songs/incompleteone/base.ogg,10180,aa40c5695a264f007d6228675f9bedf60e5806adfb450f66ef5d045e0444acb1,3495545,False,Infinity,Infinity
incompleteone,incomplete the one,1,PRS,7,Infinity songlist,assets/songs/incompleteone/1.aff,assets/songs/incompleteone/base.ogg,17098,cf1a66aec826203e4c2cee9669b5096f4b16db80ea1b1d90e5587dadae0b945a,3495545,False,Infinity,Infinity
incompleteone,incomplete the one,2,FTR,8,Infinity songlist,assets/songs/incompleteone/2.aff,assets/songs/incompleteone/base.ogg,26489,453a1a2bbcf94655d81afc1ca628ae7169e95d029707babf244e458218a26e80,3495545,False,Infinity,Infinity
incompleteone,incomplete the one,4,ETR,9,Infinity songlist,assets/songs/incompleteone/4.aff,assets/songs/incompleteone/base.ogg,45229,df28ac1bc81f8f67e06e48084f5ecb144580037e7bc08af6b48464a84f603cee,3495545,False,Infinity,Infinity
chaosblast,CHAOSBLAST,0,PST,4,Infinity songlist,assets/songs/chaosblast/0.aff,assets/songs/chaosblast/base.ogg,6149,0ec1ad5b4ce541445527db1b73ef9e21f06a46313a23081ee9fb1b3b9ebba706,3471694,False,Infinity,Infinity
chaosblast,CHAOSBLAST,1,PRS,7,Infinity songlist,assets/songs/chaosblast/1.aff,assets/songs/chaosblast/base.ogg,13466,51f74e518d5ab424d01a7d66cc0fde00edbc9e7434994b83cc5a97a9de86cc4d,3471694,False,Infinity,Infinity
chaosblast,CHAOSBLAST,2,FTR,9,Infinity songlist,assets/songs/chaosblast/2.aff,assets/songs/chaosblast/base.ogg,20396,8172ed778f7c061890a9c016e9060a0ced91708a28e154a1c8dfaaf4d8987d8a,3471694,False,Infinity,Infinity
chaosblast,CHAOSBLAST,4,ETR,10,Infinity songlist,assets/songs/chaosblast/4.aff,assets/songs/chaosblast/base.ogg,40460,4a290c2b7aff7c2b29dc17285cee73fcba44cc776eb546886a438ffdfcee9b65,3471694,False,Infinity,Infinity
welcomequeen,"Welcome, Queen of Fiction.",0,PST,5,Infinity songlist,assets/songs/welcomequeen/0.aff,assets/songs/welcomequeen/base.ogg,11372,46249e1184a04b72ebb8bdc7351f9185145d79cfc98d1455df3af32f3c9e9b2c,3800714,False,Infinity,Infinity
welcomequeen,"Welcome, Queen of Fiction.",1,PRS,8,Infinity songlist,assets/songs/welcomequeen/1.aff,assets/songs/welcomequeen/base.ogg,18833,5f8961060ca5dd19e77ffa7f8dec296acd08e143cdc3ec22aff9e25b186baa33,3800714,False,Infinity,Infinity
welcomequeen,"Welcome, Queen of Fiction.",2,FTR,10,Infinity songlist,assets/songs/welcomequeen/2.aff,assets/songs/welcomequeen/base.ogg,50640,9c4ce219cfb967e5e5394fef760c144a21bd7aaac5f5ece9cd6f564b0c94d2f4,3800714,False,Infinity,Infinity
welcomequeen,"Welcome, Queen of Fiction.",4,ETR,10,Infinity songlist,assets/songs/welcomequeen/4.aff,assets/songs/welcomequeen/base.ogg,61907,361c33808d7d30dcecb9c432d265496382a787edd3bb7081484fa927b96ed439,3800714,False,Infinity,Infinity
altergate,AlterGate,0,PST,5,Infinity songlist,assets/songs/altergate/0.aff,assets/songs/altergate/base.ogg,17404,7ff5bd92610ddbea4f7cb6144705517ad0487abeac0db7f817ae7baef7496eef,3479693,False,Infinity,Infinity
altergate,AlterGate,1,PRS,8,Infinity songlist,assets/songs/altergate/1.aff,assets/songs/altergate/base.ogg,30443,4dba1670f72b2b2ec17f89d12db9bee0a0c1ad749b704284446dd9436d6caa4c,3479693,False,Infinity,Infinity
altergate,AlterGate,2,FTR,10,Infinity songlist,assets/songs/altergate/2.aff,assets/songs/altergate/base.ogg,62218,4568fa084d06713151b412e81f90daa948f929c768861529f3da5479fc89f868,3479693,False,Infinity,Infinity
acheron,Acheron,0,PST,3,Infinity songlist,assets/songs/acheron/0.aff,assets/songs/acheron/base.ogg,9157,17baeb76b2f3f8acd230dd0b9fe83ded36880104538667d234ce462e62604736,3683675,False,Infinity,Infinity
acheron,Acheron,1,PRS,7,Infinity songlist,assets/songs/acheron/1.aff,assets/songs/acheron/base.ogg,19384,061c6acbecbf1cc0e12de9fad11f6401e9de32ac3244da8f92d2720d07b1773b,3683675,False,Infinity,Infinity
acheron,Acheron,2,FTR,9,Infinity songlist,assets/songs/acheron/2.aff,assets/songs/acheron/base.ogg,42094,c1c0dc9a157c0ee5726297b83bead77b0b652a975f6090ef3b818c55052f59ba,3683675,False,Infinity,Infinity
eternitybreak,Eternity Break,0,PST,3,Infinity songlist,assets/songs/eternitybreak/0.aff,assets/songs/eternitybreak/base.ogg,9318,5a8c2b03e6473c24f86282158c42db576944b32472127af9c0450bab0db82a77,3939714,False,Infinity,Infinity
eternitybreak,Eternity Break,1,PRS,7,Infinity songlist,assets/songs/eternitybreak/1.aff,assets/songs/eternitybreak/base.ogg,18768,90a72164c6b8f2a1c7ff0a0fd9a723289c37c9c5084c2257baeab9bf0b6ef3eb,3939714,False,Infinity,Infinity
eternitybreak,Eternity Break,2,FTR,9,Infinity songlist,assets/songs/eternitybreak/2.aff,assets/songs/eternitybreak/base.ogg,39392,25a003b10e0200a7b68ef6712842a7547a8c1cb215a440cb70354cd8ba5857ef,3939714,False,Infinity,Infinity
eternitybreak,Eternity Break,4,ETR,10,Infinity songlist,assets/songs/eternitybreak/4.aff,assets/songs/eternitybreak/base.ogg,53641,6b0e4d24a33ad97aaad9b3e7a711e43a47b3b70ceff8c877499d91763235f276,3939714,False,Infinity,Infinity
rostpagegene,ROST PAGE GENE,0,PST,5,Infinity songlist,assets/songs/rostpagegene/0.aff,assets/songs/rostpagegene/base.ogg,9506,c366b730e83a97d1fe14506b9884838ec2e1b9d943468e022728c42eb3f34e1c,3430673,False,Infinity,Infinity
rostpagegene,ROST PAGE GENE,1,PRS,8,Infinity songlist,assets/songs/rostpagegene/1.aff,assets/songs/rostpagegene/base.ogg,20822,c032e0ddac1d0558d862ad52fb74ae4a79f6f2a116388c824233e65b646f2b46,3430673,False,Infinity,Infinity
rostpagegene,ROST PAGE GENE,2,FTR,10,Infinity songlist,assets/songs/rostpagegene/2.aff,assets/songs/rostpagegene/base.ogg,41442,eab0d318a7cd1d00c4e45f23085628a2455d6f2ca1f2ff4c8ce69b8cbdda2032,3430673,False,Infinity,Infinity
violaillyria,Viola Illyria,0,PST,2,Infinity songlist,assets/songs/violaillyria/0.aff,assets/songs/violaillyria/base.ogg,7290,587cc625cefc634b9ebfab4eec30d4048fd28078138c2b15a092cacb09137840,3816645,False,Infinity,Infinity
violaillyria,Viola Illyria,1,PRS,6,Infinity songlist,assets/songs/violaillyria/1.aff,assets/songs/violaillyria/base.ogg,13300,e1b4c345dc3a57e06d0907f34b3160a4d4d96e1878c13199c1cf54ea679996c4,3816645,False,Infinity,Infinity
violaillyria,Viola Illyria,2,FTR,9,Infinity songlist,assets/songs/violaillyria/2.aff,assets/songs/violaillyria/base.ogg,46980,583aae6cb1d2b87afbb287df03ad31908c1d2154a905b346443770c6fda3b819,3816645,False,Infinity,Infinity
vainspire,Vainspire,0,PST,3,Infinity songlist,assets/songs/vainspire/0.aff,assets/songs/vainspire/base.ogg,14073,5b400b4f6ced36fa90b19aa25fa2a279372e058d8fd0de0b5ec867ce976d9664,3775502,False,Infinity,Infinity
vainspire,Vainspire,1,PRS,7,Infinity songlist,assets/songs/vainspire/1.aff,assets/songs/vainspire/base.ogg,20264,3095beb0a2eae19a8670f235305236eb922269531aee0474121fd2fded035d3b,3775502,False,Infinity,Infinity
vainspire,Vainspire,2,FTR,8,Infinity songlist,assets/songs/vainspire/2.aff,assets/songs/vainspire/base.ogg,49400,34353f7fcc21699ee8163080fa3a4566b2d2f34d4cff4aee78f22f60f989ae58,3775502,False,Infinity,Infinity
vainspire,Vainspire,4,ETR,9,Infinity songlist,assets/songs/vainspire/4.aff,assets/songs/vainspire/base.ogg,52767,b09a7552b3fb6cfbce878f208662e296c5e49aacfa9e382a3fce4c650abe6e41,3775502,False,Infinity,Infinity
nowayback,No Way Back,0,PST,4,Infinity songlist,assets/songs/nowayback/0.aff,assets/songs/nowayback/base.ogg,9280,3b5f6cf8bc978623cb6bf14591151c6d792285e46224ff4c4dd5ba36dc55855e,3236187,False,Infinity,Infinity
nowayback,No Way Back,1,PRS,7,Infinity songlist,assets/songs/nowayback/1.aff,assets/songs/nowayback/base.ogg,14987,9e4869f614436dde1f56320890a2b0566a167dbf6e3a3cb3be04e35a62dd52e4,3236187,False,Infinity,Infinity
nowayback,No Way Back,2,FTR,8,Infinity songlist,assets/songs/nowayback/2.aff,assets/songs/nowayback/base.ogg,39175,fd9c3bc5d2549bf100d958068d79f830b11d857a654702683dc7331e4b7f3cf5,3236187,False,Infinity,Infinity
nowayback,No Way Back,4,ETR,10,Infinity songlist,assets/songs/nowayback/4.aff,assets/songs/nowayback/base.ogg,45694,25f6c506654df0078e2fc48c5c0a5077916f41ede311b162976084cd6e008c4e,3236187,False,Infinity,Infinity
andorxor,ANDORXOR,0,PST,4,Infinity songlist,assets/songs/andorxor/0.aff,assets/songs/andorxor/base.ogg,10402,a3e82b23f60fc5cda166c692ca52ce93093e2be10cb45cdeb0c2591dd7eccc17,3781055,False,Infinity,Infinity
andorxor,ANDORXOR,1,PRS,7,Infinity songlist,assets/songs/andorxor/1.aff,assets/songs/andorxor/base.ogg,20599,e3638aeeaf7a4e2a25e11215ece6c2507d8a01b0fe51a6758136a902abff3f37,3781055,False,Infinity,Infinity
andorxor,ANDORXOR,2,FTR,9,Infinity songlist,assets/songs/andorxor/2.aff,assets/songs/andorxor/base.ogg,39123,95981b98c8a143be7efa51cee544dc87bb0577d41573c1dd11a2b59f0bf9c12c,3781055,False,Infinity,Infinity
andorxor,ANDORXOR,4,ETR,10,Infinity songlist,assets/songs/andorxor/4.aff,assets/songs/andorxor/base.ogg,64737,d0c8b21ab3109a64097005b68c36c649daa437a7a49265b07cd6212912f6f7d6,3781055,False,Infinity,Infinity
undyingmacula,Undying Macula,0,PST,5,Infinity songlist,assets/songs/undyingmacula/0.aff,assets/songs/undyingmacula/base.ogg,17207,db76034ba06554c305ccdceb1794b39af3a93d0434adc93ca8d5c7e048ec5750,3963841,False,Infinity,Infinity
undyingmacula,Undying Macula,1,PRS,8,Infinity songlist,assets/songs/undyingmacula/1.aff,assets/songs/undyingmacula/base.ogg,27443,67d690ba71df57717ae186b851876919acb594d79e1339b2d9eec793de0bad9f,3963841,False,Infinity,Infinity
undyingmacula,Undying Macula,2,FTR,10,Infinity songlist,assets/songs/undyingmacula/2.aff,assets/songs/undyingmacula/base.ogg,60928,f5eb90abfe150a2a06197b1bb7c8ca24cb6dadc9c815e9e86df7458fc9131f82,3963841,False,Infinity,Infinity
undyingmacula,Undying Macula,4,ETR,11,Infinity songlist,assets/songs/undyingmacula/4.aff,assets/songs/undyingmacula/base.ogg,101696,a40f84fa9707c30c69a3b38d937b0b9d98e00f86cfc7496f7478f0b9b29498f7,3963841,False,Infinity,Infinity
awakening,Wake in Hour,0,PST,2,Infinity songlist,assets/songs/awakening/0.aff,assets/songs/awakening/base.ogg,4916,a585b0f9508d0e4001bb0c7bab16d976c8ac3e560de178f857a577683a59d38a,3756304,False,Infinity,Infinity
awakening,Wake in Hour,1,PRS,5,Infinity songlist,assets/songs/awakening/1.aff,assets/songs/awakening/base.ogg,8935,ee552d7fd0b16b9747362a69d2354eb064b00300ecb85d6d103aca6a3c51d00d,3756304,False,Infinity,Infinity
awakening,Wake in Hour,2,FTR,7,Infinity songlist,assets/songs/awakening/2.aff,assets/songs/awakening/base.ogg,15535,8ae73a38ef7fadde8014e5037fb3a4736c81ee243343d94ab087af0ebf6bac80,3756304,False,Infinity,Infinity
awakening,Wake in Hour,4,ETR,8,Infinity songlist,assets/songs/awakening/4.aff,assets/songs/awakening/base.ogg,20796,71127cc25b6e203ee209763f05b31fd798c723e7e2a448fa1489b849e9aa189e,3756304,False,Infinity,Infinity
mod,mod,0,PST,3,Infinity songlist,assets/songs/mod/0.aff,assets/songs/mod/base.ogg,13771,4de133e1165ff3733112840929c91486adf1987a5fd1e86c7b3031b4c8b81bc8,3478917,False,Infinity,Infinity
mod,mod,1,PRS,6,Infinity songlist,assets/songs/mod/1.aff,assets/songs/mod/base.ogg,17922,ec4752793af720625d7866d0b78a7d0d8eaffcb42795c69357b8d80990748add,3478917,False,Infinity,Infinity
mod,mod,2,FTR,9,Infinity songlist,assets/songs/mod/2.aff,assets/songs/mod/base.ogg,44400,37b79a060ea8ffe967e4029caa9490e99e9178b9569d056c25f4f9a9b8ae1b9e,3478917,False,Infinity,Infinity
particle,Particle,0,PST,3,Infinity songlist,assets/songs/particle/0.aff,assets/songs/particle/base.ogg,5461,521edafa2d0bf0c8584b05a337416049a51b7d6bd204ad5a798c0f19994573ad,3322260,False,Infinity,Infinity
particle,Particle,1,PRS,6,Infinity songlist,assets/songs/particle/1.aff,assets/songs/particle/base.ogg,11320,89bf2427786594ff65e3ba77baae80b589f76df312900dc012331c627c57095b,3322260,False,Infinity,Infinity
particle,Particle,2,FTR,9,Infinity songlist,assets/songs/particle/2.aff,assets/songs/particle/base.ogg,36218,66b4d006b06a51d89317b30dfcf6e8fdfaf1c2f47feae9795542e6923a410223,3322260,False,Infinity,Infinity
particle,Particle,4,ETR,9,Infinity songlist,assets/songs/particle/4.aff,assets/songs/particle/base.ogg,43435,2a2f816e16a52431bd275d5bae2933ff54b23f0d31fa437daaa45e155123e033,3322260,False,Infinity,Infinity
paradoxpalette,Paradox Palette,0,PST,4,Infinity songlist,assets/songs/paradoxpalette/0.aff,assets/songs/paradoxpalette/base.ogg,7542,b7d9ffa9982f5e369c366b985a69fab01cf917f4406c58ff6842f2138d134dd9,3520093,False,Infinity,Infinity
paradoxpalette,Paradox Palette,1,PRS,7,Infinity songlist,assets/songs/paradoxpalette/1.aff,assets/songs/paradoxpalette/base.ogg,13975,5beba32c914bf34f64657cdbb927c3b5b84cc852e14d2806a1436355873f4853,3520093,False,Infinity,Infinity
paradoxpalette,Paradox Palette,2,FTR,8,Infinity songlist,assets/songs/paradoxpalette/2.aff,assets/songs/paradoxpalette/base.ogg,27800,de5c9facd4cdaccfef14c2bdcd9122999f775918f7f2c842c4e6c8e5962eb4f1,3520093,False,Infinity,Infinity
paradoxpalette,Paradox Palette,4,ETR,9,Infinity songlist,assets/songs/paradoxpalette/4.aff,assets/songs/paradoxpalette/base.ogg,37711,45ead4f1c94f8c865719b4a3ff369ab949161a1cc83885b1273217ebbf1774d4,3520093,False,Infinity,Infinity
xxium,Xxium and Purple haze,0,PST,2,Infinity songlist,assets/songs/xxium/0.aff,assets/songs/xxium/base.ogg,7576,16678e0a2cd36bc3bc697a034620496bef436e5acd4f5ecf61f682c3c7766799,3538673,False,Infinity,Infinity
xxium,Xxium and Purple haze,1,PRS,7,Infinity songlist,assets/songs/xxium/1.aff,assets/songs/xxium/base.ogg,16471,689b5b544b5eaafa9488504752238a35dcffc1a662db7cdf528b4b90d27dd747,3538673,False,Infinity,Infinity
xxium,Xxium and Purple haze,2,FTR,9,Infinity songlist,assets/songs/xxium/2.aff,assets/songs/xxium/base.ogg,68942,78ab1bd6e90bf429aaafcb9bac1bf6d288a7315ec55d91e9108ff7dd59b93e57,3538673,False,Infinity,Infinity
xxium,Xxium and Purple haze,4,ETR,10,Infinity songlist,assets/songs/xxium/4.aff,assets/songs/xxium/base.ogg,33725,7a4075830fb6370a2008123e84ac716d83f4ff637f37fb71f5fde2d17840f96c,3538673,False,Infinity,Infinity
angelsboundary,Angel's Boundary,0,PST,5,Infinity songlist,assets/songs/angelsboundary/0.aff,assets/songs/angelsboundary/base.ogg,17551,a174ed7e924f373478ab74beed2d5dbf5ffd575e7ef76cef4a965a8c87b5ccb4,3880647,False,Infinity,Infinity
angelsboundary,Angel's Boundary,1,PRS,8,Infinity songlist,assets/songs/angelsboundary/1.aff,assets/songs/angelsboundary/base.ogg,29049,42195b736f931f48a0e01e89c8126183cd1a581695083c4a136405a9c3d32b16,3880647,False,Infinity,Infinity
angelsboundary,Angel's Boundary,2,FTR,10,Infinity songlist,assets/songs/angelsboundary/2.aff,assets/songs/angelsboundary/base.ogg,65064,68314fdd3b8208910f164b54c655763ce3e82e438c2a0eb9a41aae63de16c6d1,3880647,False,Infinity,Infinity
xterfusion,Xterfusion,0,PST,4,Infinity songlist,assets/songs/xterfusion/0.aff,assets/songs/xterfusion/base.ogg,20111,0c336fd7c3cfde7d8c375e0da69c73d6d73163543724e028463fa488c8e79fec,4090311,False,Infinity,Infinity
xterfusion,Xterfusion,1,PRS,8,Infinity songlist,assets/songs/xterfusion/1.aff,assets/songs/xterfusion/base.ogg,25747,7e7ebd2548692b1c1bda8b516f17d42d5f1dcf93b3ad17a2aa224c8b659ad2df,4090311,False,Infinity,Infinity
xterfusion,Xterfusion,2,FTR,9,Infinity songlist,assets/songs/xterfusion/2.aff,assets/songs/xterfusion/base.ogg,43391,f217621a53176d4b157da3d52ffd6a70450afeb6662b3d38ef89d1cd0eb54116,4090311,False,Infinity,Infinity
xterfusion,Xterfusion,4,ETR,10,Infinity songlist,assets/songs/xterfusion/4.aff,assets/songs/xterfusion/base.ogg,80837,b318c1d9d3132d95fc6fbb3b13c7ff0d0ffe7a50f9e74b4f0d6f21a27593ed07,4090311,False,Infinity,Infinity
infinitedim,INFINITE DIMENSION,0,PST,2,Infinity songlist,assets/songs/infinitedim/0.aff,assets/songs/infinitedim/base.ogg,8104,158f52fede9af73d96a0782c64cd6aad8c4e05204bf9afb60c45938012999a32,3469764,False,Infinity,Infinity
infinitedim,INFINITE DIMENSION,1,PRS,6,Infinity songlist,assets/songs/infinitedim/1.aff,assets/songs/infinitedim/base.ogg,14102,0595e6de5b7f193ca7f23719b1b0f7fb3a9868fe070e141434c51b5ee8b42d1a,3469764,False,Infinity,Infinity
infinitedim,INFINITE DIMENSION,2,FTR,8,Infinity songlist,assets/songs/infinitedim/2.aff,assets/songs/infinitedim/base.ogg,30697,e454ff95c166f45b8dbbf4e742bb8db4b881246bff6ad35d40aedd9d991d7908,3469764,False,Infinity,Infinity
infinitedim,INFINITE DIMENSION,4,ETR,10,Infinity songlist,assets/songs/infinitedim/4.aff,assets/songs/infinitedim/base.ogg,57615,3638d2445635735653cfd6761002f73da88487713dfeee7af83e31b39e928aab,3469764,False,Infinity,Infinity
incarnator,INCARNATOR₀₀,0,PST,3,Infinity songlist,assets/songs/incarnator/0.aff,assets/songs/incarnator/base.ogg,10532,f133375715ffe1e8ab6154be90a17a0abc9c8efed03cb2936cd9ff9c0d163f17,4238592,False,Infinity,Infinity
incarnator,INCARNATOR₀₀,1,PRS,6,Infinity songlist,assets/songs/incarnator/1.aff,assets/songs/incarnator/base.ogg,15153,8dfb31f66123829d9273802db894313dddc81a171bb9106ba727212847af6e42,4238592,False,Infinity,Infinity
incarnator,INCARNATOR₀₀,2,FTR,8,Infinity songlist,assets/songs/incarnator/2.aff,assets/songs/incarnator/base.ogg,40815,3aa2b2a473dbc64cab4dc9db412bafdff8f112536b053b24ac7fe66311d12af5,4238592,False,Infinity,Infinity
incarnator,INCARNATOR₀₀,4,ETR,10,Infinity songlist,assets/songs/incarnator/4.aff,assets/songs/incarnator/base.ogg,61882,0ce748d0f46f354ab26bc882d4e58c73c3f33258fcad22b984f0bb09abaa5ed5,4238592,False,Infinity,Infinity
zephyrlast,zephyrlasting,0,PST,3,Infinity songlist,assets/songs/zephyrlast/0.aff,assets/songs/zephyrlast/base.ogg,7802,6750c1807b3656793427ccf2ff511b22d95314fcf831d2a67a95893646f16bce,3813715,False,Infinity,Infinity
zephyrlast,zephyrlasting,1,PRS,7,Infinity songlist,assets/songs/zephyrlast/1.aff,assets/songs/zephyrlast/base.ogg,19592,380841ac43b19745c579fc5e8f8d22de3d19f124c1cb293c2366627d71f48147,3813715,False,Infinity,Infinity
zephyrlast,zephyrlasting,2,FTR,9,Infinity songlist,assets/songs/zephyrlast/2.aff,assets/songs/zephyrlast/base.ogg,43237,4e51ea5080265275b783cf539e7724cd1c08f5c6602e2b57d9686cab3bb750d3,3813715,False,Infinity,Infinity
zephyrlast,zephyrlasting,4,ETR,10,Infinity songlist,assets/songs/zephyrlast/4.aff,assets/songs/zephyrlast/base.ogg,58167,2bb61f287cd45f84a69404fb0240a66969c012358f40233a59c44d0c8377126f,3813715,False,Infinity,Infinity
marenyx,MARENYX,0,PST,4,Infinity songlist,assets/songs/marenyx/0.aff,assets/songs/marenyx/base.ogg,15749,f2c30eff069d2a81207ab7e7ddc9a81dd4686320da735fe099a419cbe5e5da2a,4010874,False,Infinity,Infinity
marenyx,MARENYX,1,PRS,7,Infinity songlist,assets/songs/marenyx/1.aff,assets/songs/marenyx/base.ogg,24683,cef9447ba0219ee17122c3a841a8584a5faecd78b6e216fbb248d011e3e82948,4010874,False,Infinity,Infinity
marenyx,MARENYX,2,FTR,9,Infinity songlist,assets/songs/marenyx/2.aff,assets/songs/marenyx/base.ogg,42479,583ba7441a9b26ca3e238d9a4268be98b3647c3135bc0650f9a4f782bdf9f960,4010874,False,Infinity,Infinity
marenyx,MARENYX,4,ETR,10,Infinity songlist,assets/songs/marenyx/4.aff,assets/songs/marenyx/base.ogg,66520,91f1c399998ea96d36027a2241547cb72b245768a0bc4ab2fd8e47c1a0fa54d8,4010874,False,Infinity,Infinity
codeoblivion,Code: Oblivion,0,PST,5,Infinity songlist,assets/songs/codeoblivion/0.aff,assets/songs/codeoblivion/base.ogg,15201,4ce86e57d16ec53312a3cb24ec73a1968b6731cbe325343a36fe49a0867152af,3787705,False,Infinity,Infinity
codeoblivion,Code: Oblivion,1,PRS,8,Infinity songlist,assets/songs/codeoblivion/1.aff,assets/songs/codeoblivion/base.ogg,22653,01af4b915ba3cd9399934a8f88ef125183939850d2a27c4cf3637b1a3bdeb90c,3787705,False,Infinity,Infinity
codeoblivion,Code: Oblivion,2,FTR,9,Infinity songlist,assets/songs/codeoblivion/2.aff,assets/songs/codeoblivion/base.ogg,50596,d3280a423efa90ac30280c88fb45e44a0a29b90af3f7267f4467fff74ca98cee,3787705,False,Infinity,Infinity
codeoblivion,Code: Oblivion,4,ETR,10,Infinity songlist,assets/songs/codeoblivion/4.aff,assets/songs/codeoblivion/base.ogg,72011,e6e1299e85218b8b1217a800aaa8e391b4cc8c9235d65916764f0b8a0d36cb46,3787705,False,Infinity,Infinity
azalea,ΛZΛLEΛ,0,PST,4,Infinity songlist,assets/songs/azalea/0.aff,assets/songs/azalea/base.ogg,11157,065d47fb5bfaee52b1732756f4103ddd5256a76ab6565714ac9bd4064b944dea,3790148,False,Infinity,Infinity
azalea,ΛZΛLEΛ,1,PRS,7,Infinity songlist,assets/songs/azalea/1.aff,assets/songs/azalea/base.ogg,17222,987982f0b8ceb052bcc141abcb7a4f4e246618883b20476c3cd773f07dce44a2,3790148,False,Infinity,Infinity
azalea,ΛZΛLEΛ,2,FTR,9,Infinity songlist,assets/songs/azalea/2.aff,assets/songs/azalea/base.ogg,37773,21225482c7d02ec2e876f3a50d81ecd6fd64d7b0bd24f9030fa9c772580e3771,3790148,False,Infinity,Infinity
azalea,ΛZΛLEΛ,4,ETR,10,Infinity songlist,assets/songs/azalea/4.aff,assets/songs/azalea/base.ogg,48385,1fcfc7260a9d12f4f391978b1050da6e25af99e13c3767be65ac136f67de8f3d,3790148,False,Infinity,Infinity
tabootears,taboo tears you up 2017,0,PST,3,Infinity songlist,assets/songs/tabootears/0.aff,assets/songs/tabootears/base.ogg,9002,b1043262ece7cc19094a5991d8048409f55cf0973fcdbf637d12f4b67fee0ac8,3401163,False,Infinity,Infinity
tabootears,taboo tears you up 2017,1,PRS,6,Infinity songlist,assets/songs/tabootears/1.aff,assets/songs/tabootears/base.ogg,13593,32db385d1afe607df81a50c2168bbb5ddeefbba2c0794ba5d0f9cf765623ed52,3401163,False,Infinity,Infinity
tabootears,taboo tears you up 2017,2,FTR,8,Infinity songlist,assets/songs/tabootears/2.aff,assets/songs/tabootears/base.ogg,33738,0745deb0f2f8c95781f33b136fe4279083acb6cb71bee7a28005819cb28370e7,3401163,False,Infinity,Infinity
tabootears,taboo tears you up 2017,4,ETR,9,Infinity songlist,assets/songs/tabootears/4.aff,assets/songs/tabootears/base.ogg,40110,762c870e891b6b65575ba35b02c9f6ddcbdc3dc8a207ed73ad71e3ab68f831eb,3401163,False,Infinity,Infinity
grandspell,Grandspell,0,PST,4,Infinity songlist,assets/songs/grandspell/0.aff,assets/songs/grandspell/base.ogg,19812,e9adde736c75dc69f8f2bbdc385f665e4007f322ff72992fbdc26b800e255289,4093013,False,Infinity,Infinity
grandspell,Grandspell,1,PRS,8,Infinity songlist,assets/songs/grandspell/1.aff,assets/songs/grandspell/base.ogg,26835,5c0a8cb3a37085fa890a5073648faf3ab4db3062bd8beb069f5c89c6d7b703e9,4093013,False,Infinity,Infinity
grandspell,Grandspell,2,FTR,10,Infinity songlist,assets/songs/grandspell/2.aff,assets/songs/grandspell/base.ogg,63454,6e7820da4f464ba3a43d1244c9ef7209d92f7211b3b9ead7b3003297ee87124b,4093013,False,Infinity,Infinity
undefined,undefined,0,PST,3,Infinity songlist,assets/songs/undefined/0.aff,assets/songs/undefined/base.ogg,9984,708500439e6e52d21247316f723710793027fea84df486df28822d272ea4bd9c,3538778,False,Infinity,Infinity
undefined,undefined,1,PRS,6,Infinity songlist,assets/songs/undefined/1.aff,assets/songs/undefined/base.ogg,14510,9678cb1ec81a1c001341b2bda7323f25973788fbd3d7cecb5d1d21c9d74507ad,3538778,False,Infinity,Infinity
undefined,undefined,2,FTR,9,Infinity songlist,assets/songs/undefined/2.aff,assets/songs/undefined/base.ogg,39857,510e8f490b6175372d5cbb284e1a95fa935971745b260681184fa7dcdd6bf749,3538778,False,Infinity,Infinity
mask,~_+,0,PST,4,Infinity songlist,assets/songs/mask/0.aff,assets/songs/mask/base.ogg,12670,b77de496dd1cec39d3ded4a224d6fd2e8b6820c4a41143508204884d278ff36d,3842253,False,Infinity,Infinity
mask,~_+,1,PRS,8,Infinity songlist,assets/songs/mask/1.aff,assets/songs/mask/base.ogg,24616,f24d98fab61a25c8a295cdde4437d02e81c69fc7084e9ddb40f8bd3306b0734a,3842253,False,Infinity,Infinity
mask,~_+,2,FTR,9,Infinity songlist,assets/songs/mask/2.aff,assets/songs/mask/base.ogg,69257,6581c0465900080a06b98bdeb41bfb118ffa4bccf06373e69029c0ba7b519aaf,3842253,False,Infinity,Infinity
paranoidarc,Paranoid Arc,0,PST,4,Infinity songlist,assets/songs/paranoidarc/0.aff,assets/songs/paranoidarc/base.ogg,16514,7fc18c14f13c3d2d9383190d8a9c3ac85ba0062714f566d8ca755b99e73dfbae,3852569,False,Infinity,Infinity
paranoidarc,Paranoid Arc,1,PRS,7,Infinity songlist,assets/songs/paranoidarc/1.aff,assets/songs/paranoidarc/base.ogg,24073,125637ffe6d93f7ef49d57ef01f67de29f90dca450f2228225ad0d449dded472,3852569,False,Infinity,Infinity
paranoidarc,Paranoid Arc,2,FTR,9,Infinity songlist,assets/songs/paranoidarc/2.aff,assets/songs/paranoidarc/base.ogg,44318,6198a2a9c7c7c47bfa20d01a3fa55e3e3360dae0cf24734077cbe303ed31b6a4,3852569,False,Infinity,Infinity
paranoidarc,Paranoid Arc,4,ETR,10,Infinity songlist,assets/songs/paranoidarc/4.aff,assets/songs/paranoidarc/base.ogg,68376,b680f1fb3aceb7cba628e9a182eb3b668e92ba6dad85a3e58c9670093b2fae50,3852569,False,Infinity,Infinity
subsphere,Subsphere in Eclosion,0,PST,5,Infinity songlist,assets/songs/subsphere/0.aff,assets/songs/subsphere/base.ogg,13178,8a6371b108a68e6745e2ed17b1ea72a923f52195f6d6c2a202dd1bfeb5e77a6f,3569687,False,Infinity,Infinity
subsphere,Subsphere in Eclosion,1,PRS,8,Infinity songlist,assets/songs/subsphere/1.aff,assets/songs/subsphere/base.ogg,22955,f98168d78f265e2db936e2170ccefae5f698fcaa621e956cb7122304e282ac2b,3569687,False,Infinity,Infinity
subsphere,Subsphere in Eclosion,2,FTR,9,Infinity songlist,assets/songs/subsphere/2.aff,assets/songs/subsphere/base.ogg,45276,373e779f52ba5c3ecb1bf4ac542a365074842d5dff990ff6ae9e691bb4336b06,3569687,False,Infinity,Infinity
subsphere,Subsphere in Eclosion,4,ETR,10,Infinity songlist,assets/songs/subsphere/4.aff,assets/songs/subsphere/base.ogg,64707,41c89ae504f8478e6a43349c4e97df405132e5b3f15c33423ec779d998b68dfb,3569687,False,Infinity,Infinity
theraft,The 'Raft' taught me: your heart will always find a way.,0,PST,4,Infinity songlist,assets/songs/theraft/0.aff,assets/songs/theraft/base.ogg,11547,fe12f9212bdb51fca3f0d9463069fd53a51fc33f7c374e1045a7354abf82ee3b,3872588,False,Infinity,Infinity
theraft,The 'Raft' taught me: your heart will always find a way.,1,PRS,7,Infinity songlist,assets/songs/theraft/1.aff,assets/songs/theraft/base.ogg,17018,8542bb9c9418b4937823a5c7ab82e0960c2cd94487e0ac433fae41283038aabb,3872588,False,Infinity,Infinity
theraft,The 'Raft' taught me: your heart will always find a way.,2,FTR,9,Infinity songlist,assets/songs/theraft/2.aff,assets/songs/theraft/base.ogg,31824,9a06252c29d20fa5445d996dac3681edd0da0087c10acd82a96862c9bd866936,3872588,False,Infinity,Infinity
theraft,The 'Raft' taught me: your heart will always find a way.,4,ETR,10,Infinity songlist,assets/songs/theraft/4.aff,assets/songs/theraft/base.ogg,49184,b1ad5c47d169e4d39e11fe978893cee271f72660be261964aef0f2cc00ff1469,3872588,False,Infinity,Infinity
omajinai,OMAJINAI,0,PST,2,Infinity songlist,assets/songs/omajinai/0.aff,assets/songs/omajinai/base.ogg,4381,fb1cf26af519ff450f27726ea2a3441dc8bd9e60f06ea28b32dda8d2f7904cda,3456292,False,Infinity,Infinity
omajinai,OMAJINAI,1,PRS,7,Infinity songlist,assets/songs/omajinai/1.aff,assets/songs/omajinai/base.ogg,16977,6a19282c6423e25d1b045e54ce68f678066fbf85221f268d306a5829bef75e0c,3456292,False,Infinity,Infinity
omajinai,OMAJINAI,2,FTR,9,Infinity songlist,assets/songs/omajinai/2.aff,assets/songs/omajinai/base.ogg,43464,89b25787d5edb8c83581a2354c819d6a5bfb4e22f5808ecd74843befe6245ce8,3456292,False,Infinity,Infinity
chaintonite,CHAIN2NITE,0,PST,4,Infinity songlist,assets/songs/chaintonite/0.aff,assets/songs/chaintonite/base.ogg,13633,d03ae13bf7954dd4a060ea8b23f62a9b23e5ac099026766d6c0af35868817585,3687202,False,Infinity,Infinity
chaintonite,CHAIN2NITE,1,PRS,6,Infinity songlist,assets/songs/chaintonite/1.aff,assets/songs/chaintonite/base.ogg,20295,2b7ddea99ecaef4804191c7cb499b4a6d3c69aaad11e65585d9b7ecb861c6415,3687202,False,Infinity,Infinity
chaintonite,CHAIN2NITE,2,FTR,8,Infinity songlist,assets/songs/chaintonite/2.aff,assets/songs/chaintonite/base.ogg,35032,c9684e70697b5771c3240c02cc6110662f32d368653614a0bc91c04946f97890,3687202,False,Infinity,Infinity
chaintonite,CHAIN2NITE,4,ETR,9,Infinity songlist,assets/songs/chaintonite/4.aff,assets/songs/chaintonite/base.ogg,47932,e853d2c8d3ad1dff8809b9ba8b812490f10de976fb707be258e78af67290051f,3687202,False,Infinity,Infinity
onestepcloser,One Step Closer,0,PST,3,Infinity songlist,assets/songs/onestepcloser/0.aff,assets/songs/onestepcloser/base.ogg,14509,75daa055a4eca4f92f8b6aa40b7262abd06eec13bafdcef619d0be491fa7fc17,3551848,False,Infinity,Infinity
onestepcloser,One Step Closer,1,PRS,7,Infinity songlist,assets/songs/onestepcloser/1.aff,assets/songs/onestepcloser/base.ogg,22217,e513c605a7546b910a0bbf3a0cc82cc146e3a69da1d4bad9c03892427242b339,3551848,False,Infinity,Infinity
onestepcloser,One Step Closer,2,FTR,9,Infinity songlist,assets/songs/onestepcloser/2.aff,assets/songs/onestepcloser/base.ogg,48687,f21f3ff690f31ce35dee2d5241a46fce5edce486c41594f9197f73aebdab3077,3551848,False,Infinity,Infinity
mylifeismine,My life is mine alone!,0,PST,2,Infinity songlist,assets/songs/mylifeismine/0.aff,assets/songs/mylifeismine/base.ogg,8992,b8532f51e847ea7cda03907e14974b267059412096e3edb1127aa0ee00b4b6f0,4091986,False,Infinity,Infinity
mylifeismine,My life is mine alone!,1,PRS,5,Infinity songlist,assets/songs/mylifeismine/1.aff,assets/songs/mylifeismine/base.ogg,14027,a7ab88407fb9a3e4b5215a2a7ecb2d07acf53d11477ae7dfba27afba376e2a1c,4091986,False,Infinity,Infinity
mylifeismine,My life is mine alone!,2,FTR,8,Infinity songlist,assets/songs/mylifeismine/2.aff,assets/songs/mylifeismine/base.ogg,32607,6290bf8c90f0530f06048f365e6a4ecb852aa96cf94c36adeac0ef8ddf1c38e6,4091986,False,Infinity,Infinity
mylifeismine,My life is mine alone!,4,ETR,10,Infinity songlist,assets/songs/mylifeismine/4.aff,assets/songs/mylifeismine/base.ogg,51311,9d5caca28223a34269bdf5c4b60a7f4fe710f5e49afe6873808d2849475b919e,4091986,False,Infinity,Infinity
meltyrhapsody,Melty Rhapsody,0,PST,3,Infinity songlist,assets/songs/meltyrhapsody/0.aff,assets/songs/meltyrhapsody/base.ogg,13366,f87c67dbf219319fdcbded3d06e81e27fba7c21addd97d76b52bde093b39335d,3813027,False,Infinity,Infinity
meltyrhapsody,Melty Rhapsody,1,PRS,7,Infinity songlist,assets/songs/meltyrhapsody/1.aff,assets/songs/meltyrhapsody/base.ogg,27045,e7e81e1baf0c30e88fb168c8e5ed6ab7938a39ee15032beeb128cb9a396395d3,3813027,False,Infinity,Infinity
meltyrhapsody,Melty Rhapsody,2,FTR,9,Infinity songlist,assets/songs/meltyrhapsody/2.aff,assets/songs/meltyrhapsody/base.ogg,40498,106f9f237ee6b56bb23aeeb2f0b7f706ce5c0c4853478c55804fb3f2cbc5189f,3813027,False,Infinity,Infinity
meltyrhapsody,Melty Rhapsody,4,ETR,10,Infinity songlist,assets/songs/meltyrhapsody/4.aff,assets/songs/meltyrhapsody/base.ogg,64021,463f45b4da0253a49ad6b7b4b53d0f1110797b0a80d8967de96b31ea3ad4ba8d,3813027,False,Infinity,Infinity
signal,Signal,0,PST,4,Infinity songlist,assets/songs/signal/0.aff,assets/songs/signal/base.ogg,12235,3613751491081fdac3f384b7cd4bb84b6a8704fdd126a9a20f35c82449de7cf1,4023410,False,Infinity,Infinity
signal,Signal,1,PRS,7,Infinity songlist,assets/songs/signal/1.aff,assets/songs/signal/base.ogg,23158,74d55516dd6aedaf7637659a93a076ad7ccba7468e12145ecc34d6aea6b4ea77,4023410,False,Infinity,Infinity
signal,Signal,2,FTR,9,Infinity songlist,assets/songs/signal/2.aff,assets/songs/signal/base.ogg,51428,4cec496b9756a65a70a2d5b1a35835764767ce8ae5ea42e98b9cfad1e202d6d9,4023410,False,Infinity,Infinity
signal,Signal,4,ETR,10,Infinity songlist,assets/songs/signal/4.aff,assets/songs/signal/base.ogg,67085,0dd98948a33718c521e22d9d182864c06c4aa3ecdecf3e48accb80014c292e2b,4023410,False,Infinity,Infinity
caramelpop,Gimme Caramel Popcorn!,0,PST,2,Infinity songlist,assets/songs/caramelpop/0.aff,assets/songs/caramelpop/base.ogg,11493,7bac1c6d635f9dd5afe99ae954ca63a9ef7a7ad02eea86dec0bd26f036cf4200,3530308,False,Infinity,Infinity
caramelpop,Gimme Caramel Popcorn!,1,PRS,5,Infinity songlist,assets/songs/caramelpop/1.aff,assets/songs/caramelpop/base.ogg,18662,832c91752b5790412547d72f7f4a38b3f83a0f09a696163aa145771044017fd6,3530308,False,Infinity,Infinity
caramelpop,Gimme Caramel Popcorn!,2,FTR,8,Infinity songlist,assets/songs/caramelpop/2.aff,assets/songs/caramelpop/base.ogg,30084,c9c1a47cad32734ed68156ca11cdb65a646cbf2a32500343713f5c985497ba40,3530308,False,Infinity,Infinity
caramelpop,Gimme Caramel Popcorn!,4,ETR,9,Infinity songlist,assets/songs/caramelpop/4.aff,assets/songs/caramelpop/base.ogg,43352,8b34b207b48fe3b2fb676dde0dcd385b81c522a596d8a41f430175f32c9e200b,3530308,False,Infinity,Infinity
shinoukyoseki,The Forgotten Forest Haven,0,PST,3,Infinity songlist,assets/songs/shinoukyoseki/0.aff,assets/songs/shinoukyoseki/base.ogg,10543,1fb875daab2223166fef06200746d5c8205a94fe043953ee0fbc8b57285cb192,3972860,False,Infinity,Infinity
shinoukyoseki,The Forgotten Forest Haven,1,PRS,6,Infinity songlist,assets/songs/shinoukyoseki/1.aff,assets/songs/shinoukyoseki/base.ogg,16770,8301525af8cf07e23010bb06c136f23705497243c31c27e4a872623ad749a0a6,3972860,False,Infinity,Infinity
shinoukyoseki,The Forgotten Forest Haven,2,FTR,9,Infinity songlist,assets/songs/shinoukyoseki/2.aff,assets/songs/shinoukyoseki/base.ogg,54931,e524567f48cecf7af6dffe6e27bc8dde182fb4c35a61a19f801b05c618ebadc8,3972860,False,Infinity,Infinity
unknownnum,+1(UNKNOWN)-NUMBER,0,PST,4,Infinity songlist,assets/songs/unknownnum/0.aff,assets/songs/unknownnum/base.ogg,9556,36a83b1b8a57cbc27d01f6f3a9ff49f10bde0f3b8585f64280c389c9a05279dd,3530808,False,Infinity,Infinity
unknownnum,+1(UNKNOWN)-NUMBER,1,PRS,7,Infinity songlist,assets/songs/unknownnum/1.aff,assets/songs/unknownnum/base.ogg,17370,6a2623b2f1d1b1bc556f756c644c7cff84d75a089b2e2e4367b9f03ade0b0b64,3530808,False,Infinity,Infinity
unknownnum,+1(UNKNOWN)-NUMBER,2,FTR,9,Infinity songlist,assets/songs/unknownnum/2.aff,assets/songs/unknownnum/base.ogg,98948,251acfd5d92d56a55e8ce78d1c4c723e8a614f2b1c0b25a8b0f5299c6ff17c22,3530808,False,Infinity,Infinity
thirdavenue,3rd Avenue,0,PST,3,Infinity songlist,assets/songs/thirdavenue/0.aff,assets/songs/thirdavenue/base.ogg,11374,169e1d9a8f461cda2d9a3001d2b9da36bc58c51120c2dfb21e5d44b369b6ac7f,3852710,False,Infinity,Infinity
thirdavenue,3rd Avenue,1,PRS,8,Infinity songlist,assets/songs/thirdavenue/1.aff,assets/songs/thirdavenue/base.ogg,26349,22dc26a93f8083deb4227ef0d539f4b9c609bdeb7c16172758d171b2c21d20e2,3852710,False,Infinity,Infinity
thirdavenue,3rd Avenue,2,FTR,9,Infinity songlist,assets/songs/thirdavenue/2.aff,assets/songs/thirdavenue/base.ogg,45246,751276ea1f65c2a8b0486c63d7e39faf89518908523e273d5d9ed1a9cfb00738,3852710,False,Infinity,Infinity
vallista,Vallista,0,PST,4,Infinity songlist,assets/songs/vallista/0.aff,assets/songs/vallista/base.ogg,7607,7c498ef3a037e7fa70d9a99afda1a12873f4cd1565921d40a68038d4196e063f,3093400,False,Infinity,Infinity
vallista,Vallista,1,PRS,7,Infinity songlist,assets/songs/vallista/1.aff,assets/songs/vallista/base.ogg,12003,684d42fc30c5522e49cc76d8a06f60fd299d9f1bc246dd4084984fee6f54ef7c,3093400,False,Infinity,Infinity
vallista,Vallista,2,FTR,9,Infinity songlist,assets/songs/vallista/2.aff,assets/songs/vallista/base.ogg,34060,a40cfd689d6a5e116db3ba95199b0c9e1e13238306b0f015fab1de8b563ddcc4,3093400,False,Infinity,Infinity
goodrage,GOODRAGE,0,PST,4,Infinity songlist,assets/songs/goodrage/0.aff,assets/songs/goodrage/base.ogg,10564,3860233bd587ba91d493dffabd36c793e7b1faf047bb219a099f59ca0186665b,2914583,False,Infinity,Infinity
goodrage,GOODRAGE,1,PRS,7,Infinity songlist,assets/songs/goodrage/1.aff,assets/songs/goodrage/base.ogg,17750,17f7e55090399be847062f0e7046ec8dbbea4819757263264aa943d8634ff248,2914583,False,Infinity,Infinity
goodrage,GOODRAGE,2,FTR,9,Infinity songlist,assets/songs/goodrage/2.aff,assets/songs/goodrage/base.ogg,31252,5155739e55ab70735acfd6a308dc08a72c15e5c57c8db7b51c0ac5d8cd6f399b,2914583,False,Infinity,Infinity
goodrage,GOODRAGE,4,ETR,10,Infinity songlist,assets/songs/goodrage/4.aff,assets/songs/goodrage/base.ogg,36145,27514330bf7df0567f0834d4fc4a0114f38b3ae0c2e306b94e03f5c9810e86e0,2914583,False,Infinity,Infinity
cryogenic,Cryogenic,0,PST,5,Infinity songlist,assets/songs/cryogenic/0.aff,assets/songs/cryogenic/base.ogg,10887,8cf0b8ecdb01860b66066c93beefdebb3a714eafb5c52d36286c610999298712,3423557,False,Infinity,Infinity
cryogenic,Cryogenic,1,PRS,7,Infinity songlist,assets/songs/cryogenic/1.aff,assets/songs/cryogenic/base.ogg,25407,16227a5e515a55af622daff5c8b6fe1395820495237267b6a35592d20cdb74fc,3423557,False,Infinity,Infinity
cryogenic,Cryogenic,2,FTR,9,Infinity songlist,assets/songs/cryogenic/2.aff,assets/songs/cryogenic/base.ogg,38919,ac1016f5a4e3b193a96960022eac0a62df2bad3925f4ab5310a1807857cf0f42,3423557,False,Infinity,Infinity
cryogenic,Cryogenic,4,ETR,10,Infinity songlist,assets/songs/cryogenic/4.aff,assets/songs/cryogenic/base.ogg,59289,c8d4e2d609b75261b9f46456c720b618b859160562fbdcdd8ffd0885e803f97b,3423557,False,Infinity,Infinity
desertrealm,Desertrealm,0,PST,4,Infinity songlist,assets/songs/desertrealm/0.aff,assets/songs/desertrealm/base.ogg,14960,ea1ab40cefd460da5f3f57f3838f07e93fcce008e3048e609911e9b2a7b89886,3751723,False,Infinity,Infinity
desertrealm,Desertrealm,1,PRS,8,Infinity songlist,assets/songs/desertrealm/1.aff,assets/songs/desertrealm/base.ogg,24803,903bdd7a4169ec2d851baca07480b85bb5d463662b632f0a87ac4cbe039445a5,3751723,False,Infinity,Infinity
desertrealm,Desertrealm,2,FTR,10,Infinity songlist,assets/songs/desertrealm/2.aff,assets/songs/desertrealm/base.ogg,55419,33767d8c83f6838881f781184c83b34e160fa37c1d9c9da445bdd1efb1c17c63,3751723,False,Infinity,Infinity
spiderdance,Spider Dance,0,PST,2,Infinity songlist,assets/songs/spiderdance/0.aff,assets/songs/spiderdance/base.ogg,5830,61b31c7a6f8f1c3c266196d3cb2697071f9ddaf17fdebe3d87762082efcd6760,2614256,False,Infinity,Infinity
spiderdance,Spider Dance,1,PRS,5,Infinity songlist,assets/songs/spiderdance/1.aff,assets/songs/spiderdance/base.ogg,10475,f7a4a0b3ee49cf344267f55f35e0549c7ecf84eb6455eaa26e51a2901dd58386,2614256,False,Infinity,Infinity
spiderdance,Spider Dance,2,FTR,7,Infinity songlist,assets/songs/spiderdance/2.aff,assets/songs/spiderdance/base.ogg,34586,fb02eaf151da1394af032b7dc635afb735b7701fac9beb73e4c6c2943730f8ae,2614256,False,Infinity,Infinity
spiderdance,Spider Dance,4,ETR,9,Infinity songlist,assets/songs/spiderdance/4.aff,assets/songs/spiderdance/base.ogg,81352,0b0dae7b7e86523cf7284b4b9caa3abe9d36ca0a9426bebf3799fca2ff111fa4,2614256,False,Infinity,Infinity
spearofjustice,Spear of Justice,0,PST,3,Infinity songlist,assets/songs/spearofjustice/0.aff,assets/songs/spearofjustice/base.ogg,10457,7ed492f35948d0de0f583cbafc0eb47e12bcc218d52497d0a7d829af05202161,2839006,False,Infinity,Infinity
spearofjustice,Spear of Justice,1,PRS,6,Infinity songlist,assets/songs/spearofjustice/1.aff,assets/songs/spearofjustice/base.ogg,12809,d40594278aced6c1855f25440067a8dd906a271a3aeddac9672ae604c3c1d111,2839006,False,Infinity,Infinity
spearofjustice,Spear of Justice,2,FTR,8,Infinity songlist,assets/songs/spearofjustice/2.aff,assets/songs/spearofjustice/base.ogg,23334,bd985e35110d0bf5e737c9e7e39a1bbcd45e71aabab886b885338af1646f71d3,2839006,False,Infinity,Infinity
spearofjustice,Spear of Justice,4,ETR,9,Infinity songlist,assets/songs/spearofjustice/4.aff,assets/songs/spearofjustice/base.ogg,36717,7314396f0330c33cd83c412f0e1c3034922fb72306f264466b05ef6248544df2,2839006,False,Infinity,Infinity
asgore,ASGORE,0,PST,4,Infinity songlist,assets/songs/asgore/0.aff,assets/songs/asgore/base.ogg,12055,a05beee647b2b5ee50c84c9255c5915dd113b98858fdb1f1b0ae3cab9753b3ee,3813103,False,Infinity,Infinity
asgore,ASGORE,1,PRS,7,Infinity songlist,assets/songs/asgore/1.aff,assets/songs/asgore/base.ogg,17846,bd8898f256cca49239e7c0340356966b90fc736ba1b435622773dcc856dfef84,3813103,False,Infinity,Infinity
asgore,ASGORE,2,FTR,8,Infinity songlist,assets/songs/asgore/2.aff,assets/songs/asgore/base.ogg,37749,f322da0ac67d0a3efc6060ec30e44dcea4a952a51c854d31ae9b0abf4bef752b,3813103,False,Infinity,Infinity
asgore,ASGORE,4,ETR,10,Infinity songlist,assets/songs/asgore/4.aff,assets/songs/asgore/base.ogg,54760,e83be909d92f64a64688c582ca7753f9bb96b7f1e2813fa71329f8404be817f8,3813103,False,Infinity,Infinity
mirrorrmx,MIRROR - kamome sano remix,0,PST,4,Infinity songlist,assets/songs/mirrorrmx/0.aff,assets/songs/mirrorrmx/base.ogg,7114,fafdd0ffbb21fa41add10f664b811943a4b21d4fe599079392d5c60561f6d38a,3459859,False,Infinity,Infinity
mirrorrmx,MIRROR - kamome sano remix,1,PRS,7,Infinity songlist,assets/songs/mirrorrmx/1.aff,assets/songs/mirrorrmx/base.ogg,10671,8e9eb3fae608c9d593a422894d5c12cc9edb8580e1fd74a3ab4c23e3571148d9,3459859,False,Infinity,Infinity
mirrorrmx,MIRROR - kamome sano remix,2,FTR,9,Infinity songlist,assets/songs/mirrorrmx/2.aff,assets/songs/mirrorrmx/base.ogg,52117,87665b61f39828aa4f6dbc23137acc602bf4841eaf298900332e721c306d3a5c,3459859,False,Infinity,Infinity
riotsystem,Riot in the System,0,PST,4,Infinity songlist,assets/songs/riotsystem/0.aff,assets/songs/riotsystem/base.ogg,13566,22ccc2432304eb3c7e2564980ed5b7e84087e281e063ab774f6539d62ef33266,3673651,False,Infinity,Infinity
riotsystem,Riot in the System,1,PRS,7,Infinity songlist,assets/songs/riotsystem/1.aff,assets/songs/riotsystem/base.ogg,22073,2510837d96290d9d9208e7805d500e6450abd4e4d523e45bba646818a401fd9e,3673651,False,Infinity,Infinity
riotsystem,Riot in the System,2,FTR,9,Infinity songlist,assets/songs/riotsystem/2.aff,assets/songs/riotsystem/base.ogg,42833,6adecdffbf03b5814d8b25cc5f52733e96eb83a8167db558f883cd7fe7681cb3,3673651,False,Infinity,Infinity
riotsystem,Riot in the System,4,ETR,10,Infinity songlist,assets/songs/riotsystem/4.aff,assets/songs/riotsystem/base.ogg,57726,dcc166f8e674f5a5ba4eae36e422f813cc71bafec73c1d27d331ec62b61503e5,3673651,False,Infinity,Infinity
cosmogyral,Cosmogyral,0,PST,2,Infinity songlist,assets/songs/cosmogyral/0.aff,assets/songs/cosmogyral/base.ogg,6179,e8c3686f502faeeb1adc96dd160a827c7e4d4a7d6aa70e60a1892732d9482741,3529758,False,Infinity,Infinity
cosmogyral,Cosmogyral,1,PRS,5,Infinity songlist,assets/songs/cosmogyral/1.aff,assets/songs/cosmogyral/base.ogg,15497,19debdfb34464e56e6b4ed8fb8443f746b6d34dd02600b778e8df9ebfea45a4f,3529758,False,Infinity,Infinity
cosmogyral,Cosmogyral,2,FTR,8,Infinity songlist,assets/songs/cosmogyral/2.aff,assets/songs/cosmogyral/base.ogg,30778,a86c5431b63c41a529677b77f9d5ebb8d2ca16e14b501559379a1d3206ea848c,3529758,False,Infinity,Infinity
cosmogyral,Cosmogyral,4,ETR,9,Infinity songlist,assets/songs/cosmogyral/4.aff,assets/songs/cosmogyral/base.ogg,40149,59b6493f37c002d76150612cf5b27dba631dbf073ff684fb9377e62e2cec23ca,3529758,False,Infinity,Infinity
flexidefine,flexidefine,0,PST,2,Infinity songlist,assets/songs/flexidefine/0.aff,assets/songs/flexidefine/base.ogg,4875,864f31e87c19e64eb485462d959daa2129235fbc677c4e336321355c23f9e133,3526868,False,Infinity,Infinity
flexidefine,flexidefine,1,PRS,6,Infinity songlist,assets/songs/flexidefine/1.aff,assets/songs/flexidefine/base.ogg,13752,ffc26d37db8030ff420a30912b79a0702f7a353ca9b4d0cf7641ce83e9a439a4,3526868,False,Infinity,Infinity
flexidefine,flexidefine,2,FTR,9,Infinity songlist,assets/songs/flexidefine/2.aff,assets/songs/flexidefine/base.ogg,63498,2103e018cac1f16700d0557faefa84144ecfa277e6ba2468f536454cec652fc7,3526868,False,Infinity,Infinity
altersist,Altersist,0,PST,2,Infinity songlist,assets/songs/altersist/0.aff,assets/songs/altersist/base.ogg,6352,7c1e88213b630a54116d39edb9d349ad15479e69a20267c09389e8c585fe0bc2,4263267,False,Infinity,Infinity
altersist,Altersist,1,PRS,6,Infinity songlist,assets/songs/altersist/1.aff,assets/songs/altersist/base.ogg,13384,c2562cf8e60028bb89667d945c79e59ebe4fc05839a089b1a39c1181a5b39ea2,4263267,False,Infinity,Infinity
altersist,Altersist,2,FTR,8,Infinity songlist,assets/songs/altersist/2.aff,assets/songs/altersist/base.ogg,25954,725f87e6518d0dd86d7aeadd2aca32207f9e27e683df5e35cd21645140e181c0,4263267,False,Infinity,Infinity
altersist,Altersist,4,ETR,9,Infinity songlist,assets/songs/altersist/4.aff,assets/songs/altersist/base.ogg,40185,19d60e6f6c83d83755ee0f57f6af1b1dcc83c5e37ac95ad44561a43e1869a0ff,4263267,False,Infinity,Infinity
csqn,c.s.q.n.,0,PST,4,Infinity songlist,assets/songs/csqn/0.aff,assets/songs/csqn/base.ogg,9462,cc5a20202c0a8d1c91311e534ea3e134ed3c86f41623a42993132044335f8241,3017171,False,Infinity,Infinity
csqn,c.s.q.n.,1,PRS,7,Infinity songlist,assets/songs/csqn/1.aff,assets/songs/csqn/base.ogg,15745,9e30b0b8b490bd01207e27821ad6c4ff773ab2b285fcad03c1fdb3fc598723d6,3017171,False,Infinity,Infinity
csqn,c.s.q.n.,2,FTR,9,Infinity songlist,assets/songs/csqn/2.aff,assets/songs/csqn/base.ogg,28171,3ea08bbf5a2e43f0eb9fb43f378dd2c8253d7c3acf99171a9c3de17282a43724,3017171,False,Infinity,Infinity
csqn,c.s.q.n.,4,ETR,10,Infinity songlist,assets/songs/csqn/4.aff,assets/songs/csqn/base.ogg,47508,9a598039e9a42aa9bedbd1c26e34d9e84c984f5585e320e8aaa7d999e28527e0,3017171,False,Infinity,Infinity
sucromania,Sucromania,0,PST,3,Infinity songlist,assets/songs/sucromania/0.aff,assets/songs/sucromania/base.ogg,6038,caed922304fbc70e6e1c1f74f7307bd94f0a2711df35f4bc4f9e7842b93b01aa,3585050,False,Infinity,Infinity
sucromania,Sucromania,1,PRS,6,Infinity songlist,assets/songs/sucromania/1.aff,assets/songs/sucromania/base.ogg,16733,3c5f1c0a64c7c7c3b644ac3e99c4f889db757073187c9812967f7e062c0da7e1,3585050,False,Infinity,Infinity
sucromania,Sucromania,2,FTR,9,Infinity songlist,assets/songs/sucromania/2.aff,assets/songs/sucromania/base.ogg,44322,a0118046165381ac621c03e2862c0c6f2a37083bd64e239e28d6da0c80dc2e15,3585050,False,Infinity,Infinity
sucromania,Sucromania,4,ETR,10,Infinity songlist,assets/songs/sucromania/4.aff,assets/songs/sucromania/base.ogg,65958,76afa3aa42110eb45be8deae5f9e94630aed198c1ad8986accf58aed96149436,3585050,False,Infinity,Infinity
lavie,Lavie,0,PST,3,Infinity songlist,assets/songs/lavie/0.aff,assets/songs/lavie/base.ogg,10788,4baa400fc0ecaede81cae6914706863f0185e2d9cf6354e3e588967c94024be9,3629407,False,Infinity,Infinity
lavie,Lavie,1,PRS,6,Infinity songlist,assets/songs/lavie/1.aff,assets/songs/lavie/base.ogg,17556,469363d20dc3ff0357b5f3e12e742d081e4253622dbe416eafcb6b2d614c20ba,3629407,False,Infinity,Infinity
lavie,Lavie,2,FTR,8,Infinity songlist,assets/songs/lavie/2.aff,assets/songs/lavie/base.ogg,35049,5a8f0d1a1879ec90db1da4f0fc7f1bbb2dbefcb9609ffa146fc0cc76a3753a14,3629407,False,Infinity,Infinity
lavie,Lavie,4,ETR,9,Infinity songlist,assets/songs/lavie/4.aff,assets/songs/lavie/base.ogg,50605,ed9113acfa71ad7a6d3ae32b1f4a93c682dd185d43134b0d53eac1acadeea6be,3629407,False,Infinity,Infinity
kamippoi,God-ish,0,PST,3,Infinity songlist,assets/songs/kamippoi/0.aff,assets/songs/kamippoi/base.ogg,12216,9753c995ca8de54dd86b2f91c90d6302d81d322ef2f08d90a3660bdd504cae7f,3714124,False,Infinity,Infinity
kamippoi,God-ish,1,PRS,7,Infinity songlist,assets/songs/kamippoi/1.aff,assets/songs/kamippoi/base.ogg,17034,1695fd37f0ec9469f3ad5b407b5ce4a548f34f0ba44e651d2e6df1a6626f70c0,3714124,False,Infinity,Infinity
kamippoi,God-ish,2,FTR,9,Infinity songlist,assets/songs/kamippoi/2.aff,assets/songs/kamippoi/base.ogg,34315,90b055d58c313668223bbe3f681054b20bb243ec62ec26d0ffd3c42d59ec7ff9,3714124,False,Infinity,Infinity
kamippoi,God-ish,4,ETR,10,Infinity songlist,assets/songs/kamippoi/4.aff,assets/songs/kamippoi/base.ogg,48836,22fcf75fd9333e2694684c7c9efbbd74ae15e800d3dd543afb845bac00dbd11d,3714124,False,Infinity,Infinity
override,Override,0,PST,4,Infinity songlist,assets/songs/override/0.aff,assets/songs/override/base.ogg,15473,d10addc8d7169881dee26d7f25d8d267952c7668950ec962d25cf77ca432b6dc,3386995,False,Infinity,Infinity
override,Override,1,PRS,7,Infinity songlist,assets/songs/override/1.aff,assets/songs/override/base.ogg,22057,25fedd5fa9844381fcc488fae4db02aed60c3c1cad67a9a7523ccfeac8557711,3386995,False,Infinity,Infinity
override,Override,2,FTR,9,Infinity songlist,assets/songs/override/2.aff,assets/songs/override/base.ogg,45487,89839823d8b8518327f24145c0cad619bb465340618c29544c1023a904c1d4ed,3386995,False,Infinity,Infinity
override,Override,4,ETR,10,Infinity songlist,assets/songs/override/4.aff,assets/songs/override/base.ogg,45640,6e986357a2dc3b5841e9b28f14c104d129df7b80304a8757691dcddfd664d42d,3386995,False,Infinity,Infinity
telepathy,Telepathy,0,PST,4,Infinity songlist,assets/songs/telepathy/0.aff,assets/songs/telepathy/base.ogg,13782,3d25da9b211bf8b94c0ad408800b11ba5cd7e58128408365f387f84cc98ef630,3353208,False,Infinity,Infinity
telepathy,Telepathy,1,PRS,7,Infinity songlist,assets/songs/telepathy/1.aff,assets/songs/telepathy/base.ogg,20711,ffbc37a421d29b3f6cd65581d1580436fa23d99346be84f3d9869f64e4eae439,3353208,False,Infinity,Infinity
telepathy,Telepathy,2,FTR,9,Infinity songlist,assets/songs/telepathy/2.aff,assets/songs/telepathy/base.ogg,36390,ac0682d7351d0743cddecd4a85964c313a254bcfce7609e91ef712e6e292cc67,3353208,False,Infinity,Infinity
telepathy,Telepathy,4,ETR,10,Infinity songlist,assets/songs/telepathy/4.aff,assets/songs/telepathy/base.ogg,55474,cddd7fe3f40e6f4bb4c2f73d04af15928587ab2aefd2e95629d1e7198227ce46,3353208,False,Infinity,Infinity
aishite,"Love me, Love me, Love me",0,PST,3,Infinity songlist,assets/songs/aishite/0.aff,assets/songs/aishite/base.ogg,11872,e6a066cbf1ae7a1477a1d705ede79da300bc7c4c4a825a2f4578933481afcbcb,3132179,False,Infinity,Infinity
aishite,"Love me, Love me, Love me",1,PRS,6,Infinity songlist,assets/songs/aishite/1.aff,assets/songs/aishite/base.ogg,14880,ebe71d4d718756d19cd5a3359a1e71dc64962f4848383b88cbcb5f7121d75d1e,3132179,False,Infinity,Infinity
aishite,"Love me, Love me, Love me",2,FTR,8,Infinity songlist,assets/songs/aishite/2.aff,assets/songs/aishite/base.ogg,25699,ffa4c506253a3af003c3806d3911b95bd75d6e0c9928850cbb69b52b28d3bc9a,3132179,False,Infinity,Infinity
aishite,"Love me, Love me, Love me",4,ETR,10,Infinity songlist,assets/songs/aishite/4.aff,assets/songs/aishite/base.ogg,43430,75b5e7f9e20509398f985c7932d1b4e7a310eab42a122c5f2e376e31c8a8eec6,3132179,False,Infinity,Infinity
synthesis,Synthesis.,0,PST,4,Infinity songlist,assets/songs/synthesis/0.aff,assets/songs/synthesis/base.ogg,9652,13de7a336e6d36da8d62e801cfb5aaeb7b8358c1ef1b207afb7355702e39ace5,3952083,False,Infinity,Infinity
synthesis,Synthesis.,1,PRS,8,Infinity songlist,assets/songs/synthesis/1.aff,assets/songs/synthesis/base.ogg,28670,32fa737d6e39908bd3b7a4eed27d7373f822fbabed8d7e6fa20826cdba9a2f7e,3952083,False,Infinity,Infinity
synthesis,Synthesis.,2,FTR,9,Infinity songlist,assets/songs/synthesis/2.aff,assets/songs/synthesis/base.ogg,54561,e65fe8b3f81f72087c02606e98a6b00e24105dd8800f4aba20fceb52b51706f5,3952083,False,Infinity,Infinity
synthesis,Synthesis.,4,ETR,10,Infinity songlist,assets/songs/synthesis/4.aff,assets/songs/synthesis/base.ogg,75784,8710d0b9ae161b5b9ec9e0f023cbee0b0ca3079e93994a09e19aa31ee4402712,3952083,False,Infinity,Infinity
acidgod,Acid God,0,PST,4,Infinity songlist,assets/songs/acidgod/0.aff,assets/songs/acidgod/base.ogg,10806,1163ada5bdbe2d96bbc4d6ddb017e91db3ac802170b2447dfea23c709df4b160,3573515,False,Infinity,Infinity
acidgod,Acid God,1,PRS,7,Infinity songlist,assets/songs/acidgod/1.aff,assets/songs/acidgod/base.ogg,16680,6c76113e2ab8ac210dde56d135ba07d922ff8ef4226aab14455062712864c75e,3573515,False,Infinity,Infinity
acidgod,Acid God,2,FTR,9,Infinity songlist,assets/songs/acidgod/2.aff,assets/songs/acidgod/base.ogg,60839,00c4d31fbe50358fea477ffcf05983e7def52123408675df6f8edba4e9854f68,3573515,False,Infinity,Infinity
acidgod,Acid God,4,ETR,10,Infinity songlist,assets/songs/acidgod/4.aff,assets/songs/acidgod/base.ogg,58329,343363985c6fac0e807693c9461dcb2c1c82469a64d0cbd977609e0c27254dba,3573515,False,Infinity,Infinity
diein,DIE IN,0,PST,5,Infinity songlist,assets/songs/diein/0.aff,assets/songs/diein/base.ogg,14436,53877b60a579c6221030c7e568bbfcc5bf5bfd61a31440236934e7b4b8b5ca02,3733697,False,Infinity,Infinity
diein,DIE IN,1,PRS,8,Infinity songlist,assets/songs/diein/1.aff,assets/songs/diein/base.ogg,23554,69b9695bd06fd603357ec222e07e70edc1c8ad70347a463253f5e7c2b60804b2,3733697,False,Infinity,Infinity
diein,DIE IN,2,FTR,10,Infinity songlist,assets/songs/diein/2.aff,assets/songs/diein/base.ogg,52968,c5a561766939357ea5a4e4b2818bbe426274de6b74ead0641f6c17f75346e25b,3733697,False,Infinity,Infinity
diein,DIE IN,4,ETR,11,Infinity songlist,assets/songs/diein/4.aff,assets/songs/diein/base.ogg,68609,76bfeca479bb5d664d17445a7e4ff16bfc40ac1f7c8e11a37afe630f4a845f7c,3733697,False,Infinity,Infinity
chronologia,chronologia,0,PST,4,Infinity songlist,assets/songs/chronologia/0.aff,assets/songs/chronologia/base.ogg,10454,bdb0205024f518cc2dd24f5818d8e77283d7be681b040bd5f924a0db55f17e4c,4154251,False,Infinity,Infinity
chronologia,chronologia,1,PRS,7,Infinity songlist,assets/songs/chronologia/1.aff,assets/songs/chronologia/base.ogg,20954,165bbc8131d9c0281c666e3b138ad3ca73cba263c3d2f9364a37b39bb413569d,4154251,False,Infinity,Infinity
chronologia,chronologia,2,FTR,9,Infinity songlist,assets/songs/chronologia/2.aff,assets/songs/chronologia/base.ogg,41374,f939d09869f9bfc20bbba72b1cf637013043d9e36dcb18f341a409b9b32dfaa5,4154251,False,Infinity,Infinity
chronologia,chronologia,4,ETR,10,Infinity songlist,assets/songs/chronologia/4.aff,assets/songs/chronologia/base.ogg,66906,5126af9b9cb881f0c283419c99fcb7802e94c0547efb1d3e459d86e53f88ccf4,4154251,False,Infinity,Infinity
balor,Balor,0,PST,3,Infinity songlist,assets/songs/balor/0.aff,assets/songs/balor/base.ogg,14478,243e9f41e3d6669ca94bade74a0d90c11856d308af423a50e426db115a6b844a,3526446,False,Infinity,Infinity
balor,Balor,1,PRS,6,Infinity songlist,assets/songs/balor/1.aff,assets/songs/balor/base.ogg,25893,e771ac8a0b0a1e4c4cb5e46288229fc52d6e099acccd38c03a90fef61c62d2bd,3526446,False,Infinity,Infinity
balor,Balor,2,FTR,9,Infinity songlist,assets/songs/balor/2.aff,assets/songs/balor/base.ogg,61053,14ab6e156f5d361ae3a71535079a4af4a47b03296c36ee59384537e86d1e73fc,3526446,False,Infinity,Infinity
balor,Balor,4,ETR,10,Infinity songlist,assets/songs/balor/4.aff,assets/songs/balor/base.ogg,71359,0a2bc66b2262e9a96173c2c6799216be1b0ff7d71d401a9b21429dbe23234ca4,3526446,False,Infinity,Infinity
dreadarea,DREAD AREA,0,PST,5,Infinity songlist,assets/songs/dreadarea/0.aff,assets/songs/dreadarea/base.ogg,17877,4e8cc386def7005a663ef6af8c6891b256ba3fdade5eaf52fa5e6575848c15b3,3667177,False,Infinity,Infinity
dreadarea,DREAD AREA,1,PRS,8,Infinity songlist,assets/songs/dreadarea/1.aff,assets/songs/dreadarea/base.ogg,24666,f2304d26e69743b9a121812537814a01d9dbe29fbbc0eb17a61bfbef7477e505,3667177,False,Infinity,Infinity
dreadarea,DREAD AREA,2,FTR,10,Infinity songlist,assets/songs/dreadarea/2.aff,assets/songs/dreadarea/base.ogg,53040,f41db56024c1c876e9522e272600252bf9c14c8b6f47d7fac6416b9f12a5b893,3667177,False,Infinity,Infinity
dreadarea,DREAD AREA,3,BYD,11,Infinity songlist,assets/songs/dreadarea/3.aff,assets/songs/dreadarea/base.ogg,96876,c83503ee8f76b723fb500968bbe3aab7f474ed849f78200b999ee188dc7ddd0f,3667177,False,Infinity,Infinity
un,un,0,PST,4,Infinity songlist,assets/songs/un/0.aff,assets/songs/un/base.ogg,12022,5ee94d36cf1135c9b8d5e87afe606e11ff0853bd8a99d0cc7812e105415667a6,3952532,False,Infinity,Infinity
un,un,1,PRS,7,Infinity songlist,assets/songs/un/1.aff,assets/songs/un/base.ogg,24061,8d436d9ec11229063d589d5b2d2fb1adbba12ef134ffc39a2cf6aaf6d46f95f4,3952532,False,Infinity,Infinity
un,un,2,FTR,9,Infinity songlist,assets/songs/un/2.aff,assets/songs/un/base.ogg,71834,24091ae916e891824b9d2a1c1a5324fc7eb7601c233eaa05ce474ef52c0cf5fc,3952532,False,Infinity,Infinity
un,un,4,ETR,10,Infinity songlist,assets/songs/un/4.aff,assets/songs/un/base.ogg,102099,00fc00444b86d1da7f1871cd4ae7b3dfb4396fa8b7dcf97a15bfb21e3fa0e035,3952532,False,Infinity,Infinity
rivenpilgrim,Riven Pilgrimage,0,PST,5,Infinity songlist,assets/songs/rivenpilgrim/0.aff,assets/songs/rivenpilgrim/base.ogg,19568,f2bf18d343cf56cdf9aeef8cceaf515e3cdfc1179b3f4c2cc36bb5947ec15a7d,3934024,False,Infinity,Infinity
rivenpilgrim,Riven Pilgrimage,1,PRS,8,Infinity songlist,assets/songs/rivenpilgrim/1.aff,assets/songs/rivenpilgrim/base.ogg,26422,65ee3b6ac6ca6c738a786698a96458f483307524782cc0b6cad018c486a709e7,3934024,False,Infinity,Infinity
rivenpilgrim,Riven Pilgrimage,2,FTR,10,Infinity songlist,assets/songs/rivenpilgrim/2.aff,assets/songs/rivenpilgrim/base.ogg,69991,ea9fae616442d2b0f4bf8fe385ae8d9ed164e59d6220698712e58706b27db4b6,3934024,False,Infinity,Infinity
rivenpilgrim,Riven Pilgrimage,3,BYD,11,Infinity songlist,assets/songs/rivenpilgrim/3.aff,assets/songs/rivenpilgrim/base.ogg,94745,70f936322d758fc1499f708208f53c1798f748359f948df73da76856c8f55bc3,3934024,False,Infinity,Infinity
cataclysmcry,Cataclysm Cry,0,PST,6,Infinity songlist,assets/songs/cataclysmcry/0.aff,assets/songs/cataclysmcry/base.ogg,21321,67336bb693af7c1003146daf929395071c681f80f3e36654d8c06559ef42f0a3,4250575,False,Infinity,Infinity
cataclysmcry,Cataclysm Cry,1,PRS,8,Infinity songlist,assets/songs/cataclysmcry/1.aff,assets/songs/cataclysmcry/base.ogg,32973,5c5a4db95041229cf93de4659ef7228c9a793039c686b5c46cb0bfe960d5cc45,4250575,False,Infinity,Infinity
cataclysmcry,Cataclysm Cry,2,FTR,10,Infinity songlist,assets/songs/cataclysmcry/2.aff,assets/songs/cataclysmcry/base.ogg,88819,e37ccb20b90f0ccceb5cd930974f4ac8a4f4587e3c080ec4e917502a877ddb49,4250575,False,Infinity,Infinity
cataclysmcry,Cataclysm Cry,3,BYD,11,Infinity songlist,assets/songs/cataclysmcry/3.aff,assets/songs/cataclysmcry/base.ogg,116005,d9200162c1cbfacbef2daa35864883b98b5a4039534dad667cd74ad0cd80e779,4250575,False,Infinity,Infinity
deinosphainein,DEINOS PHAINEIN,0,PST,7,Infinity songlist,assets/songs/deinosphainein/0.aff,assets/songs/deinosphainein/base.ogg,23510,1d6dec502b2de19e93878dd8cd210c367517219b6298389ac800a6cb59ca5f66,4079963,False,Infinity,Infinity
deinosphainein,DEINOS PHAINEIN,1,PRS,9,Infinity songlist,assets/songs/deinosphainein/1.aff,assets/songs/deinosphainein/base.ogg,40971,c11212f7ec25586fc352f1e5f2ec34df14c57c2449ce48ee81751e83441cc8cd,4079963,False,Infinity,Infinity
deinosphainein,DEINOS PHAINEIN,2,FTR,10,Infinity songlist,assets/songs/deinosphainein/2.aff,assets/songs/deinosphainein/base.ogg,85212,098af68f542b8ef9950e8f2db750d9c010ae3885e5965e662ca371f8a818e44a,4079963,False,Infinity,Infinity
deinosphainein,DEINOS PHAINEIN,3,BYD,12,Infinity songlist,assets/songs/deinosphainein/3.aff,assets/songs/deinosphainein/base.ogg,154013,7769e044fc9b07482ecec9acf967f2365ef1ee0a6662edc393493795872d26ca,4079963,False,Infinity,Infinity
ember,Ember,0,PST,5,Infinity songlist,assets/songs/ember/0.aff,assets/songs/ember/base.ogg,14119,4c446ea1ba9873f7644115b7c34c25b4f4bc000cd19a0ba6447347bad0366c98,3525583,False,Infinity,Infinity
ember,Ember,1,PRS,8,Infinity songlist,assets/songs/ember/1.aff,assets/songs/ember/base.ogg,23785,0dc0fc486a5ff7ea81d4b91b3be4a32025227295834a1ea325332b0fcd2024b0,3525583,False,Infinity,Infinity
ember,Ember,2,FTR,9,Infinity songlist,assets/songs/ember/2.aff,assets/songs/ember/base.ogg,89291,292d92769c3024c5e50810387fe94995241d76b976fc5386067d31aabd033042,3525583,False,Infinity,Infinity
hivemindrmx,hivemindrmx [Extra / rating unknown],2,FTR,0,"Imported AFF; display metadata only, rating unknown",assets/songs/hivemindrmx/2.aff,assets/songs/hivemindrmx/base.ogg,135303,a974768ede03def03de5de1cf9b07f4a07e9a1a7f14e4be477738e89c11f50a7,3818406,False,Infinity,Infinity
ifirmx,ifirmx [Extra / rating unknown],2,FTR,0,"Imported AFF; display metadata only, rating unknown",assets/songs/ifirmx/2.aff,assets/songs/ifirmx/base.ogg,81632,a215b7c169f6720c88b811ec65e7884948ebe85bbef3c3aff05e9c7ee8e351de,4009327,False,Infinity,Infinity
ignotusafterburn,ignotusafterburn [Extra / rating unknown],2,FTR,0,"Imported AFF; display metadata only, rating unknown",assets/songs/ignotusafterburn/2.aff,assets/songs/ignotusafterburn/base.ogg,97267,b2b68ea499c6886bddf920214436c59cacb3774c86f7e638bdd25b5dc81caf76,3417147,False,Infinity,Infinity
lfdyrmx,lfdyrmx [Extra / rating unknown],2,FTR,0,"Imported AFF; display metadata only, rating unknown",assets/songs/lfdyrmx/2.aff,assets/songs/lfdyrmx/base.ogg,106310,17d126d07067367c32c0e520585d08793fab2965e652ad10b995154dce363c3b,3655003,False,Infinity,Infinity
mismal,mismal [Extra / rating unknown],2,FTR,0,"Imported AFF; display metadata only, rating unknown",assets/songs/mismal/2.aff,assets/songs/mismal/base.ogg,136283,ccae7823cf41ab9e944b79ebb89bf40181275c3cea6e083ddbc3283bf8753ca0,3851239,False,Infinity,Infinity
overdead,overdead [Extra / rating unknown],2,FTR,0,"Imported AFF; display metadata only, rating unknown",assets/songs/overdead/2.aff,assets/songs/overdead/base.ogg,71303,e96dcbe6ff049bba247995255f4d0c838fae99b15a4efe1d7809c7841dc3211e,3827951,False,Infinity,Infinity
redandblueandgreen,redandblueandgreen [Extra / rating unknown],2,FTR,0,"Imported AFF; display metadata only, rating unknown",assets/songs/redandblueandgreen/2.aff,assets/songs/redandblueandgreen/base.ogg,71916,126bd1651d87fe20042097944f0888bb4b0cb1a32b1e2034ef9229347914abd7,3678714,False,Infinity,Infinity
singularityvvvip,singularityvvvip [Extra / rating unknown],2,FTR,0,"Imported AFF; display metadata only, rating unknown",assets/songs/singularityvvvip/2.aff,assets/songs/singularityvvvip/base.ogg,44776,eb50bcfda7088048cce851adfdb92275affb8629462959c8cc20d2078a3e27ac,3340452,False,Infinity,Infinity
unknownrmx,unknownrmx [Extra / rating unknown],2,FTR,0,"Imported AFF; display metadata only, rating unknown",assets/songs/unknownrmx/2.aff,assets/songs/unknownrmx/base.ogg,148665,810dad187b046f3bac1eccb4701c2383ba243ea005278c0d24b465abf594d2ec,3936225,False,Infinity,Infinity
