id,title,idx,ratingClass,difficulty,chart_path,audio_path,chart_present,audio_present,required_missing,included_offline,remote_dl,purchase,world_unlock,hidden_until
sayonarahatsukoi,Sayonara Hatsukoi,0,0,PST,assets/songs/sayonarahatsukoi/0.aff,assets/songs/sayonarahatsukoi/base.ogg,True,True,[],True,False,,False,
sayonarahatsukoi,Sayonara Hatsukoi,0,1,PRS,assets/songs/sayonarahatsukoi/1.aff,assets/songs/sayonarahatsukoi/base.ogg,True,True,[],True,False,,False,
sayonarahatsukoi,Sayonara Hatsukoi,0,2,FTR,assets/songs/sayonarahatsukoi/2.aff,assets/songs/sayonarahatsukoi/base.ogg,True,True,[],True,False,,False,
sayonarahatsukoi,Sayonara Hatsukoi,0,4,ETR,assets/songs/sayonarahatsukoi/4.aff,assets/songs/sayonarahatsukoi/base.ogg,True,True,[],True,False,,False,
lostcivilization,Lost Civilization,1,0,PST,assets/songs/lostcivilization/0.aff,assets/songs/lostcivilization/base.ogg,True,True,[],True,False,,False,
lostcivilization,Lost Civilization,1,1,PRS,assets/songs/lostcivilization/1.aff,assets/songs/lostcivilization/base.ogg,True,True,[],True,False,,False,
lostcivilization,Lost Civilization,1,2,FTR,assets/songs/lostcivilization/2.aff,assets/songs/lostcivilization/base.ogg,True,True,[],True,False,,False,
lostcivilization,Lost Civilization,1,3,BYD,assets/songs/lostcivilization/3.aff,assets/songs/lostcivilization/base.ogg,False,True,[],False,False,,False,
goodtek,GOODTEK (Arcaea Edit),2,0,PST,assets/songs/goodtek/0.aff,assets/songs/goodtek/base.ogg,False,False,[],False,True,,True,
goodtek,GOODTEK (Arcaea Edit),2,1,PRS,assets/songs/goodtek/1.aff,assets/songs/goodtek/base.ogg,False,False,[],False,True,,True,
goodtek,GOODTEK (Arcaea Edit),2,2,FTR,assets/songs/goodtek/2.aff,assets/songs/goodtek/base.ogg,False,False,[],False,True,,True,
goodtek,GOODTEK (Arcaea Edit),2,3,BYD,assets/songs/goodtek/3.aff,assets/songs/goodtek/base.ogg,False,False,[],False,True,,True,
viyella,cry of viyella,3,0,PST,assets/songs/viyella/0.aff,assets/songs/viyella/base.ogg,False,False,[],False,True,core,False,
viyella,cry of viyella,3,1,PRS,assets/songs/viyella/1.aff,assets/songs/viyella/base.ogg,False,False,[],False,True,core,False,
viyella,cry of viyella,3,2,FTR,assets/songs/viyella/2.aff,assets/songs/viyella/base.ogg,False,False,[],False,True,core,False,
rise,Rise,4,0,PST,assets/songs/rise/0.aff,assets/songs/rise/base.ogg,True,True,[],True,False,,False,
rise,Rise,4,1,PRS,assets/songs/rise/1.aff,assets/songs/rise/base.ogg,True,True,[],True,False,,False,
rise,Rise,4,2,FTR,assets/songs/rise/2.aff,assets/songs/rise/base.ogg,True,True,[],True,False,,False,
lucifer,Lucifer,5,0,PST,assets/songs/lucifer/0.aff,assets/songs/lucifer/base.ogg,False,False,[],False,True,,True,
lucifer,Lucifer,5,1,PRS,assets/songs/lucifer/1.aff,assets/songs/lucifer/base.ogg,False,False,[],False,True,,True,
lucifer,Lucifer,5,2,FTR,assets/songs/lucifer/2.aff,assets/songs/lucifer/base.ogg,False,False,[],False,True,,True,
fairytale,Fairytale,6,0,PST,assets/songs/fairytale/0.aff,assets/songs/fairytale/base.ogg,True,True,[],True,False,,False,
fairytale,Fairytale,6,1,PRS,assets/songs/fairytale/1.aff,assets/songs/fairytale/base.ogg,True,True,[],True,False,,False,
fairytale,Fairytale,6,2,FTR,assets/songs/fairytale/2.aff,assets/songs/fairytale/base.ogg,True,True,[],True,False,,False,
fairytale,Fairytale,6,3,BYD,assets/songs/fairytale/3.aff,assets/songs/fairytale/base.ogg,False,True,[],False,False,,False,
hearditsaid,I've heard it said,7,0,PST,assets/songs/hearditsaid/0.aff,assets/songs/hearditsaid/base.ogg,False,False,[],False,True,core,False,
hearditsaid,I've heard it said,7,1,PRS,assets/songs/hearditsaid/1.aff,assets/songs/hearditsaid/base.ogg,False,False,[],False,True,core,False,
hearditsaid,I've heard it said,7,2,FTR,assets/songs/hearditsaid/2.aff,assets/songs/hearditsaid/base.ogg,False,False,[],False,True,core,False,
babaroque,Babaroque,8,0,PST,assets/songs/babaroque/0.aff,assets/songs/babaroque/base.ogg,False,False,[],False,True,,True,
babaroque,Babaroque,8,1,PRS,assets/songs/babaroque/1.aff,assets/songs/babaroque/base.ogg,False,False,[],False,True,,True,
babaroque,Babaroque,8,2,FTR,assets/songs/babaroque/2.aff,assets/songs/babaroque/base.ogg,False,False,[],False,True,,True,
memoryfactory,memoryfactory.lzh,9,0,PST,assets/songs/memoryfactory/0.aff,assets/songs/memoryfactory/base.ogg,False,False,[],False,True,core,False,
memoryfactory,memoryfactory.lzh,9,1,PRS,assets/songs/memoryfactory/1.aff,assets/songs/memoryfactory/base.ogg,False,False,[],False,True,core,False,
memoryfactory,memoryfactory.lzh,9,2,FTR,assets/songs/memoryfactory/2.aff,assets/songs/memoryfactory/base.ogg,False,False,[],False,True,core,False,
snowwhite,Snow White,10,0,PST,assets/songs/snowwhite/0.aff,assets/songs/snowwhite/base.ogg,True,True,[],True,False,,False,
snowwhite,Snow White,10,1,PRS,assets/songs/snowwhite/1.aff,assets/songs/snowwhite/base.ogg,True,True,[],True,False,,False,
snowwhite,Snow White,10,2,FTR,assets/songs/snowwhite/2.aff,assets/songs/snowwhite/base.ogg,True,True,[],True,False,,False,
snowwhite,Snow White,10,3,BYD,assets/songs/snowwhite/3.aff,assets/songs/snowwhite/base.ogg,False,True,[],False,False,,False,difficulty
relentless,Relentless,11,0,PST,assets/songs/relentless/0.aff,assets/songs/relentless/base.ogg,False,False,[],False,True,core,False,
relentless,Relentless,11,1,PRS,assets/songs/relentless/1.aff,assets/songs/relentless/base.ogg,False,False,[],False,True,core,False,
relentless,Relentless,11,2,FTR,assets/songs/relentless/2.aff,assets/songs/relentless/base.ogg,False,False,[],False,True,core,False,
shadesoflight,Shades of Light in a Transcendent Realm,12,0,PST,assets/songs/shadesoflight/0.aff,assets/songs/shadesoflight/base.ogg,True,True,[],True,False,,False,
shadesoflight,Shades of Light in a Transcendent Realm,12,1,PRS,assets/songs/shadesoflight/1.aff,assets/songs/shadesoflight/base.ogg,True,True,[],True,False,,False,
shadesoflight,Shades of Light in a Transcendent Realm,12,2,FTR,assets/songs/shadesoflight/2.aff,assets/songs/shadesoflight/base.ogg,True,True,[],True,False,,False,
shadesoflight,Shades of Light in a Transcendent Realm,12,3,BYD,assets/songs/shadesoflight/3.aff,assets/songs/shadesoflight/base.ogg,False,True,[],False,False,,False,
vexaria,Vexaria,13,0,PST,assets/songs/vexaria/0.aff,assets/songs/vexaria/base.ogg,True,True,[],True,False,,False,
vexaria,Vexaria,13,1,PRS,assets/songs/vexaria/1.aff,assets/songs/vexaria/base.ogg,True,True,[],True,False,,False,
vexaria,Vexaria,13,2,FTR,assets/songs/vexaria/2.aff,assets/songs/vexaria/base.ogg,True,True,[],True,False,,False,
vexaria,Vexaria,13,3,BYD,assets/songs/vexaria/3.aff,assets/songs/vexaria/base.ogg,False,True,[],False,False,,False,
essenceoftwilight,Essence of Twilight,14,0,PST,assets/songs/essenceoftwilight/0.aff,assets/songs/essenceoftwilight/base.ogg,False,False,[],False,True,core,False,
essenceoftwilight,Essence of Twilight,14,1,PRS,assets/songs/essenceoftwilight/1.aff,assets/songs/essenceoftwilight/base.ogg,False,False,[],False,True,core,False,
essenceoftwilight,Essence of Twilight,14,2,FTR,assets/songs/essenceoftwilight/2.aff,assets/songs/essenceoftwilight/base.ogg,False,False,[],False,True,core,False,
qualia,qualia -ideaesthesia-,15,0,PST,assets/songs/qualia/0.aff,assets/songs/qualia/base.ogg,False,False,[],False,True,,True,
qualia,qualia -ideaesthesia-,15,1,PRS,assets/songs/qualia/1.aff,assets/songs/qualia/base.ogg,False,False,[],False,True,,True,
qualia,qualia -ideaesthesia-,15,2,FTR,assets/songs/qualia/2.aff,assets/songs/qualia/base.ogg,False,False,[],False,True,,True,
qualia,qualia -ideaesthesia-,15,3,BYD,assets/songs/qualia/3.aff,assets/songs/qualia/base.ogg,False,False,[],False,True,,True,difficulty
pragmatism,PRAGMATISM,16,0,PST,assets/songs/pragmatism/0.aff,assets/songs/pragmatism/base.ogg,False,False,[],False,True,core,False,
pragmatism,PRAGMATISM,16,1,PRS,assets/songs/pragmatism/1.aff,assets/songs/pragmatism/base.ogg,False,False,[],False,True,core,False,
pragmatism,PRAGMATISM,16,2,FTR,assets/songs/pragmatism/2.aff,assets/songs/pragmatism/base.ogg,False,False,[],False,True,core,False,
pragmatism,PRAGMATISM,16,3,BYD,assets/songs/pragmatism/3.aff,assets/songs/pragmatism/3.ogg,False,False,[],False,True,core,False,difficulty
sheriruth,Sheriruth,17,0,PST,assets/songs/sheriruth/0.aff,assets/songs/sheriruth/base.ogg,False,False,[],False,True,core,False,
sheriruth,Sheriruth,17,1,PRS,assets/songs/sheriruth/1.aff,assets/songs/sheriruth/base.ogg,False,False,[],False,True,core,False,
sheriruth,Sheriruth,17,2,FTR,assets/songs/sheriruth/2.aff,assets/songs/sheriruth/base.ogg,False,False,[],False,True,core,False,
lumia,Lumia,18,0,PST,assets/songs/lumia/0.aff,assets/songs/lumia/base.ogg,False,False,[],False,True,core,False,
lumia,Lumia,18,1,PRS,assets/songs/lumia/1.aff,assets/songs/lumia/base.ogg,False,False,[],False,True,core,False,
lumia,Lumia,18,2,FTR,assets/songs/lumia/2.aff,assets/songs/lumia/base.ogg,False,False,[],False,True,core,False,
lumia,Lumia,18,3,BYD,assets/songs/lumia/3.aff,assets/songs/lumia/base.ogg,False,False,[],False,True,core,False,
dement,Dement ~after legend~,19,0,PST,assets/songs/dement/0.aff,assets/songs/dement/base.ogg,True,True,[],True,False,,False,
dement,Dement ~after legend~,19,1,PRS,assets/songs/dement/1.aff,assets/songs/dement/base.ogg,True,True,[],True,False,,False,
dement,Dement ~after legend~,19,2,FTR,assets/songs/dement/2.aff,assets/songs/dement/base.ogg,True,True,[],True,False,,False,
dement,Dement ~after legend~,19,3,BYD,assets/songs/dement/3.aff,assets/songs/dement/base.ogg,False,True,[],False,False,,False,
dandelion,Dandelion,20,0,PST,assets/songs/dandelion/0.aff,assets/songs/dandelion/base.ogg,True,True,[],True,False,,False,
dandelion,Dandelion,20,1,PRS,assets/songs/dandelion/1.aff,assets/songs/dandelion/base.ogg,True,True,[],True,False,,False,
dandelion,Dandelion,20,2,FTR,assets/songs/dandelion/2.aff,assets/songs/dandelion/base.ogg,True,True,[],True,False,,False,
anokumene,Anökumene,21,0,PST,assets/songs/anokumene/0.aff,assets/songs/anokumene/base.ogg,False,False,[],False,True,,True,
anokumene,Anökumene,21,1,PRS,assets/songs/anokumene/1.aff,assets/songs/anokumene/base.ogg,False,False,[],False,True,,True,
anokumene,Anökumene,21,2,FTR,assets/songs/anokumene/2.aff,assets/songs/anokumene/base.ogg,False,False,[],False,True,,True,
anokumene,Anökumene,21,3,BYD,assets/songs/anokumene/3.aff,assets/songs/anokumene/base.ogg,False,False,[],False,True,,True,difficulty
infinityheaven,Infinity Heaven,22,0,PST,assets/songs/infinityheaven/0.aff,assets/songs/infinityheaven/base.ogg,True,True,[],True,False,,False,
infinityheaven,Infinity Heaven,22,1,PRS,assets/songs/infinityheaven/1.aff,assets/songs/infinityheaven/base.ogg,True,True,[],True,False,,False,
infinityheaven,Infinity Heaven,22,2,FTR,assets/songs/infinityheaven/2.aff,assets/songs/infinityheaven/base.ogg,True,True,[],True,False,,False,
infinityheaven,Infinity Heaven,22,3,BYD,assets/songs/infinityheaven/3.aff,assets/songs/infinityheaven/base.ogg,False,True,[],False,False,,False,
partyvinyl,Party Vinyl,23,0,PST,assets/songs/partyvinyl/0.aff,assets/songs/partyvinyl/base.ogg,False,False,[],False,True,shiawase,False,
partyvinyl,Party Vinyl,23,1,PRS,assets/songs/partyvinyl/1.aff,assets/songs/partyvinyl/base.ogg,False,False,[],False,True,shiawase,False,
partyvinyl,Party Vinyl,23,2,FTR,assets/songs/partyvinyl/2.aff,assets/songs/partyvinyl/base.ogg,False,False,[],False,True,shiawase,False,
partyvinyl,Party Vinyl,23,3,BYD,assets/songs/partyvinyl/3.aff,assets/songs/partyvinyl/base.ogg,False,False,[],False,True,shiawase,False,
flashback,Flashback,24,0,PST,assets/songs/flashback/0.aff,assets/songs/flashback/base.ogg,False,False,[],False,True,shiawase,False,
flashback,Flashback,24,1,PRS,assets/songs/flashback/1.aff,assets/songs/flashback/base.ogg,False,False,[],False,True,shiawase,False,
flashback,Flashback,24,2,FTR,assets/songs/flashback/2.aff,assets/songs/flashback/base.ogg,False,False,[],False,True,shiawase,False,
flyburg,Flyburg and Endroll,25,0,PST,assets/songs/flyburg/0.aff,assets/songs/flyburg/base.ogg,False,False,[],False,True,shiawase,False,
flyburg,Flyburg and Endroll,25,1,PRS,assets/songs/flyburg/1.aff,assets/songs/flyburg/base.ogg,False,False,[],False,True,shiawase,False,
flyburg,Flyburg and Endroll,25,2,FTR,assets/songs/flyburg/2.aff,assets/songs/flyburg/base.ogg,False,False,[],False,True,shiawase,False,
nirvluce,Nirv lucE,26,0,PST,assets/songs/nirvluce/0.aff,assets/songs/nirvluce/base.ogg,False,False,[],False,True,shiawase,False,
nirvluce,Nirv lucE,26,1,PRS,assets/songs/nirvluce/1.aff,assets/songs/nirvluce/base.ogg,False,False,[],False,True,shiawase,False,
nirvluce,Nirv lucE,26,2,FTR,assets/songs/nirvluce/2.aff,assets/songs/nirvluce/base.ogg,False,False,[],False,True,shiawase,False,
paradise,Paradise,27,0,PST,assets/songs/paradise/0.aff,assets/songs/paradise/base.ogg,False,False,[],False,True,shiawase,False,
paradise,Paradise,27,1,PRS,assets/songs/paradise/1.aff,assets/songs/paradise/base.ogg,False,False,[],False,True,shiawase,False,
paradise,Paradise,27,2,FTR,assets/songs/paradise/2.aff,assets/songs/paradise/base.ogg,False,False,[],False,True,shiawase,False,
brandnewworld,Brand new world,28,0,PST,assets/songs/brandnewworld/0.aff,assets/songs/brandnewworld/base.ogg,True,True,[],True,False,,False,
brandnewworld,Brand new world,28,1,PRS,assets/songs/brandnewworld/1.aff,assets/songs/brandnewworld/base.ogg,True,True,[],True,False,,False,
brandnewworld,Brand new world,28,2,FTR,assets/songs/brandnewworld/2.aff,assets/songs/brandnewworld/base.ogg,True,True,[],True,False,,False,
dataerror,DataErr0r,29,0,PST,assets/songs/dataerror/0.aff,assets/songs/dataerror/base.ogg,False,False,[],False,True,dataerror,False,
dataerror,DataErr0r,29,1,PRS,assets/songs/dataerror/1.aff,assets/songs/dataerror/base.ogg,False,False,[],False,True,dataerror,False,
dataerror,DataErr0r,29,2,FTR,assets/songs/dataerror/2.aff,assets/songs/dataerror/base.ogg,False,False,[],False,True,dataerror,False,
crosssoul,CROSS†SOUL,30,0,PST,assets/songs/crosssoul/0.aff,assets/songs/crosssoul/base.ogg,False,False,[],False,True,crosssoul,False,
crosssoul,CROSS†SOUL,30,1,PRS,assets/songs/crosssoul/1.aff,assets/songs/crosssoul/base.ogg,False,False,[],False,True,crosssoul,False,
crosssoul,CROSS†SOUL,30,2,FTR,assets/songs/crosssoul/2.aff,assets/songs/crosssoul/base.ogg,False,False,[],False,True,crosssoul,False,
yourvoiceso,Your voice so... feat. Such,31,0,PST,assets/songs/yourvoiceso/0.aff,assets/songs/yourvoiceso/base.ogg,False,False,[],False,True,yourvoiceso,False,
yourvoiceso,Your voice so... feat. Such,31,1,PRS,assets/songs/yourvoiceso/1.aff,assets/songs/yourvoiceso/base.ogg,False,False,[],False,True,yourvoiceso,False,
yourvoiceso,Your voice so... feat. Such,31,2,FTR,assets/songs/yourvoiceso/2.aff,assets/songs/yourvoiceso/base.ogg,False,False,[],False,True,yourvoiceso,False,
chronostasis,Chronostasis,32,0,PST,assets/songs/chronostasis/0.aff,assets/songs/chronostasis/base.ogg,True,True,[],True,False,,False,
chronostasis,Chronostasis,32,1,PRS,assets/songs/chronostasis/1.aff,assets/songs/chronostasis/base.ogg,True,True,[],True,False,,False,
chronostasis,Chronostasis,32,2,FTR,assets/songs/chronostasis/2.aff,assets/songs/chronostasis/base.ogg,True,True,[],True,False,,False,
kanagawa,Kanagawa Cyber Culvert,33,0,PST,assets/songs/kanagawa/0.aff,assets/songs/kanagawa/base.ogg,False,False,[],False,True,,True,
kanagawa,Kanagawa Cyber Culvert,33,1,PRS,assets/songs/kanagawa/1.aff,assets/songs/kanagawa/base.ogg,False,False,[],False,True,,True,
kanagawa,Kanagawa Cyber Culvert,33,2,FTR,assets/songs/kanagawa/2.aff,assets/songs/kanagawa/base.ogg,False,False,[],False,True,,True,
kanagawa,Kanagawa Cyber Culvert,33,3,BYD,assets/songs/kanagawa/3.aff,assets/songs/kanagawa/base.ogg,False,False,[],False,True,,True,
moonlightofsandcastle,Moonlight of Sand Castle,34,0,PST,assets/songs/moonlightofsandcastle/0.aff,assets/songs/moonlightofsandcastle/base.ogg,False,False,[],False,True,dynamix,False,
moonlightofsandcastle,Moonlight of Sand Castle,34,1,PRS,assets/songs/moonlightofsandcastle/1.aff,assets/songs/moonlightofsandcastle/base.ogg,False,False,[],False,True,dynamix,False,
moonlightofsandcastle,Moonlight of Sand Castle,34,2,FTR,assets/songs/moonlightofsandcastle/2.aff,assets/songs/moonlightofsandcastle/base.ogg,False,False,[],False,True,dynamix,False,
reconstruction,REconstruction,35,0,PST,assets/songs/reconstruction/0.aff,assets/songs/reconstruction/base.ogg,False,False,[],False,True,dynamix,False,
reconstruction,REconstruction,35,1,PRS,assets/songs/reconstruction/1.aff,assets/songs/reconstruction/base.ogg,False,False,[],False,True,dynamix,False,
reconstruction,REconstruction,35,2,FTR,assets/songs/reconstruction/2.aff,assets/songs/reconstruction/base.ogg,False,False,[],False,True,dynamix,False,
evoltex,Evoltex (poppi'n mix),36,0,PST,assets/songs/evoltex/0.aff,assets/songs/evoltex/base.ogg,False,False,[],False,True,dynamix,False,
evoltex,Evoltex (poppi'n mix),36,1,PRS,assets/songs/evoltex/1.aff,assets/songs/evoltex/base.ogg,False,False,[],False,True,dynamix,False,
evoltex,Evoltex (poppi'n mix),36,2,FTR,assets/songs/evoltex/2.aff,assets/songs/evoltex/base.ogg,False,False,[],False,True,dynamix,False,
oracle,Oracle,37,0,PST,assets/songs/oracle/0.aff,assets/songs/oracle/base.ogg,False,False,[],False,True,dynamix,False,
oracle,Oracle,37,1,PRS,assets/songs/oracle/1.aff,assets/songs/oracle/base.ogg,False,False,[],False,True,dynamix,False,
oracle,Oracle,37,2,FTR,assets/songs/oracle/2.aff,assets/songs/oracle/base.ogg,False,False,[],False,True,dynamix,False,
aterlbus,αterlβus,38,0,PST,assets/songs/aterlbus/0.aff,assets/songs/aterlbus/base.ogg,False,False,[],False,True,dynamix,False,
aterlbus,αterlβus,38,1,PRS,assets/songs/aterlbus/1.aff,assets/songs/aterlbus/base.ogg,False,False,[],False,True,dynamix,False,
aterlbus,αterlβus,38,2,FTR,assets/songs/aterlbus/2.aff,assets/songs/aterlbus/base.ogg,False,False,[],False,True,dynamix,False,
clotho,Clotho and the stargazer,39,0,PST,assets/songs/clotho/0.aff,assets/songs/clotho/base.ogg,True,True,[],True,False,,False,
clotho,Clotho and the stargazer,39,1,PRS,assets/songs/clotho/1.aff,assets/songs/clotho/base.ogg,True,True,[],True,False,,False,
clotho,Clotho and the stargazer,39,2,FTR,assets/songs/clotho/2.aff,assets/songs/clotho/base.ogg,True,True,[],True,False,,False,
clotho,Clotho and the stargazer,39,4,ETR,assets/songs/clotho/4.aff,assets/songs/clotho/base.ogg,True,True,[],True,False,,False,
impurebird,Impure Bird,40,0,PST,assets/songs/impurebird/0.aff,assets/songs/impurebird/base.ogg,False,False,[],False,True,impurebird,False,
impurebird,Impure Bird,40,1,PRS,assets/songs/impurebird/1.aff,assets/songs/impurebird/base.ogg,False,False,[],False,True,impurebird,False,
impurebird,Impure Bird,40,2,FTR,assets/songs/impurebird/2.aff,assets/songs/impurebird/base.ogg,False,False,[],False,True,impurebird,False,
ignotus,Ignotus,41,0,PST,assets/songs/ignotus/0.aff,assets/songs/ignotus/base.ogg,False,False,[],False,True,,True,
ignotus,Ignotus,41,1,PRS,assets/songs/ignotus/1.aff,assets/songs/ignotus/base.ogg,False,False,[],False,True,,True,
ignotus,Ignotus,41,2,FTR,assets/songs/ignotus/2.aff,assets/songs/ignotus/base.ogg,False,False,[],False,True,,True,
ignotus,Ignotus,41,3,BYD,assets/songs/ignotus/3.aff,assets/songs/ignotus/3.ogg,False,False,[],False,True,,True,
lethaeus,Lethaeus,42,0,PST,assets/songs/lethaeus/0.aff,assets/songs/lethaeus/base.ogg,False,False,[],False,True,mirai,False,
lethaeus,Lethaeus,42,1,PRS,assets/songs/lethaeus/1.aff,assets/songs/lethaeus/base.ogg,False,False,[],False,True,mirai,False,
lethaeus,Lethaeus,42,2,FTR,assets/songs/lethaeus/2.aff,assets/songs/lethaeus/base.ogg,False,False,[],False,True,mirai,False,
romancewars,Romance Wars,43,0,PST,assets/songs/romancewars/0.aff,assets/songs/romancewars/base.ogg,False,False,[],False,True,mirai,False,
romancewars,Romance Wars,43,1,PRS,assets/songs/romancewars/1.aff,assets/songs/romancewars/base.ogg,False,False,[],False,True,mirai,False,
romancewars,Romance Wars,43,2,FTR,assets/songs/romancewars/2.aff,assets/songs/romancewars/base.ogg,False,False,[],False,True,mirai,False,
blossoms,Blossoms,44,0,PST,assets/songs/blossoms/0.aff,assets/songs/blossoms/base.ogg,False,False,[],False,True,mirai,False,
blossoms,Blossoms,44,1,PRS,assets/songs/blossoms/1.aff,assets/songs/blossoms/base.ogg,False,False,[],False,True,mirai,False,
blossoms,Blossoms,44,2,FTR,assets/songs/blossoms/2.aff,assets/songs/blossoms/base.ogg,False,False,[],False,True,mirai,False,
moonheart,Moonheart,45,0,PST,assets/songs/moonheart/0.aff,assets/songs/moonheart/base.ogg,False,False,[],False,True,mirai,False,
moonheart,Moonheart,45,1,PRS,assets/songs/moonheart/1.aff,assets/songs/moonheart/base.ogg,False,False,[],False,True,mirai,False,
moonheart,Moonheart,45,2,FTR,assets/songs/moonheart/2.aff,assets/songs/moonheart/base.ogg,False,False,[],False,True,mirai,False,
moonheart,Moonheart,45,3,BYD,assets/songs/moonheart/3.aff,assets/songs/moonheart/base.ogg,False,False,[],False,True,mirai,False,
genesis,Genesis,46,0,PST,assets/songs/genesis/0.aff,assets/songs/genesis/base.ogg,False,False,[],False,True,mirai,False,
genesis,Genesis,46,1,PRS,assets/songs/genesis/1.aff,assets/songs/genesis/base.ogg,False,False,[],False,True,mirai,False,
genesis,Genesis,46,2,FTR,assets/songs/genesis/2.aff,assets/songs/genesis/base.ogg,False,False,[],False,True,mirai,False,
harutopia,Harutopia ~Utopia of Spring~,47,0,PST,assets/songs/harutopia/0.aff,assets/songs/harutopia/base.ogg,False,False,[],False,True,,True,
harutopia,Harutopia ~Utopia of Spring~,47,1,PRS,assets/songs/harutopia/1.aff,assets/songs/harutopia/base.ogg,False,False,[],False,True,,True,
harutopia,Harutopia ~Utopia of Spring~,47,2,FTR,assets/songs/harutopia/2.aff,assets/songs/harutopia/base.ogg,False,False,[],False,True,,True,
auxesia,Auxesia,48,0,PST,assets/songs/auxesia/0.aff,assets/songs/auxesia/base.ogg,False,False,[],False,True,auxesia,False,
auxesia,Auxesia,48,1,PRS,assets/songs/auxesia/1.aff,assets/songs/auxesia/base.ogg,False,False,[],False,True,auxesia,False,
auxesia,Auxesia,48,2,FTR,assets/songs/auxesia/2.aff,assets/songs/auxesia/base.ogg,False,False,[],False,True,auxesia,False,
rabbitintheblackroom,Rabbit In The Black Room,49,0,PST,assets/songs/rabbitintheblackroom/0.aff,assets/songs/rabbitintheblackroom/base.ogg,False,False,[],False,True,,True,
rabbitintheblackroom,Rabbit In The Black Room,49,1,PRS,assets/songs/rabbitintheblackroom/1.aff,assets/songs/rabbitintheblackroom/base.ogg,False,False,[],False,True,,True,
rabbitintheblackroom,Rabbit In The Black Room,49,2,FTR,assets/songs/rabbitintheblackroom/2.aff,assets/songs/rabbitintheblackroom/base.ogg,False,False,[],False,True,,True,
modelista,Modelista,50,0,PST,assets/songs/modelista/0.aff,assets/songs/modelista/base.ogg,False,False,[],False,True,modelista,False,
modelista,Modelista,50,1,PRS,assets/songs/modelista/1.aff,assets/songs/modelista/base.ogg,False,False,[],False,True,modelista,False,
modelista,Modelista,50,2,FTR,assets/songs/modelista/2.aff,assets/songs/modelista/base.ogg,False,False,[],False,True,modelista,False,
soundwitch,SOUNDWiTCH,51,0,PST,assets/songs/soundwitch/0.aff,assets/songs/soundwitch/base.ogg,False,False,[],False,True,yugamu,False,
soundwitch,SOUNDWiTCH,51,1,PRS,assets/songs/soundwitch/1.aff,assets/songs/soundwitch/base.ogg,False,False,[],False,True,yugamu,False,
soundwitch,SOUNDWiTCH,51,2,FTR,assets/songs/soundwitch/2.aff,assets/songs/soundwitch/base.ogg,False,False,[],False,True,yugamu,False,
trappola,trappola bewitching,52,0,PST,assets/songs/trappola/0.aff,assets/songs/trappola/base.ogg,False,False,[],False,True,yugamu,False,
trappola,trappola bewitching,52,1,PRS,assets/songs/trappola/1.aff,assets/songs/trappola/base.ogg,False,False,[],False,True,yugamu,False,
trappola,trappola bewitching,52,2,FTR,assets/songs/trappola/2.aff,assets/songs/trappola/base.ogg,False,False,[],False,True,yugamu,False,
trappola,trappola bewitching,52,3,BYD,assets/songs/trappola/3.aff,assets/songs/trappola/base.ogg,False,False,[],False,True,yugamu,False,
iconoclast,Iconoclast,53,0,PST,assets/songs/iconoclast/0.aff,assets/songs/iconoclast/base.ogg,False,False,[],False,True,yugamu,False,
iconoclast,Iconoclast,53,1,PRS,assets/songs/iconoclast/1.aff,assets/songs/iconoclast/base.ogg,False,False,[],False,True,yugamu,False,
iconoclast,Iconoclast,53,2,FTR,assets/songs/iconoclast/2.aff,assets/songs/iconoclast/base.ogg,False,False,[],False,True,yugamu,False,
conflict,conflict,54,0,PST,assets/songs/conflict/0.aff,assets/songs/conflict/base.ogg,False,False,[],False,True,yugamu,False,
conflict,conflict,54,1,PRS,assets/songs/conflict/1.aff,assets/songs/conflict/base.ogg,False,False,[],False,True,yugamu,False,
conflict,conflict,54,2,FTR,assets/songs/conflict/2.aff,assets/songs/conflict/base.ogg,False,False,[],False,True,yugamu,False,
axiumcrisis,Axium Crisis,55,0,PST,assets/songs/axiumcrisis/0.aff,assets/songs/axiumcrisis/base.ogg,False,False,[],False,True,yugamu,False,
axiumcrisis,Axium Crisis,55,1,PRS,assets/songs/axiumcrisis/1.aff,assets/songs/axiumcrisis/base.ogg,False,False,[],False,True,yugamu,False,
axiumcrisis,Axium Crisis,55,2,FTR,assets/songs/axiumcrisis/2.aff,assets/songs/axiumcrisis/base.ogg,False,False,[],False,True,yugamu,False,
axiumcrisis,Axium Crisis,55,3,BYD,assets/songs/axiumcrisis/3.aff,assets/songs/axiumcrisis/3.ogg,False,False,[],False,True,yugamu,False,difficulty
grievouslady,Grievous Lady,56,0,PST,assets/songs/grievouslady/0.aff,assets/songs/grievouslady/base.ogg,False,False,[],False,True,yugamu,False,
grievouslady,Grievous Lady,56,1,PRS,assets/songs/grievouslady/1.aff,assets/songs/grievouslady/base.ogg,False,False,[],False,True,yugamu,False,
grievouslady,Grievous Lady,56,2,FTR,assets/songs/grievouslady/2.aff,assets/songs/grievouslady/base.ogg,False,False,[],False,True,yugamu,False,
dreaminattraction,Dreamin' Attraction!!,57,0,PST,assets/songs/dreaminattraction/0.aff,assets/songs/dreaminattraction/base.ogg,False,False,[],False,True,,True,
dreaminattraction,Dreamin' Attraction!!,57,1,PRS,assets/songs/dreaminattraction/1.aff,assets/songs/dreaminattraction/base.ogg,False,False,[],False,True,,True,
dreaminattraction,Dreamin' Attraction!!,57,2,FTR,assets/songs/dreaminattraction/2.aff,assets/songs/dreaminattraction/base.ogg,False,False,[],False,True,,True,
redandblue,Red and Blue,58,0,PST,assets/songs/redandblue/0.aff,assets/songs/redandblue/base.ogg,False,False,[],False,True,,True,
redandblue,Red and Blue,58,1,PRS,assets/songs/redandblue/1.aff,assets/songs/redandblue/base.ogg,False,False,[],False,True,,True,
redandblue,Red and Blue,58,2,FTR,assets/songs/redandblue/2.aff,assets/songs/redandblue/base.ogg,False,False,[],False,True,,True,
redandblue,Red and Blue,58,3,BYD,assets/songs/redandblue/3.aff,assets/songs/redandblue/3.ogg,False,False,[],False,True,,True,
onelastdrive,One Last Drive,59,0,PST,assets/songs/onelastdrive/0.aff,assets/songs/onelastdrive/base.ogg,True,True,[],True,False,,False,
onelastdrive,One Last Drive,59,1,PRS,assets/songs/onelastdrive/1.aff,assets/songs/onelastdrive/base.ogg,True,True,[],True,False,,False,
onelastdrive,One Last Drive,59,2,FTR,assets/songs/onelastdrive/2.aff,assets/songs/onelastdrive/base.ogg,True,True,[],True,False,,False,
surrender,Surrender,60,0,PST,assets/songs/surrender/0.aff,assets/songs/surrender/base.ogg,False,False,[],False,True,surrender,False,
surrender,Surrender,60,1,PRS,assets/songs/surrender/1.aff,assets/songs/surrender/base.ogg,False,False,[],False,True,surrender,False,
surrender,Surrender,60,2,FTR,assets/songs/surrender/2.aff,assets/songs/surrender/base.ogg,False,False,[],False,True,surrender,False,
yozakurafubuki,Yosakura Fubuki,61,0,PST,assets/songs/yozakurafubuki/0.aff,assets/songs/yozakurafubuki/base.ogg,False,False,[],False,True,yozakurafubuki,False,
yozakurafubuki,Yosakura Fubuki,61,1,PRS,assets/songs/yozakurafubuki/1.aff,assets/songs/yozakurafubuki/base.ogg,False,False,[],False,True,yozakurafubuki,False,
yozakurafubuki,Yosakura Fubuki,61,2,FTR,assets/songs/yozakurafubuki/2.aff,assets/songs/yozakurafubuki/base.ogg,False,False,[],False,True,yozakurafubuki,False,
cyanine,cyanine,62,0,PST,assets/songs/cyanine/0.aff,assets/songs/cyanine/base.ogg,False,False,[],False,True,lanota,False,
cyanine,cyanine,62,1,PRS,assets/songs/cyanine/1.aff,assets/songs/cyanine/base.ogg,False,False,[],False,True,lanota,False,
cyanine,cyanine,62,2,FTR,assets/songs/cyanine/2.aff,assets/songs/cyanine/base.ogg,False,False,[],False,True,lanota,False,
dreamgoeson,Dream goes on,63,0,PST,assets/songs/dreamgoeson/0.aff,assets/songs/dreamgoeson/base.ogg,False,False,[],False,True,lanota,False,
dreamgoeson,Dream goes on,63,1,PRS,assets/songs/dreamgoeson/1.aff,assets/songs/dreamgoeson/base.ogg,False,False,[],False,True,lanota,False,
dreamgoeson,Dream goes on,63,2,FTR,assets/songs/dreamgoeson/2.aff,assets/songs/dreamgoeson/base.ogg,False,False,[],False,True,lanota,False,
journey,Journey,64,0,PST,assets/songs/journey/0.aff,assets/songs/journey/base.ogg,False,False,[],False,True,lanota,False,
journey,Journey,64,1,PRS,assets/songs/journey/1.aff,assets/songs/journey/base.ogg,False,False,[],False,True,lanota,False,
journey,Journey,64,2,FTR,assets/songs/journey/2.aff,assets/songs/journey/base.ogg,False,False,[],False,True,lanota,False,
specta,Specta,65,0,PST,assets/songs/specta/0.aff,assets/songs/specta/base.ogg,False,False,[],False,True,lanota,False,
specta,Specta,65,1,PRS,assets/songs/specta/1.aff,assets/songs/specta/base.ogg,False,False,[],False,True,lanota,False,
specta,Specta,65,2,FTR,assets/songs/specta/2.aff,assets/songs/specta/base.ogg,False,False,[],False,True,lanota,False,
quon,Quon,66,0,PST,assets/songs/quon/0.aff,assets/songs/quon/base.ogg,False,False,[],False,True,lanota,False,
quon,Quon,66,1,PRS,assets/songs/quon/1.aff,assets/songs/quon/base.ogg,False,False,[],False,True,lanota,False,
quon,Quon,66,2,FTR,assets/songs/quon/2.aff,assets/songs/quon/base.ogg,False,False,[],False,True,lanota,False,
syro,Syro,67,0,PST,assets/songs/syro/0.aff,assets/songs/syro/base.ogg,False,False,[],False,True,,True,
syro,Syro,67,1,PRS,assets/songs/syro/1.aff,assets/songs/syro/base.ogg,False,False,[],False,True,,True,
syro,Syro,67,2,FTR,assets/songs/syro/2.aff,assets/songs/syro/base.ogg,False,False,[],False,True,,True,
reinvent,Reinvent,68,0,PST,assets/songs/reinvent/0.aff,assets/songs/reinvent/base.ogg,True,True,[],True,False,,False,
reinvent,Reinvent,68,1,PRS,assets/songs/reinvent/1.aff,assets/songs/reinvent/base.ogg,True,True,[],True,False,,False,
reinvent,Reinvent,68,2,FTR,assets/songs/reinvent/2.aff,assets/songs/reinvent/base.ogg,True,True,[],True,False,,False,
silentrush,Silent Rush,69,0,PST,assets/songs/silentrush/0.aff,assets/songs/silentrush/base.ogg,False,False,[],False,True,nijuusei,False,
silentrush,Silent Rush,69,1,PRS,assets/songs/silentrush/1.aff,assets/songs/silentrush/base.ogg,False,False,[],False,True,nijuusei,False,
silentrush,Silent Rush,69,2,FTR,assets/songs/silentrush/2.aff,assets/songs/silentrush/base.ogg,False,False,[],False,True,nijuusei,False,
singularity,Singularity,70,0,PST,assets/songs/singularity/0.aff,assets/songs/singularity/base.ogg,False,False,[],False,True,nijuusei,False,
singularity,Singularity,70,1,PRS,assets/songs/singularity/1.aff,assets/songs/singularity/base.ogg,False,False,[],False,True,nijuusei,False,
singularity,Singularity,70,2,FTR,assets/songs/singularity/2.aff,assets/songs/singularity/base.ogg,False,False,[],False,True,nijuusei,False,
singularity,Singularity,70,3,BYD,assets/songs/singularity/3.aff,assets/songs/singularity/3.ogg,False,False,[],False,True,nijuusei,False,
memoryforest,Memory Forest,71,0,PST,assets/songs/memoryforest/0.aff,assets/songs/memoryforest/base.ogg,False,False,[],False,True,nijuusei,False,
memoryforest,Memory Forest,71,1,PRS,assets/songs/memoryforest/1.aff,assets/songs/memoryforest/base.ogg,False,False,[],False,True,nijuusei,False,
memoryforest,Memory Forest,71,2,FTR,assets/songs/memoryforest/2.aff,assets/songs/memoryforest/base.ogg,False,False,[],False,True,nijuusei,False,
strongholds,Strongholds,72,0,PST,assets/songs/strongholds/0.aff,assets/songs/strongholds/base.ogg,False,False,[],False,True,nijuusei,False,
strongholds,Strongholds,72,1,PRS,assets/songs/strongholds/1.aff,assets/songs/strongholds/base.ogg,False,False,[],False,True,nijuusei,False,
strongholds,Strongholds,72,2,FTR,assets/songs/strongholds/2.aff,assets/songs/strongholds/base.ogg,False,False,[],False,True,nijuusei,False,
nexttoyou,next to you,73,0,PST,assets/songs/nexttoyou/0.aff,assets/songs/nexttoyou/base.ogg,False,False,[],False,True,nijuusei,False,
nexttoyou,next to you,73,1,PRS,assets/songs/nexttoyou/1.aff,assets/songs/nexttoyou/base.ogg,False,False,[],False,True,nijuusei,False,
nexttoyou,next to you,73,2,FTR,assets/songs/nexttoyou/2.aff,assets/songs/nexttoyou/base.ogg,False,False,[],False,True,nijuusei,False,
nexttoyou,next to you,73,3,BYD,assets/songs/nexttoyou/3.aff,assets/songs/nexttoyou/base.ogg,False,False,[],False,True,nijuusei,False,
metallicpunisher,Metallic Punisher,74,0,PST,assets/songs/metallicpunisher/0.aff,assets/songs/metallicpunisher/base.ogg,False,False,[],False,True,metallicpunisher,False,
metallicpunisher,Metallic Punisher,74,1,PRS,assets/songs/metallicpunisher/1.aff,assets/songs/metallicpunisher/base.ogg,False,False,[],False,True,metallicpunisher,False,
metallicpunisher,Metallic Punisher,74,2,FTR,assets/songs/metallicpunisher/2.aff,assets/songs/metallicpunisher/base.ogg,False,False,[],False,True,metallicpunisher,False,
blaster,Blaster,75,0,PST,assets/songs/blaster/0.aff,assets/songs/blaster/base.ogg,False,False,[],False,True,,True,
blaster,Blaster,75,1,PRS,assets/songs/blaster/1.aff,assets/songs/blaster/base.ogg,False,False,[],False,True,,True,
blaster,Blaster,75,2,FTR,assets/songs/blaster/2.aff,assets/songs/blaster/base.ogg,False,False,[],False,True,,True,
guardina,γuarδina,76,0,PST,assets/songs/guardina/0.aff,assets/songs/guardina/base.ogg,False,False,[],False,True,dynamix,True,
guardina,γuarδina,76,1,PRS,assets/songs/guardina/1.aff,assets/songs/guardina/base.ogg,False,False,[],False,True,dynamix,True,
guardina,γuarδina,76,2,FTR,assets/songs/guardina/2.aff,assets/songs/guardina/base.ogg,False,False,[],False,True,dynamix,True,
carminescythe,carmine:scythe,77,0,PST,assets/songs/carminescythe/0.aff,assets/songs/carminescythe/base.ogg,False,False,[],False,True,carminescythe,False,
carminescythe,carmine:scythe,77,1,PRS,assets/songs/carminescythe/1.aff,assets/songs/carminescythe/base.ogg,False,False,[],False,True,carminescythe,False,
carminescythe,carmine:scythe,77,2,FTR,assets/songs/carminescythe/2.aff,assets/songs/carminescythe/base.ogg,False,False,[],False,True,carminescythe,False,
bethere,Be There,78,0,PST,assets/songs/bethere/0.aff,assets/songs/bethere/base.ogg,False,False,[],False,True,bethere,False,
bethere,Be There,78,1,PRS,assets/songs/bethere/1.aff,assets/songs/bethere/base.ogg,False,False,[],False,True,bethere,False,
bethere,Be There,78,2,FTR,assets/songs/bethere/2.aff,assets/songs/bethere/base.ogg,False,False,[],False,True,bethere,False,
bethere,Be There,78,3,BYD,assets/songs/bethere/3.aff,assets/songs/bethere/base.ogg,False,False,[],False,True,bethere,False,
cyberneciacatharsis,Cybernecia Catharsis,79,0,PST,assets/songs/cyberneciacatharsis/0.aff,assets/songs/cyberneciacatharsis/base.ogg,False,False,[],False,True,,True,
cyberneciacatharsis,Cybernecia Catharsis,79,1,PRS,assets/songs/cyberneciacatharsis/1.aff,assets/songs/cyberneciacatharsis/base.ogg,False,False,[],False,True,,True,
cyberneciacatharsis,Cybernecia Catharsis,79,2,FTR,assets/songs/cyberneciacatharsis/2.aff,assets/songs/cyberneciacatharsis/base.ogg,False,False,[],False,True,,True,
cyberneciacatharsis,Cybernecia Catharsis,79,3,BYD,assets/songs/cyberneciacatharsis/3.aff,assets/songs/cyberneciacatharsis/base.ogg,False,False,[],False,True,,True,
callmyname,Call My Name feat. Yukacco,80,0,PST,assets/songs/callmyname/0.aff,assets/songs/callmyname/base.ogg,False,False,[],False,True,callmyname,False,
callmyname,Call My Name feat. Yukacco,80,1,PRS,assets/songs/callmyname/1.aff,assets/songs/callmyname/base.ogg,False,False,[],False,True,callmyname,False,
callmyname,Call My Name feat. Yukacco,80,2,FTR,assets/songs/callmyname/2.aff,assets/songs/callmyname/base.ogg,False,False,[],False,True,callmyname,False,
inkarusi,inkar-usi,81,0,PST,assets/songs/inkarusi/0.aff,assets/songs/inkarusi/base.ogg,True,True,[],True,False,,False,
inkarusi,inkar-usi,81,1,PRS,assets/songs/inkarusi/1.aff,assets/songs/inkarusi/base.ogg,True,True,[],True,False,,False,
inkarusi,inkar-usi,81,2,FTR,assets/songs/inkarusi/2.aff,assets/songs/inkarusi/base.ogg,True,True,[],True,False,,False,
inkarusi,inkar-usi,81,3,BYD,assets/songs/inkarusi/3.aff,assets/songs/inkarusi/base.ogg,False,True,[],False,False,,False,
mazenine,Maze No.9,82,0,PST,assets/songs/mazenine/0.aff,assets/songs/mazenine/base.ogg,False,False,[],False,True,rei,False,
mazenine,Maze No.9,82,1,PRS,assets/songs/mazenine/1.aff,assets/songs/mazenine/base.ogg,False,False,[],False,True,rei,False,
mazenine,Maze No.9,82,2,FTR,assets/songs/mazenine/2.aff,assets/songs/mazenine/base.ogg,False,False,[],False,True,rei,False,
themessage,The Message,83,0,PST,assets/songs/themessage/0.aff,assets/songs/themessage/base.ogg,False,False,[],False,True,rei,False,
themessage,The Message,83,1,PRS,assets/songs/themessage/1.aff,assets/songs/themessage/base.ogg,False,False,[],False,True,rei,False,
themessage,The Message,83,2,FTR,assets/songs/themessage/2.aff,assets/songs/themessage/base.ogg,False,False,[],False,True,rei,False,
sulfur,Sulfur,84,0,PST,assets/songs/sulfur/0.aff,assets/songs/sulfur/base.ogg,False,False,[],False,True,rei,False,
sulfur,Sulfur,84,1,PRS,assets/songs/sulfur/1.aff,assets/songs/sulfur/base.ogg,False,False,[],False,True,rei,False,
sulfur,Sulfur,84,2,FTR,assets/songs/sulfur/2.aff,assets/songs/sulfur/base.ogg,False,False,[],False,True,rei,False,
halcyon,Halcyon,85,0,PST,assets/songs/halcyon/0.aff,assets/songs/halcyon/base.ogg,False,False,[],False,True,rei,False,
halcyon,Halcyon,85,1,PRS,assets/songs/halcyon/1.aff,assets/songs/halcyon/base.ogg,False,False,[],False,True,rei,False,
halcyon,Halcyon,85,2,FTR,assets/songs/halcyon/2.aff,assets/songs/halcyon/base.ogg,False,False,[],False,True,rei,False,
etherstrike,Ether Strike,86,0,PST,assets/songs/etherstrike/0.aff,assets/songs/etherstrike/base.ogg,False,False,[],False,True,rei,False,
etherstrike,Ether Strike,86,1,PRS,assets/songs/etherstrike/1.aff,assets/songs/etherstrike/base.ogg,False,False,[],False,True,rei,False,
etherstrike,Ether Strike,86,2,FTR,assets/songs/etherstrike/2.aff,assets/songs/etherstrike/base.ogg,False,False,[],False,True,rei,False,
fractureray,Fracture Ray,87,0,PST,assets/songs/fractureray/0.aff,assets/songs/fractureray/base.ogg,False,False,[],False,True,rei,False,
fractureray,Fracture Ray,87,1,PRS,assets/songs/fractureray/1.aff,assets/songs/fractureray/base.ogg,False,False,[],False,True,rei,False,
fractureray,Fracture Ray,87,2,FTR,assets/songs/fractureray/2.aff,assets/songs/fractureray/base.ogg,False,False,[],False,True,rei,False,
suomi,Suomi,88,0,PST,assets/songs/suomi/0.aff,assets/songs/suomi/base.ogg,False,False,[],False,True,,True,
suomi,Suomi,88,1,PRS,assets/songs/suomi/1.aff,assets/songs/suomi/base.ogg,False,False,[],False,True,,True,
suomi,Suomi,88,2,FTR,assets/songs/suomi/2.aff,assets/songs/suomi/base.ogg,False,False,[],False,True,,True,
suomi,Suomi,88,4,ETR,assets/songs/suomi/4.aff,assets/songs/suomi/base.ogg,False,False,[],False,True,,True,
bookmaker,Bookmaker (2D Version),89,0,PST,assets/songs/bookmaker/0.aff,assets/songs/bookmaker/base.ogg,False,False,[],False,True,,True,
bookmaker,Bookmaker (2D Version),89,1,PRS,assets/songs/bookmaker/1.aff,assets/songs/bookmaker/base.ogg,False,False,[],False,True,,True,
bookmaker,Bookmaker (2D Version),89,2,FTR,assets/songs/bookmaker/2.aff,assets/songs/bookmaker/base.ogg,False,False,[],False,True,,True,
bookmaker,Bookmaker (2D Version),89,3,BYD,assets/songs/bookmaker/3.aff,assets/songs/bookmaker/base.ogg,False,False,[],False,True,,True,
darakunosono,Illegal Paradise,90,0,PST,assets/songs/darakunosono/0.aff,assets/songs/darakunosono/base.ogg,False,False,[],False,True,,True,
darakunosono,Illegal Paradise,90,1,PRS,assets/songs/darakunosono/1.aff,assets/songs/darakunosono/base.ogg,False,False,[],False,True,,True,
darakunosono,Illegal Paradise,90,2,FTR,assets/songs/darakunosono/2.aff,assets/songs/darakunosono/base.ogg,False,False,[],False,True,,True,
dropdead,dropdead,91,0,PST,assets/songs/dropdead/0.aff,assets/songs/dropdead/base.ogg,False,False,[],False,True,dropdead,False,
dropdead,dropdead,91,1,PRS,assets/songs/dropdead/1.aff,assets/songs/dropdead/base.ogg,False,False,[],False,True,dropdead,False,
dropdead,dropdead,91,2,FTR,assets/songs/dropdead/2.aff,assets/songs/dropdead/base.ogg,False,False,[],False,True,dropdead,False,
dropdead,dropdead,91,3,BYD,assets/songs/dropdead/3.aff,assets/songs/dropdead/3.ogg,False,False,[],False,True,dropdead,False,
fallensquare,Fallensquare,92,0,PST,assets/songs/fallensquare/0.aff,assets/songs/fallensquare/base.ogg,False,False,[],False,True,fallensquare,False,
fallensquare,Fallensquare,92,1,PRS,assets/songs/fallensquare/1.aff,assets/songs/fallensquare/base.ogg,False,False,[],False,True,fallensquare,False,
fallensquare,Fallensquare,92,2,FTR,assets/songs/fallensquare/2.aff,assets/songs/fallensquare/base.ogg,False,False,[],False,True,fallensquare,False,
nhelv,Nhelv,93,0,PST,assets/songs/nhelv/0.aff,assets/songs/nhelv/base.ogg,False,False,[],False,True,,True,
nhelv,Nhelv,93,1,PRS,assets/songs/nhelv/1.aff,assets/songs/nhelv/base.ogg,False,False,[],False,True,,True,
nhelv,Nhelv,93,2,FTR,assets/songs/nhelv/2.aff,assets/songs/nhelv/base.ogg,False,False,[],False,True,,True,
nhelv,Nhelv,93,3,BYD,assets/songs/nhelv/3.aff,assets/songs/nhelv/base.ogg,False,False,[],False,True,,True,difficulty
espebranch,LunarOrbit -believe in the Espebranch road-,94,0,PST,assets/songs/espebranch/0.aff,assets/songs/espebranch/base.ogg,False,False,[],False,True,,True,
espebranch,LunarOrbit -believe in the Espebranch road-,94,1,PRS,assets/songs/espebranch/1.aff,assets/songs/espebranch/base.ogg,False,False,[],False,True,,True,
espebranch,LunarOrbit -believe in the Espebranch road-,94,2,FTR,assets/songs/espebranch/2.aff,assets/songs/espebranch/base.ogg,False,False,[],False,True,,True,
purgatorium,Purgatorium,95,0,PST,assets/songs/purgatorium/0.aff,assets/songs/purgatorium/base.ogg,True,True,[],True,False,,False,
purgatorium,Purgatorium,95,1,PRS,assets/songs/purgatorium/1.aff,assets/songs/purgatorium/base.ogg,True,True,[],True,False,,False,
purgatorium,Purgatorium,95,2,FTR,assets/songs/purgatorium/2.aff,assets/songs/purgatorium/base.ogg,True,True,[],True,False,,False,
purgatorium,Purgatorium,95,3,BYD,assets/songs/purgatorium/3.aff,assets/songs/purgatorium/base.ogg,False,True,[],False,False,,False,
hikari,Hikari,96,0,PST,assets/songs/hikari/0.aff,assets/songs/hikari/base.ogg,False,False,[],False,True,tonesphere,False,
hikari,Hikari,96,1,PRS,assets/songs/hikari/1.aff,assets/songs/hikari/base.ogg,False,False,[],False,True,tonesphere,False,
hikari,Hikari,96,2,FTR,assets/songs/hikari/2.aff,assets/songs/hikari/base.ogg,False,False,[],False,True,tonesphere,False,
stager,STAGER (ALL STAGE CLEAR),97,0,PST,assets/songs/stager/0.aff,assets/songs/stager/base.ogg,False,False,[],False,True,tonesphere,False,
stager,STAGER (ALL STAGE CLEAR),97,1,PRS,assets/songs/stager/1.aff,assets/songs/stager/base.ogg,False,False,[],False,True,tonesphere,False,
stager,STAGER (ALL STAGE CLEAR),97,2,FTR,assets/songs/stager/2.aff,assets/songs/stager/base.ogg,False,False,[],False,True,tonesphere,False,
hallofmirrors,Hall of Mirrors,98,0,PST,assets/songs/hallofmirrors/0.aff,assets/songs/hallofmirrors/base.ogg,False,False,[],False,True,tonesphere,False,
hallofmirrors,Hall of Mirrors,98,1,PRS,assets/songs/hallofmirrors/1.aff,assets/songs/hallofmirrors/base.ogg,False,False,[],False,True,tonesphere,False,
hallofmirrors,Hall of Mirrors,98,2,FTR,assets/songs/hallofmirrors/2.aff,assets/songs/hallofmirrors/base.ogg,False,False,[],False,True,tonesphere,False,
linearaccelerator,Linear Accelerator,99,0,PST,assets/songs/linearaccelerator/0.aff,assets/songs/linearaccelerator/base.ogg,False,False,[],False,True,tonesphere,False,
linearaccelerator,Linear Accelerator,99,1,PRS,assets/songs/linearaccelerator/1.aff,assets/songs/linearaccelerator/base.ogg,False,False,[],False,True,tonesphere,False,
linearaccelerator,Linear Accelerator,99,2,FTR,assets/songs/linearaccelerator/2.aff,assets/songs/linearaccelerator/base.ogg,False,False,[],False,True,tonesphere,False,
tiferet,Tiferet,100,0,PST,assets/songs/tiferet/0.aff,assets/songs/tiferet/base.ogg,False,False,[],False,True,tonesphere,False,
tiferet,Tiferet,100,1,PRS,assets/songs/tiferet/1.aff,assets/songs/tiferet/base.ogg,False,False,[],False,True,tonesphere,False,
tiferet,Tiferet,100,2,FTR,assets/songs/tiferet/2.aff,assets/songs/tiferet/base.ogg,False,False,[],False,True,tonesphere,False,
alexandrite,Alexandrite,101,0,PST,assets/songs/alexandrite/0.aff,assets/songs/alexandrite/base.ogg,False,False,[],False,True,alexandrite,False,
alexandrite,Alexandrite,101,1,PRS,assets/songs/alexandrite/1.aff,assets/songs/alexandrite/base.ogg,False,False,[],False,True,alexandrite,False,
alexandrite,Alexandrite,101,2,FTR,assets/songs/alexandrite/2.aff,assets/songs/alexandrite/base.ogg,False,False,[],False,True,alexandrite,False,
rugie,Rugie,102,0,PST,assets/songs/rugie/0.aff,assets/songs/rugie/base.ogg,False,False,[],False,True,,True,
rugie,Rugie,102,1,PRS,assets/songs/rugie/1.aff,assets/songs/rugie/base.ogg,False,False,[],False,True,,True,
rugie,Rugie,102,2,FTR,assets/songs/rugie/2.aff,assets/songs/rugie/base.ogg,False,False,[],False,True,,True,
astraltale,Astral tale,103,0,PST,assets/songs/astraltale/0.aff,assets/songs/astraltale/base.ogg,False,False,[],False,True,astraltale,False,
astraltale,Astral tale,103,1,PRS,assets/songs/astraltale/1.aff,assets/songs/astraltale/base.ogg,False,False,[],False,True,astraltale,False,
astraltale,Astral tale,103,2,FTR,assets/songs/astraltale/2.aff,assets/songs/astraltale/base.ogg,False,False,[],False,True,astraltale,False,
phantasia,Phantasia,104,0,PST,assets/songs/phantasia/0.aff,assets/songs/phantasia/base.ogg,False,False,[],False,True,phantasia,False,
phantasia,Phantasia,104,1,PRS,assets/songs/phantasia/1.aff,assets/songs/phantasia/base.ogg,False,False,[],False,True,phantasia,False,
phantasia,Phantasia,104,2,FTR,assets/songs/phantasia/2.aff,assets/songs/phantasia/base.ogg,False,False,[],False,True,phantasia,False,
empireofwinter,Empire of Winter,105,0,PST,assets/songs/empireofwinter/0.aff,assets/songs/empireofwinter/base.ogg,False,False,[],False,True,empireofwinter,False,
empireofwinter,Empire of Winter,105,1,PRS,assets/songs/empireofwinter/1.aff,assets/songs/empireofwinter/base.ogg,False,False,[],False,True,empireofwinter,False,
empireofwinter,Empire of Winter,105,2,FTR,assets/songs/empireofwinter/2.aff,assets/songs/empireofwinter/base.ogg,False,False,[],False,True,empireofwinter,False,
merlin,MERLIN,106,0,PST,assets/songs/merlin/0.aff,assets/songs/merlin/base.ogg,False,False,[],False,True,groovecoaster,False,
merlin,MERLIN,106,1,PRS,assets/songs/merlin/1.aff,assets/songs/merlin/base.ogg,False,False,[],False,True,groovecoaster,False,
merlin,MERLIN,106,2,FTR,assets/songs/merlin/2.aff,assets/songs/merlin/base.ogg,False,False,[],False,True,groovecoaster,False,
merlin,MERLIN,106,3,BYD,assets/songs/merlin/3.aff,assets/songs/merlin/base.ogg,False,False,[],False,True,groovecoaster,False,
dxfullmetal,DX Choseinou Full Metal Shojo,107,0,PST,assets/songs/dxfullmetal/0.aff,assets/songs/dxfullmetal/base.ogg,False,False,[],False,True,groovecoaster,False,
dxfullmetal,DX Choseinou Full Metal Shojo,107,1,PRS,assets/songs/dxfullmetal/1.aff,assets/songs/dxfullmetal/base.ogg,False,False,[],False,True,groovecoaster,False,
dxfullmetal,DX Choseinou Full Metal Shojo,107,2,FTR,assets/songs/dxfullmetal/2.aff,assets/songs/dxfullmetal/base.ogg,False,False,[],False,True,groovecoaster,False,
omakeno,OMAKENO Stroke,108,0,PST,assets/songs/omakeno/0.aff,assets/songs/omakeno/base.ogg,False,False,[],False,True,groovecoaster,False,
omakeno,OMAKENO Stroke,108,1,PRS,assets/songs/omakeno/1.aff,assets/songs/omakeno/base.ogg,False,False,[],False,True,groovecoaster,False,
omakeno,OMAKENO Stroke,108,2,FTR,assets/songs/omakeno/2.aff,assets/songs/omakeno/base.ogg,False,False,[],False,True,groovecoaster,False,
omakeno,OMAKENO Stroke,108,3,BYD,assets/songs/omakeno/3.aff,assets/songs/omakeno/base.ogg,False,False,[],False,True,groovecoaster,False,
scarletlance,Scarlet Lance,109,0,PST,assets/songs/scarletlance/0.aff,assets/songs/scarletlance/base.ogg,False,False,[],False,True,groovecoaster,False,
scarletlance,Scarlet Lance,109,1,PRS,assets/songs/scarletlance/1.aff,assets/songs/scarletlance/base.ogg,False,False,[],False,True,groovecoaster,False,
scarletlance,Scarlet Lance,109,2,FTR,assets/songs/scarletlance/2.aff,assets/songs/scarletlance/base.ogg,False,False,[],False,True,groovecoaster,False,
ouroboros,ouroboros -twin stroke of the end-,110,0,PST,assets/songs/ouroboros/0.aff,assets/songs/ouroboros/base.ogg,False,False,[],False,True,groovecoaster,False,
ouroboros,ouroboros -twin stroke of the end-,110,1,PRS,assets/songs/ouroboros/1.aff,assets/songs/ouroboros/base.ogg,False,False,[],False,True,groovecoaster,False,
ouroboros,ouroboros -twin stroke of the end-,110,2,FTR,assets/songs/ouroboros/2.aff,assets/songs/ouroboros/base.ogg,False,False,[],False,True,groovecoaster,False,
libertas,Libertas,111,0,PST,assets/songs/libertas/0.aff,assets/songs/libertas/base.ogg,False,False,[],False,True,libertas,False,
libertas,Libertas,111,1,PRS,assets/songs/libertas/1.aff,assets/songs/libertas/base.ogg,False,False,[],False,True,libertas,False,
libertas,Libertas,111,2,FTR,assets/songs/libertas/2.aff,assets/songs/libertas/base.ogg,False,False,[],False,True,libertas,False,
libertas,Libertas,111,3,BYD,assets/songs/libertas/3.aff,assets/songs/libertas/base.ogg,False,False,[],False,True,libertas,False,
solitarydream,Solitary Dream,112,0,PST,assets/songs/solitarydream/0.aff,assets/songs/solitarydream/base.ogg,False,False,[],False,True,core,True,
solitarydream,Solitary Dream,112,1,PRS,assets/songs/solitarydream/1.aff,assets/songs/solitarydream/base.ogg,False,False,[],False,True,core,True,
solitarydream,Solitary Dream,112,2,FTR,assets/songs/solitarydream/2.aff,assets/songs/solitarydream/base.ogg,False,False,[],False,True,core,True,
antithese,Antithese,113,0,PST,assets/songs/antithese/0.aff,assets/songs/antithese/base.ogg,False,False,[],False,True,zettai,False,
antithese,Antithese,113,1,PRS,assets/songs/antithese/1.aff,assets/songs/antithese/base.ogg,False,False,[],False,True,zettai,False,
antithese,Antithese,113,2,FTR,assets/songs/antithese/2.aff,assets/songs/antithese/base.ogg,False,False,[],False,True,zettai,False,
antithese,Antithese,113,3,BYD,assets/songs/antithese/3.aff,assets/songs/antithese/base.ogg,False,False,[],False,True,zettai,False,difficulty
corruption,Corruption,114,0,PST,assets/songs/corruption/0.aff,assets/songs/corruption/base.ogg,False,False,[],False,True,zettai,False,
corruption,Corruption,114,1,PRS,assets/songs/corruption/1.aff,assets/songs/corruption/base.ogg,False,False,[],False,True,zettai,False,
corruption,Corruption,114,2,FTR,assets/songs/corruption/2.aff,assets/songs/corruption/base.ogg,False,False,[],False,True,zettai,False,
blackterritory,Black Territory,115,0,PST,assets/songs/blackterritory/0.aff,assets/songs/blackterritory/base.ogg,False,False,[],False,True,zettai,False,
blackterritory,Black Territory,115,1,PRS,assets/songs/blackterritory/1.aff,assets/songs/blackterritory/base.ogg,False,False,[],False,True,zettai,False,
blackterritory,Black Territory,115,2,FTR,assets/songs/blackterritory/2.aff,assets/songs/blackterritory/base.ogg,False,False,[],False,True,zettai,False,
viciousheroism,Vicious Heroism,116,0,PST,assets/songs/viciousheroism/0.aff,assets/songs/viciousheroism/base.ogg,False,False,[],False,True,zettai,False,
viciousheroism,Vicious Heroism,116,1,PRS,assets/songs/viciousheroism/1.aff,assets/songs/viciousheroism/base.ogg,False,False,[],False,True,zettai,False,
viciousheroism,Vicious Heroism,116,2,FTR,assets/songs/viciousheroism/2.aff,assets/songs/viciousheroism/base.ogg,False,False,[],False,True,zettai,False,
viciousheroism,Vicious Heroism,116,3,BYD,assets/songs/viciousheroism/3.aff,assets/songs/viciousheroism/3.ogg,False,False,[],False,True,zettai,False,difficulty
cyaegha,Cyaegha,117,0,PST,assets/songs/cyaegha/0.aff,assets/songs/cyaegha/base.ogg,False,False,[],False,True,zettai,False,
cyaegha,Cyaegha,117,1,PRS,assets/songs/cyaegha/1.aff,assets/songs/cyaegha/base.ogg,False,False,[],False,True,zettai,False,
cyaegha,Cyaegha,117,2,FTR,assets/songs/cyaegha/2.aff,assets/songs/cyaegha/base.ogg,False,False,[],False,True,zettai,False,
revixy,ReviXy,118,0,PST,assets/songs/revixy/0.aff,assets/songs/revixy/base.ogg,False,False,[],False,True,,True,
revixy,ReviXy,118,1,PRS,assets/songs/revixy/1.aff,assets/songs/revixy/base.ogg,False,False,[],False,True,,True,
revixy,ReviXy,118,2,FTR,assets/songs/revixy/2.aff,assets/songs/revixy/base.ogg,False,False,[],False,True,,True,
grimheart,Grimheart,119,0,PST,assets/songs/grimheart/0.aff,assets/songs/grimheart/base.ogg,True,True,[],True,False,,False,
grimheart,Grimheart,119,1,PRS,assets/songs/grimheart/1.aff,assets/songs/grimheart/base.ogg,True,True,[],True,False,,False,
grimheart,Grimheart,119,2,FTR,assets/songs/grimheart/2.aff,assets/songs/grimheart/base.ogg,True,True,[],True,False,,False,
vector,VECTOЯ,120,0,PST,assets/songs/vector/0.aff,assets/songs/vector/base.ogg,False,False,[],False,True,,True,
vector,VECTOЯ,120,1,PRS,assets/songs/vector/1.aff,assets/songs/vector/base.ogg,False,False,[],False,True,,True,
vector,VECTOЯ,120,2,FTR,assets/songs/vector/2.aff,assets/songs/vector/base.ogg,False,False,[],False,True,,True,
supernova,SUPERNOVA,121,0,PST,assets/songs/supernova/0.aff,assets/songs/supernova/base.ogg,False,False,[],False,True,,True,
supernova,SUPERNOVA,121,1,PRS,assets/songs/supernova/1.aff,assets/songs/supernova/base.ogg,False,False,[],False,True,,True,
supernova,SUPERNOVA,121,2,FTR,assets/songs/supernova/2.aff,assets/songs/supernova/base.ogg,False,False,[],False,True,,True,
dottodot,Dot to Dot feat. shully,122,0,PST,assets/songs/dottodot/0.aff,assets/songs/dottodot/base.ogg,False,False,[],False,True,dottodot,False,
dottodot,Dot to Dot feat. shully,122,1,PRS,assets/songs/dottodot/1.aff,assets/songs/dottodot/base.ogg,False,False,[],False,True,dottodot,False,
dottodot,Dot to Dot feat. shully,122,2,FTR,assets/songs/dottodot/2.aff,assets/songs/dottodot/base.ogg,False,False,[],False,True,dottodot,False,
garakuta,Garakuta Doll Play,123,0,PST,assets/songs/garakuta/0.aff,assets/songs/garakuta/base.ogg,False,False,[],False,True,chunithm,False,
garakuta,Garakuta Doll Play,123,1,PRS,assets/songs/garakuta/1.aff,assets/songs/garakuta/base.ogg,False,False,[],False,True,chunithm,False,
garakuta,Garakuta Doll Play,123,2,FTR,assets/songs/garakuta/2.aff,assets/songs/garakuta/base.ogg,False,False,[],False,True,chunithm,False,
ikazuchi,Ikazuchi,124,0,PST,assets/songs/ikazuchi/0.aff,assets/songs/ikazuchi/base.ogg,False,False,[],False,True,chunithm,False,
ikazuchi,Ikazuchi,124,1,PRS,assets/songs/ikazuchi/1.aff,assets/songs/ikazuchi/base.ogg,False,False,[],False,True,chunithm,False,
ikazuchi,Ikazuchi,124,2,FTR,assets/songs/ikazuchi/2.aff,assets/songs/ikazuchi/base.ogg,False,False,[],False,True,chunithm,False,
worldvanquisher,World Vanquisher,125,0,PST,assets/songs/worldvanquisher/0.aff,assets/songs/worldvanquisher/base.ogg,False,False,[],False,True,chunithm,True,
worldvanquisher,World Vanquisher,125,1,PRS,assets/songs/worldvanquisher/1.aff,assets/songs/worldvanquisher/base.ogg,False,False,[],False,True,chunithm,True,
worldvanquisher,World Vanquisher,125,2,FTR,assets/songs/worldvanquisher/2.aff,assets/songs/worldvanquisher/base.ogg,False,False,[],False,True,chunithm,True,
dreadnought,Dreadnought,126,0,PST,assets/songs/dreadnought/0.aff,assets/songs/dreadnought/base.ogg,False,False,[],False,True,dreadnought,False,
dreadnought,Dreadnought,126,1,PRS,assets/songs/dreadnought/1.aff,assets/songs/dreadnought/base.ogg,False,False,[],False,True,dreadnought,False,
dreadnought,Dreadnought,126,2,FTR,assets/songs/dreadnought/2.aff,assets/songs/dreadnought/base.ogg,False,False,[],False,True,dreadnought,False,
vindication,Vindication,128,0,PST,assets/songs/vindication/0.aff,assets/songs/vindication/base.ogg,False,False,[],False,True,prelude,False,
vindication,Vindication,128,1,PRS,assets/songs/vindication/1.aff,assets/songs/vindication/base.ogg,False,False,[],False,True,prelude,False,
vindication,Vindication,128,2,FTR,assets/songs/vindication/2.aff,assets/songs/vindication/base.ogg,False,False,[],False,True,prelude,False,
heavensdoor,Heavensdoor,129,0,PST,assets/songs/heavensdoor/0.aff,assets/songs/heavensdoor/base.ogg,False,False,[],False,True,prelude,False,
heavensdoor,Heavensdoor,129,1,PRS,assets/songs/heavensdoor/1.aff,assets/songs/heavensdoor/base.ogg,False,False,[],False,True,prelude,False,
heavensdoor,Heavensdoor,129,2,FTR,assets/songs/heavensdoor/2.aff,assets/songs/heavensdoor/base.ogg,False,False,[],False,True,prelude,False,
heavensdoor,Heavensdoor,129,3,BYD,assets/songs/heavensdoor/3.aff,assets/songs/heavensdoor/base.ogg,False,False,[],False,True,prelude,False,difficulty
ringedgenesis,Ringed Genesis,130,0,PST,assets/songs/ringedgenesis/0.aff,assets/songs/ringedgenesis/base.ogg,False,False,[],False,True,prelude,False,
ringedgenesis,Ringed Genesis,130,1,PRS,assets/songs/ringedgenesis/1.aff,assets/songs/ringedgenesis/base.ogg,False,False,[],False,True,prelude,False,
ringedgenesis,Ringed Genesis,130,2,FTR,assets/songs/ringedgenesis/2.aff,assets/songs/ringedgenesis/base.ogg,False,False,[],False,True,prelude,False,
chelsea,Chelsea,131,0,PST,assets/songs/chelsea/0.aff,assets/songs/chelsea/base.ogg,False,False,[],False,True,omatsuri,False,
chelsea,Chelsea,131,1,PRS,assets/songs/chelsea/1.aff,assets/songs/chelsea/base.ogg,False,False,[],False,True,omatsuri,False,
chelsea,Chelsea,131,2,FTR,assets/songs/chelsea/2.aff,assets/songs/chelsea/base.ogg,False,False,[],False,True,omatsuri,False,
aiueoon,AI[UE]OON,132,0,PST,assets/songs/aiueoon/0.aff,assets/songs/aiueoon/base.ogg,False,False,[],False,True,omatsuri,False,
aiueoon,AI[UE]OON,132,1,PRS,assets/songs/aiueoon/1.aff,assets/songs/aiueoon/base.ogg,False,False,[],False,True,omatsuri,False,
aiueoon,AI[UE]OON,132,2,FTR,assets/songs/aiueoon/2.aff,assets/songs/aiueoon/base.ogg,False,False,[],False,True,omatsuri,False,
melodyoflove,A Wandering Melody of Love,133,0,PST,assets/songs/melodyoflove/0.aff,assets/songs/melodyoflove/base.ogg,False,False,[],False,True,omatsuri,False,
melodyoflove,A Wandering Melody of Love,133,1,PRS,assets/songs/melodyoflove/1.aff,assets/songs/melodyoflove/base.ogg,False,False,[],False,True,omatsuri,False,
melodyoflove,A Wandering Melody of Love,133,2,FTR,assets/songs/melodyoflove/2.aff,assets/songs/melodyoflove/base.ogg,False,False,[],False,True,omatsuri,False,
tiemedowngently,Tie me down gently,134,0,PST,assets/songs/tiemedowngently/0.aff,assets/songs/tiemedowngently/base.ogg,False,False,[],False,True,omatsuri,False,
tiemedowngently,Tie me down gently,134,1,PRS,assets/songs/tiemedowngently/1.aff,assets/songs/tiemedowngently/base.ogg,False,False,[],False,True,omatsuri,False,
tiemedowngently,Tie me down gently,134,2,FTR,assets/songs/tiemedowngently/2.aff,assets/songs/tiemedowngently/base.ogg,False,False,[],False,True,omatsuri,False,
valhallazero,Valhalla:0,135,0,PST,assets/songs/valhallazero/0.aff,assets/songs/valhallazero/base.ogg,False,False,[],False,True,omatsuri,False,
valhallazero,Valhalla:0,135,1,PRS,assets/songs/valhallazero/1.aff,assets/songs/valhallazero/base.ogg,False,False,[],False,True,omatsuri,False,
valhallazero,Valhalla:0,135,2,FTR,assets/songs/valhallazero/2.aff,assets/songs/valhallazero/base.ogg,False,False,[],False,True,omatsuri,False,
mirzam,Mirzam,136,0,PST,assets/songs/mirzam/0.aff,assets/songs/mirzam/base.ogg,False,False,[],False,True,mirzam,False,
mirzam,Mirzam,136,1,PRS,assets/songs/mirzam/1.aff,assets/songs/mirzam/base.ogg,False,False,[],False,True,mirzam,False,
mirzam,Mirzam,136,2,FTR,assets/songs/mirzam/2.aff,assets/songs/mirzam/base.ogg,False,False,[],False,True,mirzam,False,
diode,Diode,137,0,PST,assets/songs/diode/0.aff,assets/songs/diode/base.ogg,False,False,[],False,True,,True,
diode,Diode,137,1,PRS,assets/songs/diode/1.aff,assets/songs/diode/base.ogg,False,False,[],False,True,,True,
diode,Diode,137,2,FTR,assets/songs/diode/2.aff,assets/songs/diode/base.ogg,False,False,[],False,True,,True,
freefall,FREEF4LL,138,0,PST,assets/songs/freefall/0.aff,assets/songs/freefall/base.ogg,False,False,[],False,True,,True,
freefall,FREEF4LL,138,1,PRS,assets/songs/freefall/1.aff,assets/songs/freefall/base.ogg,False,False,[],False,True,,True,
freefall,FREEF4LL,138,2,FTR,assets/songs/freefall/2.aff,assets/songs/freefall/base.ogg,False,False,[],False,True,,True,
freefall,FREEF4LL,138,3,BYD,assets/songs/freefall/3.aff,assets/songs/freefall/base.ogg,False,False,[],False,True,,True,
gloryroad,GLORY：ROAD,139,0,PST,assets/songs/gloryroad/0.aff,assets/songs/gloryroad/base.ogg,False,False,[],False,True,shiawase,True,
gloryroad,GLORY：ROAD,139,1,PRS,assets/songs/gloryroad/1.aff,assets/songs/gloryroad/base.ogg,False,False,[],False,True,shiawase,True,
gloryroad,GLORY：ROAD,139,2,FTR,assets/songs/gloryroad/2.aff,assets/songs/gloryroad/base.ogg,False,False,[],False,True,shiawase,True,
monochromeprincess,Monochrome Princess,140,0,PST,assets/songs/monochromeprincess/0.aff,assets/songs/monochromeprincess/base.ogg,False,False,[],False,True,,True,
monochromeprincess,Monochrome Princess,140,1,PRS,assets/songs/monochromeprincess/1.aff,assets/songs/monochromeprincess/base.ogg,False,False,[],False,True,,True,
monochromeprincess,Monochrome Princess,140,2,FTR,assets/songs/monochromeprincess/2.aff,assets/songs/monochromeprincess/base.ogg,False,False,[],False,True,,True,
heavenlycaress,Heavenly caress,141,0,PST,assets/songs/heavenlycaress/0.aff,assets/songs/heavenlycaress/base.ogg,False,False,[],False,True,heavenlycaress,False,
heavenlycaress,Heavenly caress,141,1,PRS,assets/songs/heavenlycaress/1.aff,assets/songs/heavenlycaress/base.ogg,False,False,[],False,True,heavenlycaress,False,
heavenlycaress,Heavenly caress,141,2,FTR,assets/songs/heavenlycaress/2.aff,assets/songs/heavenlycaress/base.ogg,False,False,[],False,True,heavenlycaress,False,
heavenlycaress,Heavenly caress,141,3,BYD,assets/songs/heavenlycaress/3.aff,assets/songs/heavenlycaress/base.ogg,False,False,[],False,True,heavenlycaress,False,
senkyou,Senkyou,142,0,PST,assets/songs/senkyou/0.aff,assets/songs/senkyou/base.ogg,True,True,[],True,False,,False,
senkyou,Senkyou,142,1,PRS,assets/songs/senkyou/1.aff,assets/songs/senkyou/base.ogg,True,True,[],True,False,,False,
senkyou,Senkyou,142,2,FTR,assets/songs/senkyou/2.aff,assets/songs/senkyou/base.ogg,True,True,[],True,False,,False,
filament,Filament,143,0,PST,assets/songs/filament/0.aff,assets/songs/filament/base.ogg,False,False,[],False,True,filament,False,
filament,Filament,143,1,PRS,assets/songs/filament/1.aff,assets/songs/filament/base.ogg,False,False,[],False,True,filament,False,
filament,Filament,143,2,FTR,assets/songs/filament/2.aff,assets/songs/filament/base.ogg,False,False,[],False,True,filament,False,
avantraze,Avant Raze,144,0,PST,assets/songs/avantraze/0.aff,assets/songs/avantraze/base.ogg,False,False,[],False,True,avantraze,False,
avantraze,Avant Raze,144,1,PRS,assets/songs/avantraze/1.aff,assets/songs/avantraze/base.ogg,False,False,[],False,True,avantraze,False,
avantraze,Avant Raze,144,2,FTR,assets/songs/avantraze/2.aff,assets/songs/avantraze/base.ogg,False,False,[],False,True,avantraze,False,
battlenoone,BATTLE NO.1,145,0,PST,assets/songs/battlenoone/0.aff,assets/songs/battlenoone/base.ogg,False,False,[],False,True,battlenoone,False,
battlenoone,BATTLE NO.1,145,1,PRS,assets/songs/battlenoone/1.aff,assets/songs/battlenoone/base.ogg,False,False,[],False,True,battlenoone,False,
battlenoone,BATTLE NO.1,145,2,FTR,assets/songs/battlenoone/2.aff,assets/songs/battlenoone/base.ogg,False,False,[],False,True,battlenoone,False,
laqryma,La'qryma of the Wasteland,146,0,PST,assets/songs/laqryma/0.aff,assets/songs/laqryma/base.ogg,False,False,[],False,True,laqryma,False,
laqryma,La'qryma of the Wasteland,146,1,PRS,assets/songs/laqryma/1.aff,assets/songs/laqryma/base.ogg,False,False,[],False,True,laqryma,False,
laqryma,La'qryma of the Wasteland,146,2,FTR,assets/songs/laqryma/2.aff,assets/songs/laqryma/base.ogg,False,False,[],False,True,laqryma,False,
laqryma,La'qryma of the Wasteland,146,3,BYD,assets/songs/laqryma/3.aff,assets/songs/laqryma/base.ogg,False,False,[],False,True,laqryma,False,
einherjar,Einherjar Joker,147,0,PST,assets/songs/einherjar/0.aff,assets/songs/einherjar/base.ogg,False,False,[],False,True,einherjar,False,
einherjar,Einherjar Joker,147,1,PRS,assets/songs/einherjar/1.aff,assets/songs/einherjar/base.ogg,False,False,[],False,True,einherjar,False,
einherjar,Einherjar Joker,147,2,FTR,assets/songs/einherjar/2.aff,assets/songs/einherjar/base.ogg,False,False,[],False,True,einherjar,False,
einherjar,Einherjar Joker,147,3,BYD,assets/songs/einherjar/3.aff,assets/songs/einherjar/base.ogg,False,False,[],False,True,einherjar,False,difficulty
izana,IZANA,148,0,PST,assets/songs/izana/0.aff,assets/songs/izana/base.ogg,False,False,[],False,True,izana,False,
izana,IZANA,148,1,PRS,assets/songs/izana/1.aff,assets/songs/izana/base.ogg,False,False,[],False,True,izana,False,
izana,IZANA,148,2,FTR,assets/songs/izana/2.aff,assets/songs/izana/base.ogg,False,False,[],False,True,izana,False,
saikyostronger,SAIKYO STRONGER,149,0,PST,assets/songs/saikyostronger/0.aff,assets/songs/saikyostronger/base.ogg,False,False,[],False,True,saikyostronger,False,
saikyostronger,SAIKYO STRONGER,149,1,PRS,assets/songs/saikyostronger/1.aff,assets/songs/saikyostronger/base.ogg,False,False,[],False,True,saikyostronger,False,
saikyostronger,SAIKYO STRONGER,149,2,FTR,assets/songs/saikyostronger/2.aff,assets/songs/saikyostronger/base.ogg,False,False,[],False,True,saikyostronger,False,
worldexecuteme,world.execute(me);,150,0,PST,assets/songs/worldexecuteme/0.aff,assets/songs/worldexecuteme/base.ogg,True,True,[],True,False,,False,
worldexecuteme,world.execute(me);,150,1,PRS,assets/songs/worldexecuteme/1.aff,assets/songs/worldexecuteme/base.ogg,True,True,[],True,False,,False,
worldexecuteme,world.execute(me);,150,2,FTR,assets/songs/worldexecuteme/2.aff,assets/songs/worldexecuteme/base.ogg,True,True,[],True,False,,False,
blrink,BLRINK,151,0,PST,assets/songs/blrink/0.aff,assets/songs/blrink/base.ogg,False,False,[],False,True,prelude,True,
blrink,BLRINK,151,1,PRS,assets/songs/blrink/1.aff,assets/songs/blrink/base.ogg,False,False,[],False,True,prelude,True,
blrink,BLRINK,151,2,FTR,assets/songs/blrink/2.aff,assets/songs/blrink/base.ogg,False,False,[],False,True,prelude,True,
oblivia,Oblivia,152,0,PST,assets/songs/oblivia/0.aff,assets/songs/oblivia/base.ogg,True,True,[],True,False,,False,
oblivia,Oblivia,152,1,PRS,assets/songs/oblivia/1.aff,assets/songs/oblivia/base.ogg,True,True,[],True,False,,False,
oblivia,Oblivia,152,2,FTR,assets/songs/oblivia/2.aff,assets/songs/oblivia/base.ogg,True,True,[],True,False,,False,
oblivia,Oblivia,152,3,BYD,assets/songs/oblivia/3.aff,assets/songs/oblivia/base.ogg,False,True,[],False,False,,False,
amygdata,amygdata,153,0,PST,assets/songs/amygdata/0.aff,assets/songs/amygdata/base.ogg,False,False,[],False,True,amygdata,False,
amygdata,amygdata,153,1,PRS,assets/songs/amygdata/1.aff,assets/songs/amygdata/base.ogg,False,False,[],False,True,amygdata,False,
amygdata,amygdata,153,2,FTR,assets/songs/amygdata/2.aff,assets/songs/amygdata/base.ogg,False,False,[],False,True,amygdata,False,
corpssansorganes,corps-sans-organes,154,0,PST,assets/songs/corpssansorganes/0.aff,assets/songs/corpssansorganes/base.ogg,False,False,[],False,True,mirai,True,
corpssansorganes,corps-sans-organes,154,1,PRS,assets/songs/corpssansorganes/1.aff,assets/songs/corpssansorganes/base.ogg,False,False,[],False,True,mirai,True,
corpssansorganes,corps-sans-organes,154,2,FTR,assets/songs/corpssansorganes/2.aff,assets/songs/corpssansorganes/base.ogg,False,False,[],False,True,mirai,True,
equilibrium,Equilibrium,155,0,PST,assets/songs/equilibrium/0.aff,assets/songs/equilibrium/base.ogg,False,False,[],False,True,vs,False,
equilibrium,Equilibrium,155,1,PRS,assets/songs/equilibrium/1.aff,assets/songs/equilibrium/base.ogg,False,False,[],False,True,vs,False,
equilibrium,Equilibrium,155,2,FTR,assets/songs/equilibrium/2.aff,assets/songs/equilibrium/base.ogg,False,False,[],False,True,vs,False,
antagonism,Antagonism,156,0,PST,assets/songs/antagonism/0.aff,assets/songs/antagonism/base.ogg,False,False,[],False,True,vs,False,
antagonism,Antagonism,156,1,PRS,assets/songs/antagonism/1.aff,assets/songs/antagonism/base.ogg,False,False,[],False,True,vs,False,
antagonism,Antagonism,156,2,FTR,assets/songs/antagonism/2.aff,assets/songs/antagonism/base.ogg,False,False,[],False,True,vs,False,
lostdesire,Lost Desire,157,0,PST,assets/songs/lostdesire/0.aff,assets/songs/lostdesire/base.ogg,False,False,[],False,True,vs,False,
lostdesire,Lost Desire,157,1,PRS,assets/songs/lostdesire/1.aff,assets/songs/lostdesire/base.ogg,False,False,[],False,True,vs,False,
lostdesire,Lost Desire,157,2,FTR,assets/songs/lostdesire/2.aff,assets/songs/lostdesire/base.ogg,False,False,[],False,True,vs,False,
dantalion,Dantalion,158,0,PST,assets/songs/dantalion/0.aff,assets/songs/dantalion/base.ogg,False,False,[],False,True,vs,False,
dantalion,Dantalion,158,1,PRS,assets/songs/dantalion/1.aff,assets/songs/dantalion/base.ogg,False,False,[],False,True,vs,False,
dantalion,Dantalion,158,2,FTR,assets/songs/dantalion/2.aff,assets/songs/dantalion/base.ogg,False,False,[],False,True,vs,False,
ifi,#1f1e33,159,0,PST,assets/songs/ifi/0.aff,assets/songs/ifi/base.ogg,False,False,[],False,True,vs,False,
ifi,#1f1e33,159,1,PRS,assets/songs/ifi/1.aff,assets/songs/ifi/base.ogg,False,False,[],False,True,vs,False,
ifi,#1f1e33,159,2,FTR,assets/songs/ifi/2.aff,assets/songs/ifi/base.ogg,False,False,[],False,True,vs,False,
tempestissimo,Tempestissimo,160,0,PST,assets/songs/tempestissimo/0.aff,assets/songs/tempestissimo/base.ogg,False,False,[],False,True,vs,False,
tempestissimo,Tempestissimo,160,1,PRS,assets/songs/tempestissimo/1.aff,assets/songs/tempestissimo/base.ogg,False,False,[],False,True,vs,False,
tempestissimo,Tempestissimo,160,2,FTR,assets/songs/tempestissimo/2.aff,assets/songs/tempestissimo/base.ogg,False,False,[],False,True,vs,False,
tempestissimo,Tempestissimo,160,3,BYD,assets/songs/tempestissimo/3.aff,assets/songs/tempestissimo/base.ogg,False,False,[],False,True,vs,False,difficulty
arcahv,Arcahv,161,0,PST,assets/songs/arcahv/0.aff,assets/songs/arcahv/base.ogg,True,True,[],True,False,vs,True,difficulty
arcahv,Arcahv,161,1,PRS,assets/songs/arcahv/1.aff,assets/songs/arcahv/base.ogg,True,True,[],True,False,vs,True,difficulty
arcahv,Arcahv,161,2,FTR,assets/songs/arcahv/2.aff,assets/songs/arcahv/base.ogg,True,True,[],True,False,vs,True,difficulty
altale,Altale,162,0,PST,assets/songs/altale/0.aff,assets/songs/altale/base.ogg,False,False,[],False,True,altale,False,
altale,Altale,162,1,PRS,assets/songs/altale/1.aff,assets/songs/altale/base.ogg,False,False,[],False,True,altale,False,
altale,Altale,162,2,FTR,assets/songs/altale/2.aff,assets/songs/altale/base.ogg,False,False,[],False,True,altale,False,
altale,Altale,162,3,BYD,assets/songs/altale/3.aff,assets/songs/altale/base.ogg,False,False,[],False,True,altale,False,difficulty
givemeanightmare,Give Me a Nightmare,163,0,PST,assets/songs/givemeanightmare/0.aff,assets/songs/givemeanightmare/base.ogg,False,False,[],False,True,extend,True,
givemeanightmare,Give Me a Nightmare,163,1,PRS,assets/songs/givemeanightmare/1.aff,assets/songs/givemeanightmare/base.ogg,False,False,[],False,True,extend,True,
givemeanightmare,Give Me a Nightmare,163,2,FTR,assets/songs/givemeanightmare/2.aff,assets/songs/givemeanightmare/base.ogg,False,False,[],False,True,extend,True,
blacklotus,Black Lotus,164,0,PST,assets/songs/blacklotus/0.aff,assets/songs/blacklotus/base.ogg,False,False,[],False,True,extend,True,
blacklotus,Black Lotus,164,1,PRS,assets/songs/blacklotus/1.aff,assets/songs/blacklotus/base.ogg,False,False,[],False,True,extend,True,
blacklotus,Black Lotus,164,2,FTR,assets/songs/blacklotus/2.aff,assets/songs/blacklotus/base.ogg,False,False,[],False,True,extend,True,
gekka,Gekka (Short Version),165,0,PST,assets/songs/gekka/0.aff,assets/songs/gekka/base.ogg,False,False,[],False,True,extend,True,
gekka,Gekka (Short Version),165,1,PRS,assets/songs/gekka/1.aff,assets/songs/gekka/base.ogg,False,False,[],False,True,extend,True,
gekka,Gekka (Short Version),165,2,FTR,assets/songs/gekka/2.aff,assets/songs/gekka/base.ogg,False,False,[],False,True,extend,True,
vividtheory,Vivid Theory,166,0,PST,assets/songs/vividtheory/0.aff,assets/songs/vividtheory/base.ogg,False,False,[],False,True,extend,True,
vividtheory,Vivid Theory,166,1,PRS,assets/songs/vividtheory/1.aff,assets/songs/vividtheory/base.ogg,False,False,[],False,True,extend,True,
vividtheory,Vivid Theory,166,2,FTR,assets/songs/vividtheory/2.aff,assets/songs/vividtheory/base.ogg,False,False,[],False,True,extend,True,
onefr,1F√,167,0,PST,assets/songs/onefr/0.aff,assets/songs/onefr/base.ogg,False,False,[],False,True,extend,True,
onefr,1F√,167,1,PRS,assets/songs/onefr/1.aff,assets/songs/onefr/base.ogg,False,False,[],False,True,extend,True,
onefr,1F√,167,2,FTR,assets/songs/onefr/2.aff,assets/songs/onefr/base.ogg,False,False,[],False,True,extend,True,
scarletcage,Scarlet Cage,168,0,PST,assets/songs/scarletcage/0.aff,assets/songs/scarletcage/base.ogg,False,False,[],False,True,scarletcage,False,
scarletcage,Scarlet Cage,168,1,PRS,assets/songs/scarletcage/1.aff,assets/songs/scarletcage/base.ogg,False,False,[],False,True,scarletcage,False,
scarletcage,Scarlet Cage,168,2,FTR,assets/songs/scarletcage/2.aff,assets/songs/scarletcage/base.ogg,False,False,[],False,True,scarletcage,False,
faintlight,Faint Light (Arcaea Edit),169,0,PST,assets/songs/faintlight/0.aff,assets/songs/faintlight/base.ogg,False,False,[],False,True,extend,True,
faintlight,Faint Light (Arcaea Edit),169,1,PRS,assets/songs/faintlight/1.aff,assets/songs/faintlight/base.ogg,False,False,[],False,True,extend,True,
faintlight,Faint Light (Arcaea Edit),169,2,FTR,assets/songs/faintlight/2.aff,assets/songs/faintlight/base.ogg,False,False,[],False,True,extend,True,
feelssoright,Feels So Right feat. Renko,170,0,PST,assets/songs/feelssoright/0.aff,assets/songs/feelssoright/base.ogg,False,False,[],False,True,feelssoright,False,
feelssoright,Feels So Right feat. Renko,170,1,PRS,assets/songs/feelssoright/1.aff,assets/songs/feelssoright/base.ogg,False,False,[],False,True,feelssoright,False,
feelssoright,Feels So Right feat. Renko,170,2,FTR,assets/songs/feelssoright/2.aff,assets/songs/feelssoright/base.ogg,False,False,[],False,True,feelssoright,False,
teriqma,Teriqma,171,0,PST,assets/songs/teriqma/0.aff,assets/songs/teriqma/base.ogg,False,False,[],False,True,teriqma,False,
teriqma,Teriqma,171,1,PRS,assets/songs/teriqma/1.aff,assets/songs/teriqma/base.ogg,False,False,[],False,True,teriqma,False,
teriqma,Teriqma,171,2,FTR,assets/songs/teriqma/2.aff,assets/songs/teriqma/base.ogg,False,False,[],False,True,teriqma,False,
teriqma,Teriqma,171,3,BYD,assets/songs/teriqma/3.aff,assets/songs/teriqma/base.ogg,False,False,[],False,True,teriqma,False,
mahoroba,MAHOROBA,172,0,PST,assets/songs/mahoroba/0.aff,assets/songs/mahoroba/base.ogg,False,False,[],False,True,mahoroba,False,
mahoroba,MAHOROBA,172,1,PRS,assets/songs/mahoroba/1.aff,assets/songs/mahoroba/base.ogg,False,False,[],False,True,mahoroba,False,
mahoroba,MAHOROBA,172,2,FTR,assets/songs/mahoroba/2.aff,assets/songs/mahoroba/base.ogg,False,False,[],False,True,mahoroba,False,
badtek,BADTEK,173,0,PST,assets/songs/badtek/0.aff,assets/songs/badtek/base.ogg,False,False,[],False,True,badtek,False,
badtek,BADTEK,173,1,PRS,assets/songs/badtek/1.aff,assets/songs/badtek/base.ogg,False,False,[],False,True,badtek,False,
badtek,BADTEK,173,2,FTR,assets/songs/badtek/2.aff,assets/songs/badtek/base.ogg,False,False,[],False,True,badtek,False,
maliciousmischance,Malicious Mischance,174,0,PST,assets/songs/maliciousmischance/0.aff,assets/songs/maliciousmischance/base.ogg,False,False,[],False,True,maliciousmischance,False,
maliciousmischance,Malicious Mischance,174,1,PRS,assets/songs/maliciousmischance/1.aff,assets/songs/maliciousmischance/base.ogg,False,False,[],False,True,maliciousmischance,False,
maliciousmischance,Malicious Mischance,174,2,FTR,assets/songs/maliciousmischance/2.aff,assets/songs/maliciousmischance/base.ogg,False,False,[],False,True,maliciousmischance,False,
gothiveofra,Got hive of Ra,175,0,PST,assets/songs/gothiveofra/0.aff,assets/songs/gothiveofra/base.ogg,False,False,[],False,True,groovecoaster,False,
gothiveofra,Got hive of Ra,175,1,PRS,assets/songs/gothiveofra/1.aff,assets/songs/gothiveofra/base.ogg,False,False,[],False,True,groovecoaster,False,
gothiveofra,Got hive of Ra,175,2,FTR,assets/songs/gothiveofra/2.aff,assets/songs/gothiveofra/base.ogg,False,False,[],False,True,groovecoaster,False,
buchigireberserker,BUCHiGiRE Berserker,176,0,PST,assets/songs/buchigireberserker/0.aff,assets/songs/buchigireberserker/base.ogg,False,False,[],False,True,buchigireberserker,False,
buchigireberserker,BUCHiGiRE Berserker,176,1,PRS,assets/songs/buchigireberserker/1.aff,assets/songs/buchigireberserker/base.ogg,False,False,[],False,True,buchigireberserker,False,
buchigireberserker,BUCHiGiRE Berserker,176,2,FTR,assets/songs/buchigireberserker/2.aff,assets/songs/buchigireberserker/base.ogg,False,False,[],False,True,buchigireberserker,False,
galaxyfriends,Galaxy Friends,177,0,PST,assets/songs/galaxyfriends/0.aff,assets/songs/galaxyfriends/base.ogg,False,False,[],False,True,galaxyfriends,False,
galaxyfriends,Galaxy Friends,177,1,PRS,assets/songs/galaxyfriends/1.aff,assets/songs/galaxyfriends/base.ogg,False,False,[],False,True,galaxyfriends,False,
galaxyfriends,Galaxy Friends,177,2,FTR,assets/songs/galaxyfriends/2.aff,assets/songs/galaxyfriends/base.ogg,False,False,[],False,True,galaxyfriends,False,
crossover,CROSS†OVER,178,0,PST,assets/songs/crossover/0.aff,assets/songs/crossover/base.ogg,False,False,[],False,True,extend,True,
crossover,CROSS†OVER,178,1,PRS,assets/songs/crossover/1.aff,assets/songs/crossover/base.ogg,False,False,[],False,True,extend,True,
crossover,CROSS†OVER,178,2,FTR,assets/songs/crossover/2.aff,assets/songs/crossover/base.ogg,False,False,[],False,True,extend,True,
xeraphinite,Xeraphinite,179,0,PST,assets/songs/xeraphinite/0.aff,assets/songs/xeraphinite/base.ogg,False,False,[],False,True,xeraphinite,False,
xeraphinite,Xeraphinite,179,1,PRS,assets/songs/xeraphinite/1.aff,assets/songs/xeraphinite/base.ogg,False,False,[],False,True,xeraphinite,False,
xeraphinite,Xeraphinite,179,2,FTR,assets/songs/xeraphinite/2.aff,assets/songs/xeraphinite/base.ogg,False,False,[],False,True,xeraphinite,False,
lapis,Lapis,180,0,PST,assets/songs/lapis/0.aff,assets/songs/lapis/base.ogg,False,False,[],False,True,extend,True,
lapis,Lapis,180,1,PRS,assets/songs/lapis/1.aff,assets/songs/lapis/base.ogg,False,False,[],False,True,extend,True,
lapis,Lapis,180,2,FTR,assets/songs/lapis/2.aff,assets/songs/lapis/base.ogg,False,False,[],False,True,extend,True,
xanatos,Xanatos,181,0,PST,assets/songs/xanatos/0.aff,assets/songs/xanatos/base.ogg,False,False,[],False,True,xanatos,False,
xanatos,Xanatos,181,1,PRS,assets/songs/xanatos/1.aff,assets/songs/xanatos/base.ogg,False,False,[],False,True,xanatos,False,
xanatos,Xanatos,181,2,FTR,assets/songs/xanatos/2.aff,assets/songs/xanatos/base.ogg,False,False,[],False,True,xanatos,False,
purpleverse,Purple Verse,182,0,PST,assets/songs/purpleverse/0.aff,assets/songs/purpleverse/base.ogg,False,False,[],False,True,extend,True,
purpleverse,Purple Verse,182,1,PRS,assets/songs/purpleverse/1.aff,assets/songs/purpleverse/base.ogg,False,False,[],False,True,extend,True,
purpleverse,Purple Verse,182,2,FTR,assets/songs/purpleverse/2.aff,assets/songs/purpleverse/base.ogg,False,False,[],False,True,extend,True,
purpleverse,Purple Verse,182,3,BYD,assets/songs/purpleverse/3.aff,assets/songs/purpleverse/base.ogg,False,False,[],False,True,extend,True,difficulty
alicealamode,Alice à la mode,183,0,PST,assets/songs/alicealamode/0.aff,assets/songs/alicealamode/base.ogg,False,False,[],False,True,alice,False,
alicealamode,Alice à la mode,183,1,PRS,assets/songs/alicealamode/1.aff,assets/songs/alicealamode/base.ogg,False,False,[],False,True,alice,False,
alicealamode,Alice à la mode,183,2,FTR,assets/songs/alicealamode/2.aff,assets/songs/alicealamode/base.ogg,False,False,[],False,True,alice,False,
eccentrictale,Eccentric Tale,184,0,PST,assets/songs/eccentrictale/0.aff,assets/songs/eccentrictale/base.ogg,False,False,[],False,True,alice,False,
eccentrictale,Eccentric Tale,184,1,PRS,assets/songs/eccentrictale/1.aff,assets/songs/eccentrictale/base.ogg,False,False,[],False,True,alice,False,
eccentrictale,Eccentric Tale,184,2,FTR,assets/songs/eccentrictale/2.aff,assets/songs/eccentrictale/base.ogg,False,False,[],False,True,alice,False,
eccentrictale,Eccentric Tale,184,3,BYD,assets/songs/eccentrictale/3.aff,assets/songs/eccentrictale/base.ogg,False,False,[],False,True,alice,False,
alicessuitcase,Alice's Suitcase,185,0,PST,assets/songs/alicessuitcase/0.aff,assets/songs/alicessuitcase/base.ogg,False,False,[],False,True,alice,False,
alicessuitcase,Alice's Suitcase,185,1,PRS,assets/songs/alicessuitcase/1.aff,assets/songs/alicessuitcase/base.ogg,False,False,[],False,True,alice,False,
alicessuitcase,Alice's Suitcase,185,2,FTR,assets/songs/alicessuitcase/2.aff,assets/songs/alicessuitcase/base.ogg,False,False,[],False,True,alice,False,
jump,Jump,186,0,PST,assets/songs/jump/0.aff,assets/songs/jump/base.ogg,False,False,[],False,True,alice,False,
jump,Jump,186,1,PRS,assets/songs/jump/1.aff,assets/songs/jump/base.ogg,False,False,[],False,True,alice,False,
jump,Jump,186,2,FTR,assets/songs/jump/2.aff,assets/songs/jump/base.ogg,False,False,[],False,True,alice,False,
felis,Felis,187,0,PST,assets/songs/felis/0.aff,assets/songs/felis/base.ogg,False,False,[],False,True,alice,False,
felis,Felis,187,1,PRS,assets/songs/felis/1.aff,assets/songs/felis/base.ogg,False,False,[],False,True,alice,False,
felis,Felis,187,2,FTR,assets/songs/felis/2.aff,assets/songs/felis/base.ogg,False,False,[],False,True,alice,False,
besideyou,Beside You,188,0,PST,assets/songs/besideyou/0.aff,assets/songs/besideyou/base.ogg,False,False,[],False,True,alice_append_1,False,
besideyou,Beside You,188,1,PRS,assets/songs/besideyou/1.aff,assets/songs/besideyou/base.ogg,False,False,[],False,True,alice_append_1,False,
besideyou,Beside You,188,2,FTR,assets/songs/besideyou/2.aff,assets/songs/besideyou/base.ogg,False,False,[],False,True,alice_append_1,False,
heartjackin,Heart Jackin',189,0,PST,assets/songs/heartjackin/0.aff,assets/songs/heartjackin/base.ogg,False,False,[],False,True,alice_append_1,False,
heartjackin,Heart Jackin',189,1,PRS,assets/songs/heartjackin/1.aff,assets/songs/heartjackin/base.ogg,False,False,[],False,True,alice_append_1,False,
heartjackin,Heart Jackin',189,2,FTR,assets/songs/heartjackin/2.aff,assets/songs/heartjackin/base.ogg,False,False,[],False,True,alice_append_1,False,
toaliceliddell,To: Alice Liddell,190,0,PST,assets/songs/toaliceliddell/0.aff,assets/songs/toaliceliddell/base.ogg,False,False,[],False,True,alice_append_1,False,
toaliceliddell,To: Alice Liddell,190,1,PRS,assets/songs/toaliceliddell/1.aff,assets/songs/toaliceliddell/base.ogg,False,False,[],False,True,alice_append_1,False,
toaliceliddell,To: Alice Liddell,190,2,FTR,assets/songs/toaliceliddell/2.aff,assets/songs/toaliceliddell/base.ogg,False,False,[],False,True,alice_append_1,False,
lazyaddiction,Lazy Addiction,191,0,PST,assets/songs/lazyaddiction/0.aff,assets/songs/lazyaddiction/base.ogg,False,False,[],False,True,ongeki,False,
lazyaddiction,Lazy Addiction,191,1,PRS,assets/songs/lazyaddiction/1.aff,assets/songs/lazyaddiction/base.ogg,False,False,[],False,True,ongeki,False,
lazyaddiction,Lazy Addiction,191,2,FTR,assets/songs/lazyaddiction/2.aff,assets/songs/lazyaddiction/base.ogg,False,False,[],False,True,ongeki,False,
dazzlehop,Dazzle hop,192,0,PST,assets/songs/dazzlehop/0.aff,assets/songs/dazzlehop/base.ogg,False,False,[],False,True,ongeki,False,
dazzlehop,Dazzle hop,192,1,PRS,assets/songs/dazzlehop/1.aff,assets/songs/dazzlehop/base.ogg,False,False,[],False,True,ongeki,False,
dazzlehop,Dazzle hop,192,2,FTR,assets/songs/dazzlehop/2.aff,assets/songs/dazzlehop/base.ogg,False,False,[],False,True,ongeki,False,
viyellastears,Viyella's Tears,193,0,PST,assets/songs/viyellastears/0.aff,assets/songs/viyellastears/base.ogg,False,False,[],False,True,ongeki,False,
viyellastears,Viyella's Tears,193,1,PRS,assets/songs/viyellastears/1.aff,assets/songs/viyellastears/base.ogg,False,False,[],False,True,ongeki,False,
viyellastears,Viyella's Tears,193,2,FTR,assets/songs/viyellastears/2.aff,assets/songs/viyellastears/base.ogg,False,False,[],False,True,ongeki,False,
omegafour,ω4,194,0,PST,assets/songs/omegafour/0.aff,assets/songs/omegafour/base.ogg,False,False,[],False,True,ongeki,False,
omegafour,ω4,194,1,PRS,assets/songs/omegafour/1.aff,assets/songs/omegafour/base.ogg,False,False,[],False,True,ongeki,False,
omegafour,ω4,194,2,FTR,assets/songs/omegafour/2.aff,assets/songs/omegafour/base.ogg,False,False,[],False,True,ongeki,False,
aprilshowers,April showers,195,0,PST,assets/songs/aprilshowers/0.aff,assets/songs/aprilshowers/base.ogg,False,False,[],False,True,maimai,False,
aprilshowers,April showers,195,1,PRS,assets/songs/aprilshowers/1.aff,assets/songs/aprilshowers/base.ogg,False,False,[],False,True,maimai,False,
aprilshowers,April showers,195,2,FTR,assets/songs/aprilshowers/2.aff,assets/songs/aprilshowers/base.ogg,False,False,[],False,True,maimai,False,
seventhsense,7thSense,196,0,PST,assets/songs/seventhsense/0.aff,assets/songs/seventhsense/base.ogg,False,False,[],False,True,maimai,False,
seventhsense,7thSense,196,1,PRS,assets/songs/seventhsense/1.aff,assets/songs/seventhsense/base.ogg,False,False,[],False,True,maimai,False,
seventhsense,7thSense,196,2,FTR,assets/songs/seventhsense/2.aff,assets/songs/seventhsense/base.ogg,False,False,[],False,True,maimai,False,
oshamascramble,Oshama Scramble!,197,0,PST,assets/songs/oshamascramble/0.aff,assets/songs/oshamascramble/base.ogg,False,False,[],False,True,maimai,False,
oshamascramble,Oshama Scramble!,197,1,PRS,assets/songs/oshamascramble/1.aff,assets/songs/oshamascramble/base.ogg,False,False,[],False,True,maimai,False,
oshamascramble,Oshama Scramble!,197,2,FTR,assets/songs/oshamascramble/2.aff,assets/songs/oshamascramble/base.ogg,False,False,[],False,True,maimai,False,
amazingmightyyyy,AMAZING MIGHTYYYY!!!!,198,0,PST,assets/songs/amazingmightyyyy/0.aff,assets/songs/amazingmightyyyy/base.ogg,False,False,[],False,True,maimai,False,
amazingmightyyyy,AMAZING MIGHTYYYY!!!!,198,1,PRS,assets/songs/amazingmightyyyy/1.aff,assets/songs/amazingmightyyyy/base.ogg,False,False,[],False,True,maimai,False,
amazingmightyyyy,AMAZING MIGHTYYYY!!!!,198,2,FTR,assets/songs/amazingmightyyyy/2.aff,assets/songs/amazingmightyyyy/base.ogg,False,False,[],False,True,maimai,False,
climax,Climax,199,0,PST,assets/songs/climax/0.aff,assets/songs/climax/base.ogg,False,False,[],False,True,chunithm_append_1,False,
climax,Climax,199,1,PRS,assets/songs/climax/1.aff,assets/songs/climax/base.ogg,False,False,[],False,True,chunithm_append_1,False,
climax,Climax,199,2,FTR,assets/songs/climax/2.aff,assets/songs/climax/base.ogg,False,False,[],False,True,chunithm_append_1,False,
lastcelebration,Last Celebration,200,0,PST,assets/songs/lastcelebration/0.aff,assets/songs/lastcelebration/base.ogg,False,False,[],False,True,chunithm_append_1,False,
lastcelebration,Last Celebration,200,1,PRS,assets/songs/lastcelebration/1.aff,assets/songs/lastcelebration/base.ogg,False,False,[],False,True,chunithm_append_1,False,
lastcelebration,Last Celebration,200,2,FTR,assets/songs/lastcelebration/2.aff,assets/songs/lastcelebration/base.ogg,False,False,[],False,True,chunithm_append_1,False,
gou,Misdeed -la bonté de Dieu et l'origine du mal-,201,0,PST,assets/songs/gou/0.aff,assets/songs/gou/base.ogg,False,False,[],False,True,chunithm_append_1,False,
gou,Misdeed -la bonté de Dieu et l'origine du mal-,201,1,PRS,assets/songs/gou/1.aff,assets/songs/gou/base.ogg,False,False,[],False,True,chunithm_append_1,False,
gou,Misdeed -la bonté de Dieu et l'origine du mal-,201,2,FTR,assets/songs/gou/2.aff,assets/songs/gou/base.ogg,False,False,[],False,True,chunithm_append_1,False,
glow,Glow,202,0,PST,assets/songs/glow/0.aff,assets/songs/glow/base.ogg,False,False,[],False,True,extend,True,
glow,Glow,202,1,PRS,assets/songs/glow/1.aff,assets/songs/glow/base.ogg,False,False,[],False,True,extend,True,
glow,Glow,202,2,FTR,assets/songs/glow/2.aff,assets/songs/glow/base.ogg,False,False,[],False,True,extend,True,
attraqtia,AttraqtiA,203,0,PST,assets/songs/attraqtia/0.aff,assets/songs/attraqtia/base.ogg,False,False,[],False,True,attraqtia,False,
attraqtia,AttraqtiA,203,1,PRS,assets/songs/attraqtia/1.aff,assets/songs/attraqtia/base.ogg,False,False,[],False,True,attraqtia,False,
attraqtia,AttraqtiA,203,2,FTR,assets/songs/attraqtia/2.aff,assets/songs/attraqtia/base.ogg,False,False,[],False,True,attraqtia,False,
enchantedlove,enchanted love,204,0,PST,assets/songs/enchantedlove/0.aff,assets/songs/enchantedlove/base.ogg,False,False,[],False,True,extend,True,
enchantedlove,enchanted love,204,1,PRS,assets/songs/enchantedlove/1.aff,assets/songs/enchantedlove/base.ogg,False,False,[],False,True,extend,True,
enchantedlove,enchanted love,204,2,FTR,assets/songs/enchantedlove/2.aff,assets/songs/enchantedlove/base.ogg,False,False,[],False,True,extend,True,
take,Bamboo,205,0,PST,assets/songs/take/0.aff,assets/songs/take/base.ogg,False,False,[],False,True,extend,True,
take,Bamboo,205,1,PRS,assets/songs/take/1.aff,assets/songs/take/base.ogg,False,False,[],False,True,extend,True,
take,Bamboo,205,2,FTR,assets/songs/take/2.aff,assets/songs/take/base.ogg,False,False,[],False,True,extend,True,
gimmedablood,GIMME DA BLOOD,206,0,PST,assets/songs/gimmedablood/0.aff,assets/songs/gimmedablood/base.ogg,False,False,[],False,True,gimmedablood,False,
gimmedablood,GIMME DA BLOOD,206,1,PRS,assets/songs/gimmedablood/1.aff,assets/songs/gimmedablood/base.ogg,False,False,[],False,True,gimmedablood,False,
gimmedablood,GIMME DA BLOOD,206,2,FTR,assets/songs/gimmedablood/2.aff,assets/songs/gimmedablood/base.ogg,False,False,[],False,True,gimmedablood,False,
bassline,Can I Friend You on Bassbook? Lol,207,0,PST,assets/songs/bassline/0.aff,assets/songs/bassline/base.ogg,False,False,[],False,True,bassline,False,
bassline,Can I Friend You on Bassbook? Lol,207,1,PRS,assets/songs/bassline/1.aff,assets/songs/bassline/base.ogg,False,False,[],False,True,bassline,False,
bassline,Can I Friend You on Bassbook? Lol,207,2,FTR,assets/songs/bassline/2.aff,assets/songs/bassline/base.ogg,False,False,[],False,True,bassline,False,
lifeispiano,Life is PIANO,208,0,PST,assets/songs/lifeispiano/0.aff,assets/songs/lifeispiano/base.ogg,False,False,[],False,True,extend,True,
lifeispiano,Life is PIANO,208,1,PRS,assets/songs/lifeispiano/1.aff,assets/songs/lifeispiano/base.ogg,False,False,[],False,True,extend,True,
lifeispiano,Life is PIANO,208,2,FTR,assets/songs/lifeispiano/2.aff,assets/songs/lifeispiano/base.ogg,False,False,[],False,True,extend,True,
paperwitch,Paper Witch,209,0,PST,assets/songs/paperwitch/0.aff,assets/songs/paperwitch/base.ogg,False,False,[],False,True,observer,False,
paperwitch,Paper Witch,209,1,PRS,assets/songs/paperwitch/1.aff,assets/songs/paperwitch/base.ogg,False,False,[],False,True,observer,False,
paperwitch,Paper Witch,209,2,FTR,assets/songs/paperwitch/2.aff,assets/songs/paperwitch/base.ogg,False,False,[],False,True,observer,False,
crystalgravity,Crystal Gravity,210,0,PST,assets/songs/crystalgravity/0.aff,assets/songs/crystalgravity/base.ogg,False,False,[],False,True,observer,False,
crystalgravity,Crystal Gravity,210,1,PRS,assets/songs/crystalgravity/1.aff,assets/songs/crystalgravity/base.ogg,False,False,[],False,True,observer,False,
crystalgravity,Crystal Gravity,210,2,FTR,assets/songs/crystalgravity/2.aff,assets/songs/crystalgravity/base.ogg,False,False,[],False,True,observer,False,
farawaylight,Far Away Light,211,0,PST,assets/songs/farawaylight/0.aff,assets/songs/farawaylight/base.ogg,False,False,[],False,True,observer,False,
farawaylight,Far Away Light,211,1,PRS,assets/songs/farawaylight/1.aff,assets/songs/farawaylight/base.ogg,False,False,[],False,True,observer,False,
farawaylight,Far Away Light,211,2,FTR,assets/songs/farawaylight/2.aff,assets/songs/farawaylight/base.ogg,False,False,[],False,True,observer,False,
loschen,Löschen,212,0,PST,assets/songs/loschen/0.aff,assets/songs/loschen/base.ogg,False,False,[],False,True,observer,False,
loschen,Löschen,212,1,PRS,assets/songs/loschen/1.aff,assets/songs/loschen/base.ogg,False,False,[],False,True,observer,False,
loschen,Löschen,212,2,FTR,assets/songs/loschen/2.aff,assets/songs/loschen/base.ogg,False,False,[],False,True,observer,False,
aegleseeker,Aegleseeker,213,0,PST,assets/songs/aegleseeker/0.aff,assets/songs/aegleseeker/base.ogg,False,False,[],False,True,observer,False,
aegleseeker,Aegleseeker,213,1,PRS,assets/songs/aegleseeker/1.aff,assets/songs/aegleseeker/base.ogg,False,False,[],False,True,observer,False,
aegleseeker,Aegleseeker,213,2,FTR,assets/songs/aegleseeker/2.aff,assets/songs/aegleseeker/base.ogg,False,False,[],False,True,observer,False,
coastalhighway,Coastal Highway,214,0,PST,assets/songs/coastalhighway/0.aff,assets/songs/coastalhighway/base.ogg,False,False,[],False,True,observer_append_1,False,
coastalhighway,Coastal Highway,214,1,PRS,assets/songs/coastalhighway/1.aff,assets/songs/coastalhighway/base.ogg,False,False,[],False,True,observer_append_1,False,
coastalhighway,Coastal Highway,214,2,FTR,assets/songs/coastalhighway/2.aff,assets/songs/coastalhighway/base.ogg,False,False,[],False,True,observer_append_1,False,
odysseia,ΟΔΥΣΣΕΙΑ,215,0,PST,assets/songs/odysseia/0.aff,assets/songs/odysseia/base.ogg,False,False,[],False,True,observer_append_1,False,
odysseia,ΟΔΥΣΣΕΙΑ,215,1,PRS,assets/songs/odysseia/1.aff,assets/songs/odysseia/base.ogg,False,False,[],False,True,observer_append_1,False,
odysseia,ΟΔΥΣΣΕΙΑ,215,2,FTR,assets/songs/odysseia/2.aff,assets/songs/odysseia/base.ogg,False,False,[],False,True,observer_append_1,False,
overwhelm,Overwhelm,216,0,PST,assets/songs/overwhelm/0.aff,assets/songs/overwhelm/base.ogg,False,False,[],False,True,observer_append_1,False,
overwhelm,Overwhelm,216,1,PRS,assets/songs/overwhelm/1.aff,assets/songs/overwhelm/base.ogg,False,False,[],False,True,observer_append_1,False,
overwhelm,Overwhelm,216,2,FTR,assets/songs/overwhelm/2.aff,assets/songs/overwhelm/base.ogg,False,False,[],False,True,observer_append_1,False,
vandalism,Vandalism,217,0,PST,assets/songs/vandalism/0.aff,assets/songs/vandalism/base.ogg,False,False,[],False,True,extend,True,
vandalism,Vandalism,217,1,PRS,assets/songs/vandalism/1.aff,assets/songs/vandalism/base.ogg,False,False,[],False,True,extend,True,
vandalism,Vandalism,217,2,FTR,assets/songs/vandalism/2.aff,assets/songs/vandalism/base.ogg,False,False,[],False,True,extend,True,
turbocharger,Turbocharger,218,0,PST,assets/songs/turbocharger/0.aff,assets/songs/turbocharger/base.ogg,False,False,[],False,True,extend,True,
turbocharger,Turbocharger,218,1,PRS,assets/songs/turbocharger/1.aff,assets/songs/turbocharger/base.ogg,False,False,[],False,True,extend,True,
turbocharger,Turbocharger,218,2,FTR,assets/songs/turbocharger/2.aff,assets/songs/turbocharger/base.ogg,False,False,[],False,True,extend,True,
theultimacy,THE ULTIMACY,219,0,PST,assets/songs/theultimacy/0.aff,assets/songs/theultimacy/base.ogg,False,False,[],False,True,theultimacy,False,
theultimacy,THE ULTIMACY,219,1,PRS,assets/songs/theultimacy/1.aff,assets/songs/theultimacy/base.ogg,False,False,[],False,True,theultimacy,False,
theultimacy,THE ULTIMACY,219,2,FTR,assets/songs/theultimacy/2.aff,assets/songs/theultimacy/base.ogg,False,False,[],False,True,theultimacy,False,
rekkaresonance,REKKA RESONANCE,220,0,PST,assets/songs/rekkaresonance/0.aff,assets/songs/rekkaresonance/base.ogg,False,False,[],False,True,rekkaresonance,False,
rekkaresonance,REKKA RESONANCE,220,1,PRS,assets/songs/rekkaresonance/1.aff,assets/songs/rekkaresonance/base.ogg,False,False,[],False,True,rekkaresonance,False,
rekkaresonance,REKKA RESONANCE,220,2,FTR,assets/songs/rekkaresonance/2.aff,assets/songs/rekkaresonance/base.ogg,False,False,[],False,True,rekkaresonance,False,
kyogenkigo,False Embellishment,221,0,PST,assets/songs/kyogenkigo/0.aff,assets/songs/kyogenkigo/base.ogg,False,False,[],False,True,extend,True,
kyogenkigo,False Embellishment,221,1,PRS,assets/songs/kyogenkigo/1.aff,assets/songs/kyogenkigo/base.ogg,False,False,[],False,True,extend,True,
kyogenkigo,False Embellishment,221,2,FTR,assets/songs/kyogenkigo/2.aff,assets/songs/kyogenkigo/base.ogg,False,False,[],False,True,extend,True,
kyogenkigo,False Embellishment,221,3,BYD,assets/songs/kyogenkigo/3.aff,assets/songs/kyogenkigo/base.ogg,False,False,[],False,True,extend,True,
hivemind,HIVEMIND,222,0,PST,assets/songs/hivemind/0.aff,assets/songs/hivemind/base.ogg,False,False,[],False,True,extend,True,
hivemind,HIVEMIND,222,1,PRS,assets/songs/hivemind/1.aff,assets/songs/hivemind/base.ogg,False,False,[],False,True,extend,True,
hivemind,HIVEMIND,222,2,FTR,assets/songs/hivemind/2.aff,assets/songs/hivemind/base.ogg,False,False,[],False,True,extend,True,
seclusion,Seclusion,223,0,PST,assets/songs/seclusion/0.aff,assets/songs/seclusion/base.ogg,False,False,[],False,True,observer,True,
seclusion,Seclusion,223,1,PRS,assets/songs/seclusion/1.aff,assets/songs/seclusion/base.ogg,False,False,[],False,True,observer,True,
seclusion,Seclusion,223,2,FTR,assets/songs/seclusion/2.aff,assets/songs/seclusion/base.ogg,False,False,[],False,True,observer,True,
smallcloud,Small Cloud Sugar Candy,224,0,PST,assets/songs/smallcloud/0.aff,assets/songs/smallcloud/base.ogg,False,False,[],False,True,observer_append_2,False,
smallcloud,Small Cloud Sugar Candy,224,1,PRS,assets/songs/smallcloud/1.aff,assets/songs/smallcloud/base.ogg,False,False,[],False,True,observer_append_2,False,
smallcloud,Small Cloud Sugar Candy,224,2,FTR,assets/songs/smallcloud/2.aff,assets/songs/smallcloud/base.ogg,False,False,[],False,True,observer_append_2,False,
smallcloud,Small Cloud Sugar Candy,224,3,BYD,assets/songs/smallcloud/3.aff,assets/songs/smallcloud/base.ogg,False,False,[],False,True,observer_append_2,False,
alterale,AlterAle,225,0,PST,assets/songs/alterale/0.aff,assets/songs/alterale/base.ogg,False,False,[],False,True,observer_append_2,False,
alterale,AlterAle,225,1,PRS,assets/songs/alterale/1.aff,assets/songs/alterale/base.ogg,False,False,[],False,True,observer_append_2,False,
alterale,AlterAle,225,2,FTR,assets/songs/alterale/2.aff,assets/songs/alterale/base.ogg,False,False,[],False,True,observer_append_2,False,
divinelight,Divine Light of Myriad,226,0,PST,assets/songs/divinelight/0.aff,assets/songs/divinelight/base.ogg,False,False,[],False,True,observer_append_2,False,
divinelight,Divine Light of Myriad,226,1,PRS,assets/songs/divinelight/1.aff,assets/songs/divinelight/base.ogg,False,False,[],False,True,observer_append_2,False,
divinelight,Divine Light of Myriad,226,2,FTR,assets/songs/divinelight/2.aff,assets/songs/divinelight/base.ogg,False,False,[],False,True,observer_append_2,False,
mazymetroplex,Mazy Metroplex,227,0,PST,assets/songs/mazymetroplex/0.aff,assets/songs/mazymetroplex/base.ogg,False,False,[],False,True,wacca,False,
mazymetroplex,Mazy Metroplex,227,1,PRS,assets/songs/mazymetroplex/1.aff,assets/songs/mazymetroplex/base.ogg,False,False,[],False,True,wacca,False,
mazymetroplex,Mazy Metroplex,227,2,FTR,assets/songs/mazymetroplex/2.aff,assets/songs/mazymetroplex/base.ogg,False,False,[],False,True,wacca,False,
quonwacca,Quon,228,0,PST,assets/songs/quonwacca/0.aff,assets/songs/quonwacca/base.ogg,False,False,[],False,True,wacca,False,
quonwacca,Quon,228,1,PRS,assets/songs/quonwacca/1.aff,assets/songs/quonwacca/base.ogg,False,False,[],False,True,wacca,False,
quonwacca,Quon,228,2,FTR,assets/songs/quonwacca/2.aff,assets/songs/quonwacca/base.ogg,False,False,[],False,True,wacca,False,
quonwacca,Quon,228,3,BYD,assets/songs/quonwacca/3.aff,assets/songs/quonwacca/base.ogg,False,False,[],False,True,wacca,False,
withu,with U,229,0,PST,assets/songs/withu/0.aff,assets/songs/withu/base.ogg,False,False,[],False,True,wacca,False,
withu,with U,229,1,PRS,assets/songs/withu/1.aff,assets/songs/withu/base.ogg,False,False,[],False,True,wacca,False,
withu,with U,229,2,FTR,assets/songs/withu/2.aff,assets/songs/withu/base.ogg,False,False,[],False,True,wacca,False,
genocider,GENOCIDER,230,0,PST,assets/songs/genocider/0.aff,assets/songs/genocider/base.ogg,False,False,[],False,True,wacca,False,
genocider,GENOCIDER,230,1,PRS,assets/songs/genocider/1.aff,assets/songs/genocider/base.ogg,False,False,[],False,True,wacca,False,
genocider,GENOCIDER,230,2,FTR,assets/songs/genocider/2.aff,assets/songs/genocider/base.ogg,False,False,[],False,True,wacca,False,
letyoudivermx,Let you DIVE! (nitro rmx),231,0,PST,assets/songs/letyoudivermx/0.aff,assets/songs/letyoudivermx/base.ogg,False,False,[],False,True,wacca,False,
letyoudivermx,Let you DIVE! (nitro rmx),231,1,PRS,assets/songs/letyoudivermx/1.aff,assets/songs/letyoudivermx/base.ogg,False,False,[],False,True,wacca,False,
letyoudivermx,Let you DIVE! (nitro rmx),231,2,FTR,assets/songs/letyoudivermx/2.aff,assets/songs/letyoudivermx/base.ogg,False,False,[],False,True,wacca,False,
sheriruthrmx,Sheriruth (Laur Remix),232,0,PST,assets/songs/sheriruthrmx/0.aff,assets/songs/sheriruthrmx/base.ogg,False,False,[],False,True,sheriruthrmx,False,
sheriruthrmx,Sheriruth (Laur Remix),232,1,PRS,assets/songs/sheriruthrmx/1.aff,assets/songs/sheriruthrmx/base.ogg,False,False,[],False,True,sheriruthrmx,False,
sheriruthrmx,Sheriruth (Laur Remix),232,2,FTR,assets/songs/sheriruthrmx/2.aff,assets/songs/sheriruthrmx/base.ogg,False,False,[],False,True,sheriruthrmx,False,
eveninginscarlet,Evening in Scarlet,233,0,PST,assets/songs/eveninginscarlet/0.aff,assets/songs/eveninginscarlet/base.ogg,False,False,[],False,True,eveninginscarlet,False,
eveninginscarlet,Evening in Scarlet,233,1,PRS,assets/songs/eveninginscarlet/1.aff,assets/songs/eveninginscarlet/base.ogg,False,False,[],False,True,eveninginscarlet,False,
eveninginscarlet,Evening in Scarlet,233,2,FTR,assets/songs/eveninginscarlet/2.aff,assets/songs/eveninginscarlet/base.ogg,False,False,[],False,True,eveninginscarlet,False,
bluecomet,blue comet,234,0,PST,assets/songs/bluecomet/0.aff,assets/songs/bluecomet/base.ogg,False,False,[],False,True,extend,True,
bluecomet,blue comet,234,1,PRS,assets/songs/bluecomet/1.aff,assets/songs/bluecomet/base.ogg,False,False,[],False,True,extend,True,
bluecomet,blue comet,234,2,FTR,assets/songs/bluecomet/2.aff,assets/songs/bluecomet/base.ogg,False,False,[],False,True,extend,True,
energysynergymatrix,ENERGY SYNERGY MATRIX,235,0,PST,assets/songs/energysynergymatrix/0.aff,assets/songs/energysynergymatrix/base.ogg,False,False,[],False,True,extend,True,
energysynergymatrix,ENERGY SYNERGY MATRIX,235,1,PRS,assets/songs/energysynergymatrix/1.aff,assets/songs/energysynergymatrix/base.ogg,False,False,[],False,True,extend,True,
energysynergymatrix,ENERGY SYNERGY MATRIX,235,2,FTR,assets/songs/energysynergymatrix/2.aff,assets/songs/energysynergymatrix/base.ogg,False,False,[],False,True,extend,True,
energysynergymatrix,ENERGY SYNERGY MATRIX,235,3,BYD,assets/songs/energysynergymatrix/3.aff,assets/songs/energysynergymatrix/base.ogg,False,False,[],False,True,extend,True,difficulty
gengaozo,G e n g a o z o,236,0,PST,assets/songs/gengaozo/0.aff,assets/songs/gengaozo/base.ogg,False,False,[],False,True,extend,True,
gengaozo,G e n g a o z o,236,1,PRS,assets/songs/gengaozo/1.aff,assets/songs/gengaozo/base.ogg,False,False,[],False,True,extend,True,
gengaozo,G e n g a o z o,236,2,FTR,assets/songs/gengaozo/2.aff,assets/songs/gengaozo/base.ogg,False,False,[],False,True,extend,True,
goldenslaughterer,goldenslaughterer,237,0,PST,assets/songs/goldenslaughterer/0.aff,assets/songs/goldenslaughterer/base.ogg,False,False,[],False,True,goldenslaughterer,False,
goldenslaughterer,goldenslaughterer,237,1,PRS,assets/songs/goldenslaughterer/1.aff,assets/songs/goldenslaughterer/base.ogg,False,False,[],False,True,goldenslaughterer,False,
goldenslaughterer,goldenslaughterer,237,2,FTR,assets/songs/goldenslaughterer/2.aff,assets/songs/goldenslaughterer/base.ogg,False,False,[],False,True,goldenslaughterer,False,
lastendconductor,lastendconductor,238,0,PST,assets/songs/lastendconductor/0.aff,assets/songs/lastendconductor/base.ogg,False,False,[],False,True,lastendconductor,False,
lastendconductor,lastendconductor,238,1,PRS,assets/songs/lastendconductor/1.aff,assets/songs/lastendconductor/base.ogg,False,False,[],False,True,lastendconductor,False,
lastendconductor,lastendconductor,238,2,FTR,assets/songs/lastendconductor/2.aff,assets/songs/lastendconductor/base.ogg,False,False,[],False,True,lastendconductor,False,
lastendconductor,lastendconductor,238,3,BYD,assets/songs/lastendconductor/3.aff,assets/songs/lastendconductor/base.ogg,False,False,[],False,True,lastendconductor,False,
redolentshape,Redolent Shape,239,0,PST,assets/songs/redolentshape/0.aff,assets/songs/redolentshape/base.ogg,False,False,[],False,True,redolentshape,False,
redolentshape,Redolent Shape,239,1,PRS,assets/songs/redolentshape/1.aff,assets/songs/redolentshape/base.ogg,False,False,[],False,True,redolentshape,False,
redolentshape,Redolent Shape,239,2,FTR,assets/songs/redolentshape/2.aff,assets/songs/redolentshape/base.ogg,False,False,[],False,True,redolentshape,False,
cosmica,Cosmica,240,0,PST,assets/songs/cosmica/0.aff,assets/songs/cosmica/base.ogg,False,False,[],False,True,nijuusei_append_1,False,
cosmica,Cosmica,240,1,PRS,assets/songs/cosmica/1.aff,assets/songs/cosmica/base.ogg,False,False,[],False,True,nijuusei_append_1,False,
cosmica,Cosmica,240,2,FTR,assets/songs/cosmica/2.aff,assets/songs/cosmica/base.ogg,False,False,[],False,True,nijuusei_append_1,False,
ascent,Ascent,241,0,PST,assets/songs/ascent/0.aff,assets/songs/ascent/base.ogg,False,False,[],False,True,nijuusei_append_1,False,
ascent,Ascent,241,1,PRS,assets/songs/ascent/1.aff,assets/songs/ascent/base.ogg,False,False,[],False,True,nijuusei_append_1,False,
ascent,Ascent,241,2,FTR,assets/songs/ascent/2.aff,assets/songs/ascent/base.ogg,False,False,[],False,True,nijuusei_append_1,False,
livefastdieyoung,Live Fast Die Young,242,0,PST,assets/songs/livefastdieyoung/0.aff,assets/songs/livefastdieyoung/base.ogg,False,False,[],False,True,nijuusei_append_1,False,
livefastdieyoung,Live Fast Die Young,242,1,PRS,assets/songs/livefastdieyoung/1.aff,assets/songs/livefastdieyoung/base.ogg,False,False,[],False,True,nijuusei_append_1,False,
livefastdieyoung,Live Fast Die Young,242,2,FTR,assets/songs/livefastdieyoung/2.aff,assets/songs/livefastdieyoung/base.ogg,False,False,[],False,True,nijuusei_append_1,False,
summerfireworks,Summer Fireworks of Love,243,0,PST,assets/songs/summerfireworks/0.aff,assets/songs/summerfireworks/base.ogg,False,False,[],False,True,summerfireworks,False,
summerfireworks,Summer Fireworks of Love,243,1,PRS,assets/songs/summerfireworks/1.aff,assets/songs/summerfireworks/base.ogg,False,False,[],False,True,summerfireworks,False,
summerfireworks,Summer Fireworks of Love,243,2,FTR,assets/songs/summerfireworks/2.aff,assets/songs/summerfireworks/base.ogg,False,False,[],False,True,summerfireworks,False,
firstsnow,First Snow,244,0,PST,assets/songs/firstsnow/0.aff,assets/songs/firstsnow/base.ogg,False,False,[],False,True,dividedheart,False,
firstsnow,First Snow,244,1,PRS,assets/songs/firstsnow/1.aff,assets/songs/firstsnow/base.ogg,False,False,[],False,True,dividedheart,False,
firstsnow,First Snow,244,2,FTR,assets/songs/firstsnow/2.aff,assets/songs/firstsnow/base.ogg,False,False,[],False,True,dividedheart,False,
bluerose,Blue Rose,245,0,PST,assets/songs/bluerose/0.aff,assets/songs/bluerose/base.ogg,False,False,[],False,True,dividedheart,False,
bluerose,Blue Rose,245,1,PRS,assets/songs/bluerose/1.aff,assets/songs/bluerose/base.ogg,False,False,[],False,True,dividedheart,False,
bluerose,Blue Rose,245,2,FTR,assets/songs/bluerose/2.aff,assets/songs/bluerose/base.ogg,False,False,[],False,True,dividedheart,False,
blockedlibrary,Blocked Library,246,0,PST,assets/songs/blockedlibrary/0.aff,assets/songs/blockedlibrary/base.ogg,False,False,[],False,True,dividedheart,False,
blockedlibrary,Blocked Library,246,1,PRS,assets/songs/blockedlibrary/1.aff,assets/songs/blockedlibrary/base.ogg,False,False,[],False,True,dividedheart,False,
blockedlibrary,Blocked Library,246,2,FTR,assets/songs/blockedlibrary/2.aff,assets/songs/blockedlibrary/base.ogg,False,False,[],False,True,dividedheart,False,
neokosmo,nέο κόsmo,247,0,PST,assets/songs/neokosmo/0.aff,assets/songs/neokosmo/base.ogg,False,False,[],False,True,dividedheart,False,
neokosmo,nέο κόsmo,247,1,PRS,assets/songs/neokosmo/1.aff,assets/songs/neokosmo/base.ogg,False,False,[],False,True,dividedheart,False,
neokosmo,nέο κόsmo,247,2,FTR,assets/songs/neokosmo/2.aff,assets/songs/neokosmo/base.ogg,False,False,[],False,True,dividedheart,False,
lightningscrew,Lightning Screw,248,0,PST,assets/songs/lightningscrew/0.aff,assets/songs/lightningscrew/base.ogg,False,False,[],False,True,dividedheart,False,
lightningscrew,Lightning Screw,248,1,PRS,assets/songs/lightningscrew/1.aff,assets/songs/lightningscrew/base.ogg,False,False,[],False,True,dividedheart,False,
lightningscrew,Lightning Screw,248,2,FTR,assets/songs/lightningscrew/2.aff,assets/songs/lightningscrew/base.ogg,False,False,[],False,True,dividedheart,False,
lightsofmuse,Lights of Muse,249,0,PST,assets/songs/lightsofmuse/0.aff,assets/songs/lightsofmuse/base.ogg,False,False,[],False,True,musedash,False,
lightsofmuse,Lights of Muse,249,1,PRS,assets/songs/lightsofmuse/1.aff,assets/songs/lightsofmuse/base.ogg,False,False,[],False,True,musedash,False,
lightsofmuse,Lights of Muse,249,2,FTR,assets/songs/lightsofmuse/2.aff,assets/songs/lightsofmuse/base.ogg,False,False,[],False,True,musedash,False,
finalstep,Final Step!,250,0,PST,assets/songs/finalstep/0.aff,assets/songs/finalstep/base.ogg,False,False,[],False,True,musedash,False,
finalstep,Final Step!,250,1,PRS,assets/songs/finalstep/1.aff,assets/songs/finalstep/base.ogg,False,False,[],False,True,musedash,False,
finalstep,Final Step!,250,2,FTR,assets/songs/finalstep/2.aff,assets/songs/finalstep/base.ogg,False,False,[],False,True,musedash,False,
akinokagerou,Haze of Autumn,251,0,PST,assets/songs/akinokagerou/0.aff,assets/songs/akinokagerou/base.ogg,False,False,[],False,True,musedash,False,
akinokagerou,Haze of Autumn,251,1,PRS,assets/songs/akinokagerou/1.aff,assets/songs/akinokagerou/base.ogg,False,False,[],False,True,musedash,False,
akinokagerou,Haze of Autumn,251,2,FTR,assets/songs/akinokagerou/2.aff,assets/songs/akinokagerou/base.ogg,False,False,[],False,True,musedash,False,
medusa,Medusa,252,0,PST,assets/songs/medusa/0.aff,assets/songs/medusa/base.ogg,False,False,[],False,True,musedash,False,
medusa,Medusa,252,1,PRS,assets/songs/medusa/1.aff,assets/songs/medusa/base.ogg,False,False,[],False,True,musedash,False,
medusa,Medusa,252,2,FTR,assets/songs/medusa/2.aff,assets/songs/medusa/base.ogg,False,False,[],False,True,musedash,False,
init,init(),253,0,PST,assets/songs/init/0.aff,assets/songs/init/base.ogg,False,False,[],False,True,init,False,
init,init(),253,1,PRS,assets/songs/init/1.aff,assets/songs/init/base.ogg,False,False,[],False,True,init,False,
init,init(),253,2,FTR,assets/songs/init/2.aff,assets/songs/init/base.ogg,False,False,[],False,True,init,False,
internetoverdose,INTERNET OVERDOSE,254,0,PST,assets/songs/internetoverdose/0.aff,assets/songs/internetoverdose/base.ogg,False,False,[],False,True,internetoverdose,False,
internetoverdose,INTERNET OVERDOSE,254,1,PRS,assets/songs/internetoverdose/1.aff,assets/songs/internetoverdose/base.ogg,False,False,[],False,True,internetoverdose,False,
internetoverdose,INTERNET OVERDOSE,254,2,FTR,assets/songs/internetoverdose/2.aff,assets/songs/internetoverdose/base.ogg,False,False,[],False,True,internetoverdose,False,
sakurafubuki,Sakura Fubuki,255,0,PST,assets/songs/sakurafubuki/0.aff,assets/songs/sakurafubuki/base.ogg,True,True,[],True,False,,False,
sakurafubuki,Sakura Fubuki,255,1,PRS,assets/songs/sakurafubuki/1.aff,assets/songs/sakurafubuki/base.ogg,True,True,[],True,False,,False,
sakurafubuki,Sakura Fubuki,255,2,FTR,assets/songs/sakurafubuki/2.aff,assets/songs/sakurafubuki/base.ogg,True,True,[],True,False,,False,
nulctrl,NULCTRL,256,0,PST,assets/songs/nulctrl/0.aff,assets/songs/nulctrl/base.ogg,False,False,[],False,True,,True,
nulctrl,NULCTRL,256,1,PRS,assets/songs/nulctrl/1.aff,assets/songs/nulctrl/base.ogg,False,False,[],False,True,,True,
nulctrl,NULCTRL,256,2,FTR,assets/songs/nulctrl/2.aff,assets/songs/nulctrl/base.ogg,False,False,[],False,True,,True,
macromod,Macrocosmic Modulation,257,0,PST,assets/songs/macromod/0.aff,assets/songs/macromod/base.ogg,False,False,[],False,True,macromod,False,
macromod,Macrocosmic Modulation,257,1,PRS,assets/songs/macromod/1.aff,assets/songs/macromod/base.ogg,False,False,[],False,True,macromod,False,
macromod,Macrocosmic Modulation,257,2,FTR,assets/songs/macromod/2.aff,assets/songs/macromod/base.ogg,False,False,[],False,True,macromod,False,
neowings,NEO WINGS,258,0,PST,assets/songs/neowings/0.aff,assets/songs/neowings/base.ogg,False,False,[],False,True,neowings,False,
neowings,NEO WINGS,258,1,PRS,assets/songs/neowings/1.aff,assets/songs/neowings/base.ogg,False,False,[],False,True,neowings,False,
neowings,NEO WINGS,258,2,FTR,assets/songs/neowings/2.aff,assets/songs/neowings/base.ogg,False,False,[],False,True,neowings,False,
kissinglucifer,Kissing Lucifer,259,0,PST,assets/songs/kissinglucifer/0.aff,assets/songs/kissinglucifer/base.ogg,False,False,[],False,True,kissinglucifer,False,
kissinglucifer,Kissing Lucifer,259,1,PRS,assets/songs/kissinglucifer/1.aff,assets/songs/kissinglucifer/base.ogg,False,False,[],False,True,kissinglucifer,False,
kissinglucifer,Kissing Lucifer,259,2,FTR,assets/songs/kissinglucifer/2.aff,assets/songs/kissinglucifer/base.ogg,False,False,[],False,True,kissinglucifer,False,
avril,Ävril -Flicka i krans-,260,0,PST,assets/songs/avril/0.aff,assets/songs/avril/base.ogg,False,False,[],False,True,,True,
avril,Ävril -Flicka i krans-,260,1,PRS,assets/songs/avril/1.aff,assets/songs/avril/base.ogg,False,False,[],False,True,,True,
avril,Ävril -Flicka i krans-,260,2,FTR,assets/songs/avril/2.aff,assets/songs/avril/base.ogg,False,False,[],False,True,,True,
aurgelmir,Aurgelmir,261,0,PST,assets/songs/aurgelmir/0.aff,assets/songs/aurgelmir/base.ogg,False,False,[],False,True,aurgelmir,False,
aurgelmir,Aurgelmir,261,1,PRS,assets/songs/aurgelmir/1.aff,assets/songs/aurgelmir/base.ogg,False,False,[],False,True,aurgelmir,False,
aurgelmir,Aurgelmir,261,2,FTR,assets/songs/aurgelmir/2.aff,assets/songs/aurgelmir/base.ogg,False,False,[],False,True,aurgelmir,False,
headbonkache,Head BONK ache,262,0,PST,assets/songs/headbonkache/0.aff,assets/songs/headbonkache/base.ogg,False,False,[],False,True,headbonkache,False,
headbonkache,Head BONK ache,262,1,PRS,assets/songs/headbonkache/1.aff,assets/songs/headbonkache/base.ogg,False,False,[],False,True,headbonkache,False,
headbonkache,Head BONK ache,262,2,FTR,assets/songs/headbonkache/2.aff,assets/songs/headbonkache/base.ogg,False,False,[],False,True,headbonkache,False,
ddd,DDD,263,0,PST,assets/songs/ddd/0.aff,assets/songs/ddd/base.ogg,False,False,[],False,True,,True,
ddd,DDD,263,1,PRS,assets/songs/ddd/1.aff,assets/songs/ddd/base.ogg,False,False,[],False,True,,True,
ddd,DDD,263,2,FTR,assets/songs/ddd/2.aff,assets/songs/ddd/base.ogg,False,False,[],False,True,,True,
prism,Prism,264,0,PST,assets/songs/prism/0.aff,assets/songs/prism/base.ogg,False,False,[],False,True,lanota_append_1,False,
prism,Prism,264,1,PRS,assets/songs/prism/1.aff,assets/songs/prism/base.ogg,False,False,[],False,True,lanota_append_1,False,
prism,Prism,264,2,FTR,assets/songs/prism/2.aff,assets/songs/prism/base.ogg,False,False,[],False,True,lanota_append_1,False,
protoflicker,Protoflicker,265,0,PST,assets/songs/protoflicker/0.aff,assets/songs/protoflicker/base.ogg,False,False,[],False,True,lanota_append_1,False,
protoflicker,Protoflicker,265,1,PRS,assets/songs/protoflicker/1.aff,assets/songs/protoflicker/base.ogg,False,False,[],False,True,lanota_append_1,False,
protoflicker,Protoflicker,265,2,FTR,assets/songs/protoflicker/2.aff,assets/songs/protoflicker/base.ogg,False,False,[],False,True,lanota_append_1,False,
stasis,Stasis,266,0,PST,assets/songs/stasis/0.aff,assets/songs/stasis/base.ogg,False,False,[],False,True,lanota_append_1,False,
stasis,Stasis,266,1,PRS,assets/songs/stasis/1.aff,assets/songs/stasis/base.ogg,False,False,[],False,True,lanota_append_1,False,
stasis,Stasis,266,2,FTR,assets/songs/stasis/2.aff,assets/songs/stasis/base.ogg,False,False,[],False,True,lanota_append_1,False,
picopicotranslation,PICO-Pico-Translation!,267,0,PST,assets/songs/picopicotranslation/0.aff,assets/songs/picopicotranslation/base.ogg,False,False,[],False,True,picopicotranslation,False,
picopicotranslation,PICO-Pico-Translation!,267,1,PRS,assets/songs/picopicotranslation/1.aff,assets/songs/picopicotranslation/base.ogg,False,False,[],False,True,picopicotranslation,False,
picopicotranslation,PICO-Pico-Translation!,267,2,FTR,assets/songs/picopicotranslation/2.aff,assets/songs/picopicotranslation/base.ogg,False,False,[],False,True,picopicotranslation,False,
nekonote,Dancin' on a Cat's Paw,268,0,PST,assets/songs/nekonote/0.aff,assets/songs/nekonote/base.ogg,False,False,[],False,True,,True,
nekonote,Dancin' on a Cat's Paw,268,1,PRS,assets/songs/nekonote/1.aff,assets/songs/nekonote/base.ogg,False,False,[],False,True,,True,
nekonote,Dancin' on a Cat's Paw,268,2,FTR,assets/songs/nekonote/2.aff,assets/songs/nekonote/base.ogg,False,False,[],False,True,,True,
mu,μ,269,0,PST,assets/songs/mu/0.aff,assets/songs/mu/base.ogg,False,False,[],False,True,mu,False,
mu,μ,269,1,PRS,assets/songs/mu/1.aff,assets/songs/mu/base.ogg,False,False,[],False,True,mu,False,
mu,μ,269,2,FTR,assets/songs/mu/2.aff,assets/songs/mu/base.ogg,False,False,[],False,True,mu,False,
sanskia,san skia,270,0,PST,assets/songs/sanskia/0.aff,assets/songs/sanskia/base.ogg,False,False,[],False,True,,True,
sanskia,san skia,270,1,PRS,assets/songs/sanskia/1.aff,assets/songs/sanskia/base.ogg,False,False,[],False,True,,True,
sanskia,san skia,270,2,FTR,assets/songs/sanskia/2.aff,assets/songs/sanskia/base.ogg,False,False,[],False,True,,True,
altair,Altair (feat. *spiLa*),271,0,PST,assets/songs/altair/0.aff,assets/songs/altair/base.ogg,False,False,[],False,True,,True,
altair,Altair (feat. *spiLa*),271,1,PRS,assets/songs/altair/1.aff,assets/songs/altair/base.ogg,False,False,[],False,True,,True,
altair,Altair (feat. *spiLa*),271,2,FTR,assets/songs/altair/2.aff,assets/songs/altair/base.ogg,False,False,[],False,True,,True,
mukishitsu,Redraw the Colorless World,272,0,PST,assets/songs/mukishitsu/0.aff,assets/songs/mukishitsu/base.ogg,False,False,[],False,True,,True,
mukishitsu,Redraw the Colorless World,272,1,PRS,assets/songs/mukishitsu/1.aff,assets/songs/mukishitsu/base.ogg,False,False,[],False,True,,True,
mukishitsu,Redraw the Colorless World,272,2,FTR,assets/songs/mukishitsu/2.aff,assets/songs/mukishitsu/base.ogg,False,False,[],False,True,,True,
trapcrow,Trap Crow,273,0,PST,assets/songs/trapcrow/0.aff,assets/songs/trapcrow/base.ogg,False,False,[],False,True,,True,
trapcrow,Trap Crow,273,1,PRS,assets/songs/trapcrow/1.aff,assets/songs/trapcrow/base.ogg,False,False,[],False,True,,True,
trapcrow,Trap Crow,273,2,FTR,assets/songs/trapcrow/2.aff,assets/songs/trapcrow/base.ogg,False,False,[],False,True,,True,
pupa,PUPA,274,0,PST,assets/songs/pupa/0.aff,assets/songs/pupa/base.ogg,False,False,[],False,True,pupa,False,
pupa,PUPA,274,1,PRS,assets/songs/pupa/1.aff,assets/songs/pupa/base.ogg,False,False,[],False,True,pupa,False,
pupa,PUPA,274,2,FTR,assets/songs/pupa/2.aff,assets/songs/pupa/base.ogg,False,False,[],False,True,pupa,False,
defection,Defection,275,0,PST,assets/songs/defection/0.aff,assets/songs/defection/base.ogg,False,False,[],False,True,finale,False,
defection,Defection,275,1,PRS,assets/songs/defection/1.aff,assets/songs/defection/base.ogg,False,False,[],False,True,finale,False,
defection,Defection,275,2,FTR,assets/songs/defection/2.aff,assets/songs/defection/base.ogg,False,False,[],False,True,finale,False,
infinitestrife,"Infinite Strife,",276,0,PST,assets/songs/infinitestrife/0.aff,assets/songs/infinitestrife/base.ogg,False,False,"['video.mp4', 'video_audio.ogg']",False,True,finale,False,
infinitestrife,"Infinite Strife,",276,1,PRS,assets/songs/infinitestrife/1.aff,assets/songs/infinitestrife/base.ogg,False,False,"['video.mp4', 'video_audio.ogg']",False,True,finale,False,
infinitestrife,"Infinite Strife,",276,2,FTR,assets/songs/infinitestrife/2.aff,assets/songs/infinitestrife/base.ogg,False,False,"['video.mp4', 'video_audio.ogg']",False,True,finale,False,
infinitestrife,"Infinite Strife,",276,3,BYD,assets/songs/infinitestrife/3.aff,assets/songs/infinitestrife/base.ogg,False,False,"['video.mp4', 'video_audio.ogg']",False,True,finale,False,none
worldender,World Ender,277,0,PST,assets/songs/worldender/0.aff,assets/songs/worldender/base.ogg,False,False,"['video.mp4', 'video_audio.ogg']",False,True,finale,False,
worldender,World Ender,277,1,PRS,assets/songs/worldender/1.aff,assets/songs/worldender/base.ogg,False,False,"['video.mp4', 'video_audio.ogg']",False,True,finale,False,
worldender,World Ender,277,2,FTR,assets/songs/worldender/2.aff,assets/songs/worldender/base.ogg,False,False,"['video.mp4', 'video_audio.ogg']",False,True,finale,False,
worldender,World Ender,277,3,BYD,assets/songs/worldender/3.aff,assets/songs/worldender/base.ogg,False,False,"['video.mp4', 'video_audio.ogg']",False,True,finale,False,none
pentiment,Pentiment,278,0,PST,assets/songs/pentiment/0.aff,assets/songs/pentiment/base.ogg,False,False,"['video.mp4', 'video_audio.ogg']",False,True,finale,False,
pentiment,Pentiment,278,1,PRS,assets/songs/pentiment/1.aff,assets/songs/pentiment/base.ogg,False,False,"['video.mp4', 'video_audio.ogg']",False,True,finale,False,
pentiment,Pentiment,278,2,FTR,assets/songs/pentiment/2.aff,assets/songs/pentiment/base.ogg,False,False,"['video.mp4', 'video_audio.ogg']",False,True,finale,False,
pentiment,Pentiment,278,3,BYD,assets/songs/pentiment/3.aff,assets/songs/pentiment/base.ogg,False,False,"['video.mp4', 'video_audio.ogg']",False,True,finale,False,none
arcanaeden,Arcana Eden,279,0,PST,assets/songs/arcanaeden/0.aff,assets/songs/arcanaeden/base.ogg,False,False,"['video.mp4', 'video_audio.ogg']",False,True,finale,False,
arcanaeden,Arcana Eden,279,1,PRS,assets/songs/arcanaeden/1.aff,assets/songs/arcanaeden/base.ogg,False,False,"['video.mp4', 'video_audio.ogg']",False,True,finale,False,
arcanaeden,Arcana Eden,279,2,FTR,assets/songs/arcanaeden/2.aff,assets/songs/arcanaeden/base.ogg,False,False,"['video.mp4', 'video_audio.ogg']",False,True,finale,False,
arcanaeden,Arcana Eden,279,3,BYD,assets/songs/arcanaeden/3.aff,assets/songs/arcanaeden/base.ogg,False,False,"['video.mp4', 'video_audio.ogg']",False,True,finale,False,none
testify,Testify,280,0,PST,assets/songs/testify/0.aff,assets/songs/testify/base.ogg,False,False,"['video.mp4', 'video_audio.ogg']",False,True,finale,False,song
testify,Testify,280,1,PRS,assets/songs/testify/1.aff,assets/songs/testify/base.ogg,False,False,"['video.mp4', 'video_audio.ogg']",False,True,finale,False,song
testify,Testify,280,2,FTR,assets/songs/testify/2.aff,assets/songs/testify/base.ogg,False,False,"['video.mp4', 'video_audio.ogg']",False,True,finale,False,song
testify,Testify,280,3,BYD,assets/songs/testify/3.aff,assets/songs/testify/base.ogg,False,False,"['video.mp4', 'video_audio.ogg']",False,True,finale,False,song
lovelessdress,Loveless Dress,281,0,PST,assets/songs/lovelessdress/0.aff,assets/songs/lovelessdress/base.ogg,False,False,[],False,True,finale,False,song
lovelessdress,Loveless Dress,281,1,PRS,assets/songs/lovelessdress/1.aff,assets/songs/lovelessdress/base.ogg,False,False,[],False,True,finale,False,song
lovelessdress,Loveless Dress,281,2,FTR,assets/songs/lovelessdress/2.aff,assets/songs/lovelessdress/base.ogg,False,False,[],False,True,finale,False,song
last,Last,282,0,PST,assets/songs/last/0.aff,assets/songs/last/base.ogg,False,False,[],False,True,finale,False,song
last,Last,282,1,PRS,assets/songs/last/1.aff,assets/songs/last/base.ogg,False,False,[],False,True,finale,False,song
last,Last,282,2,FTR,assets/songs/last/2.aff,assets/songs/last/base.ogg,False,False,[],False,True,finale,False,song
last,Last,282,3,BYD,assets/songs/last/3.aff,assets/songs/last/3.ogg,False,False,[],False,True,finale,False,difficulty
lasteternity,Last | Eternity,283,0,PST,assets/songs/lasteternity/0.aff,assets/songs/lasteternity/base.ogg,False,False,[],False,True,finale,False,always
lasteternity,Last | Eternity,283,1,PRS,assets/songs/lasteternity/1.aff,assets/songs/lasteternity/base.ogg,False,False,[],False,True,finale,False,always
lasteternity,Last | Eternity,283,2,FTR,assets/songs/lasteternity/2.aff,assets/songs/lasteternity/base.ogg,False,False,[],False,True,finale,False,always
lasteternity,Last | Eternity,283,3,BYD,assets/songs/lasteternity/3.aff,assets/songs/lasteternity/base.ogg,False,False,[],False,True,finale,False,difficulty
callimakarma,Callima Karma,284,0,PST,assets/songs/callimakarma/0.aff,assets/songs/callimakarma/base.ogg,False,False,[],False,True,finale,False,song
callimakarma,Callima Karma,284,1,PRS,assets/songs/callimakarma/1.aff,assets/songs/callimakarma/base.ogg,False,False,[],False,True,finale,False,song
callimakarma,Callima Karma,284,2,FTR,assets/songs/callimakarma/2.aff,assets/songs/callimakarma/base.ogg,False,False,[],False,True,finale,False,song
kokoro,Heart,285,0,PST,assets/songs/kokoro/0.aff,assets/songs/kokoro/base.ogg,False,False,[],False,True,ongeki_append_1,False,
kokoro,Heart,285,1,PRS,assets/songs/kokoro/1.aff,assets/songs/kokoro/base.ogg,False,False,[],False,True,ongeki_append_1,False,
kokoro,Heart,285,2,FTR,assets/songs/kokoro/2.aff,assets/songs/kokoro/base.ogg,False,False,[],False,True,ongeki_append_1,False,
aidrew,Ai Drew,286,0,PST,assets/songs/aidrew/0.aff,assets/songs/aidrew/base.ogg,False,False,[],False,True,ongeki_append_1,False,
aidrew,Ai Drew,286,1,PRS,assets/songs/aidrew/1.aff,assets/songs/aidrew/base.ogg,False,False,[],False,True,ongeki_append_1,False,
aidrew,Ai Drew,286,2,FTR,assets/songs/aidrew/2.aff,assets/songs/aidrew/base.ogg,False,False,[],False,True,ongeki_append_1,False,
fluffyflash,FLUFFY FLASH,287,0,PST,assets/songs/fluffyflash/0.aff,assets/songs/fluffyflash/base.ogg,False,False,[],False,True,ongeki_append_1,False,
fluffyflash,FLUFFY FLASH,287,1,PRS,assets/songs/fluffyflash/1.aff,assets/songs/fluffyflash/base.ogg,False,False,[],False,True,ongeki_append_1,False,
fluffyflash,FLUFFY FLASH,287,2,FTR,assets/songs/fluffyflash/2.aff,assets/songs/fluffyflash/base.ogg,False,False,[],False,True,ongeki_append_1,False,
goodbyemerry,"Good bye, Merry-Go-Round.",288,0,PST,assets/songs/goodbyemerry/0.aff,assets/songs/goodbyemerry/base.ogg,False,False,[],False,True,ongeki_append_1,False,
goodbyemerry,"Good bye, Merry-Go-Round.",288,1,PRS,assets/songs/goodbyemerry/1.aff,assets/songs/goodbyemerry/base.ogg,False,False,[],False,True,ongeki_append_1,False,
goodbyemerry,"Good bye, Merry-Go-Round.",288,2,FTR,assets/songs/goodbyemerry/2.aff,assets/songs/goodbyemerry/base.ogg,False,False,[],False,True,ongeki_append_1,False,
lamia,LAMIA,289,0,PST,assets/songs/lamia/0.aff,assets/songs/lamia/base.ogg,False,False,[],False,True,ongeki_append_1,False,
lamia,LAMIA,289,1,PRS,assets/songs/lamia/1.aff,assets/songs/lamia/base.ogg,False,False,[],False,True,ongeki_append_1,False,
lamia,LAMIA,289,2,FTR,assets/songs/lamia/2.aff,assets/songs/lamia/base.ogg,False,False,[],False,True,ongeki_append_1,False,
freemyself,Free Myself,290,0,PST,assets/songs/freemyself/0.aff,assets/songs/freemyself/base.ogg,False,False,[],False,True,freemyself,False,
freemyself,Free Myself,290,1,PRS,assets/songs/freemyself/1.aff,assets/songs/freemyself/base.ogg,False,False,[],False,True,freemyself,False,
freemyself,Free Myself,290,2,FTR,assets/songs/freemyself/2.aff,assets/songs/freemyself/base.ogg,False,False,[],False,True,freemyself,False,
cocorocosmetic,cocoro*cosmetic,291,0,PST,assets/songs/cocorocosmetic/0.aff,assets/songs/cocorocosmetic/base.ogg,False,False,[],False,True,cocorocosmetic,False,
cocorocosmetic,cocoro*cosmetic,291,1,PRS,assets/songs/cocorocosmetic/1.aff,assets/songs/cocorocosmetic/base.ogg,False,False,[],False,True,cocorocosmetic,False,
cocorocosmetic,cocoro*cosmetic,291,2,FTR,assets/songs/cocorocosmetic/2.aff,assets/songs/cocorocosmetic/base.ogg,False,False,[],False,True,cocorocosmetic,False,
capella,Capella,292,0,PST,assets/songs/capella/0.aff,assets/songs/capella/base.ogg,False,False,[],False,True,capella,False,
capella,Capella,292,1,PRS,assets/songs/capella/1.aff,assets/songs/capella/base.ogg,False,False,[],False,True,capella,False,
capella,Capella,292,2,FTR,assets/songs/capella/2.aff,assets/songs/capella/base.ogg,False,False,[],False,True,capella,False,
dialnote,Dialnote,293,0,PST,assets/songs/dialnote/0.aff,assets/songs/dialnote/base.ogg,True,True,[],True,False,,False,
dialnote,Dialnote,293,1,PRS,assets/songs/dialnote/1.aff,assets/songs/dialnote/base.ogg,True,True,[],True,False,,False,
dialnote,Dialnote,293,2,FTR,assets/songs/dialnote/2.aff,assets/songs/dialnote/base.ogg,True,True,[],True,False,,False,
tsukinimurakumo,"Tsuki ni Murakumo, Hana ni Kaze",294,0,PST,assets/songs/tsukinimurakumo/0.aff,assets/songs/tsukinimurakumo/base.ogg,False,False,[],False,True,extend_2,True,
tsukinimurakumo,"Tsuki ni Murakumo, Hana ni Kaze",294,1,PRS,assets/songs/tsukinimurakumo/1.aff,assets/songs/tsukinimurakumo/base.ogg,False,False,[],False,True,extend_2,True,
tsukinimurakumo,"Tsuki ni Murakumo, Hana ni Kaze",294,2,FTR,assets/songs/tsukinimurakumo/2.aff,assets/songs/tsukinimurakumo/base.ogg,False,False,[],False,True,extend_2,True,
mantis,MANTIS (Arcaea Ultra-Bloodrush VIP),295,0,PST,assets/songs/mantis/0.aff,assets/songs/mantis/base.ogg,False,False,[],False,True,extend_2,True,
mantis,MANTIS (Arcaea Ultra-Bloodrush VIP),295,1,PRS,assets/songs/mantis/1.aff,assets/songs/mantis/base.ogg,False,False,[],False,True,extend_2,True,
mantis,MANTIS (Arcaea Ultra-Bloodrush VIP),295,2,FTR,assets/songs/mantis/2.aff,assets/songs/mantis/base.ogg,False,False,[],False,True,extend_2,True,
worldfragments,World Fragments III(radio edit),296,0,PST,assets/songs/worldfragments/0.aff,assets/songs/worldfragments/base.ogg,False,False,[],False,True,extend_2,True,
worldfragments,World Fragments III(radio edit),296,1,PRS,assets/songs/worldfragments/1.aff,assets/songs/worldfragments/base.ogg,False,False,[],False,True,extend_2,True,
worldfragments,World Fragments III(radio edit),296,2,FTR,assets/songs/worldfragments/2.aff,assets/songs/worldfragments/base.ogg,False,False,[],False,True,extend_2,True,
astrawalkthrough,Astra walkthrough,297,0,PST,assets/songs/astrawalkthrough/0.aff,assets/songs/astrawalkthrough/base.ogg,False,False,[],False,True,extend_2,True,
astrawalkthrough,Astra walkthrough,297,1,PRS,assets/songs/astrawalkthrough/1.aff,assets/songs/astrawalkthrough/base.ogg,False,False,[],False,True,extend_2,True,
astrawalkthrough,Astra walkthrough,297,2,FTR,assets/songs/astrawalkthrough/2.aff,assets/songs/astrawalkthrough/base.ogg,False,False,[],False,True,extend_2,True,
chronicle,Chronicle,298,0,PST,assets/songs/chronicle/0.aff,assets/songs/chronicle/base.ogg,False,False,[],False,True,extend_2,True,
chronicle,Chronicle,298,1,PRS,assets/songs/chronicle/1.aff,assets/songs/chronicle/base.ogg,False,False,[],False,True,extend_2,True,
chronicle,Chronicle,298,2,FTR,assets/songs/chronicle/2.aff,assets/songs/chronicle/base.ogg,False,False,[],False,True,extend_2,True,
nullapophenia,NULL APOPHENIA,299,0,PST,assets/songs/nullapophenia/0.aff,assets/songs/nullapophenia/base.ogg,False,False,[],False,True,nullapophenia,False,
nullapophenia,NULL APOPHENIA,299,1,PRS,assets/songs/nullapophenia/1.aff,assets/songs/nullapophenia/base.ogg,False,False,[],False,True,nullapophenia,False,
nullapophenia,NULL APOPHENIA,299,2,FTR,assets/songs/nullapophenia/2.aff,assets/songs/nullapophenia/base.ogg,False,False,[],False,True,nullapophenia,False,
crimsonthrone,Crimson Throne,300,0,PST,assets/songs/crimsonthrone/0.aff,assets/songs/crimsonthrone/base.ogg,False,False,[],False,True,crimsonthrone,False,
crimsonthrone,Crimson Throne,300,1,PRS,assets/songs/crimsonthrone/1.aff,assets/songs/crimsonthrone/base.ogg,False,False,[],False,True,crimsonthrone,False,
crimsonthrone,Crimson Throne,300,2,FTR,assets/songs/crimsonthrone/2.aff,assets/songs/crimsonthrone/base.ogg,False,False,[],False,True,crimsonthrone,False,
manicjeer,Manic Jeer,301,0,PST,assets/songs/manicjeer/0.aff,assets/songs/manicjeer/base.ogg,False,False,[],False,True,manicjeer,False,
manicjeer,Manic Jeer,301,1,PRS,assets/songs/manicjeer/1.aff,assets/songs/manicjeer/base.ogg,False,False,[],False,True,manicjeer,False,
manicjeer,Manic Jeer,301,2,FTR,assets/songs/manicjeer/2.aff,assets/songs/manicjeer/base.ogg,False,False,[],False,True,manicjeer,False,
hiirogekka,"Hiiro Gekka, Kyoushou no Zetsu (nayuta 2017 ver.)",302,0,PST,assets/songs/hiirogekka/0.aff,assets/songs/hiirogekka/base.ogg,False,False,[],False,True,hiirogekka,False,
hiirogekka,"Hiiro Gekka, Kyoushou no Zetsu (nayuta 2017 ver.)",302,1,PRS,assets/songs/hiirogekka/1.aff,assets/songs/hiirogekka/base.ogg,False,False,[],False,True,hiirogekka,False,
hiirogekka,"Hiiro Gekka, Kyoushou no Zetsu (nayuta 2017 ver.)",302,2,FTR,assets/songs/hiirogekka/2.aff,assets/songs/hiirogekka/base.ogg,False,False,[],False,True,hiirogekka,False,
letsrock,Let's Rock (Arcaea mix),303,0,PST,assets/songs/letsrock/0.aff,assets/songs/letsrock/base.ogg,False,False,[],False,True,extend_2,True,
letsrock,Let's Rock (Arcaea mix),303,1,PRS,assets/songs/letsrock/1.aff,assets/songs/letsrock/base.ogg,False,False,[],False,True,extend_2,True,
letsrock,Let's Rock (Arcaea mix),303,2,FTR,assets/songs/letsrock/2.aff,assets/songs/letsrock/base.ogg,False,False,[],False,True,extend_2,True,
cycles,CYCLES,304,0,PST,assets/songs/cycles/0.aff,assets/songs/cycles/base.ogg,False,False,[],False,True,maimai_append_1,False,
cycles,CYCLES,304,1,PRS,assets/songs/cycles/1.aff,assets/songs/cycles/base.ogg,False,False,[],False,True,maimai_append_1,False,
cycles,CYCLES,304,2,FTR,assets/songs/cycles/2.aff,assets/songs/cycles/base.ogg,False,False,[],False,True,maimai_append_1,False,
maxrage,MAXRAGE,305,0,PST,assets/songs/maxrage/0.aff,assets/songs/maxrage/base.ogg,False,False,[],False,True,maimai_append_1,False,
maxrage,MAXRAGE,305,1,PRS,assets/songs/maxrage/1.aff,assets/songs/maxrage/base.ogg,False,False,[],False,True,maimai_append_1,False,
maxrage,MAXRAGE,305,2,FTR,assets/songs/maxrage/2.aff,assets/songs/maxrage/base.ogg,False,False,[],False,True,maimai_append_1,False,
infinity,[X],306,0,PST,assets/songs/infinity/0.aff,assets/songs/infinity/base.ogg,False,False,[],False,True,maimai_append_1,False,
infinity,[X],306,1,PRS,assets/songs/infinity/1.aff,assets/songs/infinity/base.ogg,False,False,[],False,True,maimai_append_1,False,
infinity,[X],306,2,FTR,assets/songs/infinity/2.aff,assets/songs/infinity/base.ogg,False,False,[],False,True,maimai_append_1,False,
temptation,TEmPTaTiON,307,0,PST,assets/songs/temptation/0.aff,assets/songs/temptation/base.ogg,False,False,[],False,True,maimai_append_1,False,
temptation,TEmPTaTiON,307,1,PRS,assets/songs/temptation/1.aff,assets/songs/temptation/base.ogg,False,False,[],False,True,maimai_append_1,False,
temptation,TEmPTaTiON,307,2,FTR,assets/songs/temptation/2.aff,assets/songs/temptation/base.ogg,False,False,[],False,True,maimai_append_1,False,
primitivelights,PRIMITIVE LIGHTS,308,0,PST,assets/songs/primitivelights/0.aff,assets/songs/primitivelights/base.ogg,False,False,[],False,True,primitivelights,False,
primitivelights,PRIMITIVE LIGHTS,308,1,PRS,assets/songs/primitivelights/1.aff,assets/songs/primitivelights/base.ogg,False,False,[],False,True,primitivelights,False,
primitivelights,PRIMITIVE LIGHTS,308,2,FTR,assets/songs/primitivelights/2.aff,assets/songs/primitivelights/base.ogg,False,False,[],False,True,primitivelights,False,
cosmopop,Cosmo Pop Funclub,309,0,PST,assets/songs/cosmopop/0.aff,assets/songs/cosmopop/base.ogg,False,False,[],False,True,chunithm_append_2,False,
cosmopop,Cosmo Pop Funclub,309,1,PRS,assets/songs/cosmopop/1.aff,assets/songs/cosmopop/base.ogg,False,False,[],False,True,chunithm_append_2,False,
cosmopop,Cosmo Pop Funclub,309,2,FTR,assets/songs/cosmopop/2.aff,assets/songs/cosmopop/base.ogg,False,False,[],False,True,chunithm_append_2,False,
impact,IMPACT,310,0,PST,assets/songs/impact/0.aff,assets/songs/impact/base.ogg,False,False,[],False,True,chunithm_append_2,False,
impact,IMPACT,310,1,PRS,assets/songs/impact/1.aff,assets/songs/impact/base.ogg,False,False,[],False,True,chunithm_append_2,False,
impact,IMPACT,310,2,FTR,assets/songs/impact/2.aff,assets/songs/impact/base.ogg,False,False,[],False,True,chunithm_append_2,False,
impact,IMPACT,310,3,BYD,assets/songs/impact/3.aff,assets/songs/impact/base.ogg,False,False,[],False,True,chunithm_append_2,False,
genesischunithm,Genesis,311,0,PST,assets/songs/genesischunithm/0.aff,assets/songs/genesischunithm/base.ogg,False,False,[],False,True,chunithm_append_2,False,
genesischunithm,Genesis,311,1,PRS,assets/songs/genesischunithm/1.aff,assets/songs/genesischunithm/base.ogg,False,False,[],False,True,chunithm_append_2,False,
genesischunithm,Genesis,311,2,FTR,assets/songs/genesischunithm/2.aff,assets/songs/genesischunithm/base.ogg,False,False,[],False,True,chunithm_append_2,False,
trrricksters,Trrricksters!!,312,0,PST,assets/songs/trrricksters/0.aff,assets/songs/trrricksters/base.ogg,False,False,[],False,True,chunithm_append_2,False,
trrricksters,Trrricksters!!,312,1,PRS,assets/songs/trrricksters/1.aff,assets/songs/trrricksters/base.ogg,False,False,[],False,True,chunithm_append_2,False,
trrricksters,Trrricksters!!,312,2,FTR,assets/songs/trrricksters/2.aff,assets/songs/trrricksters/base.ogg,False,False,[],False,True,chunithm_append_2,False,
spidersthread,Spider's Thread,313,0,PST,assets/songs/spidersthread/0.aff,assets/songs/spidersthread/base.ogg,False,False,[],False,True,chunithm_append_2,False,
spidersthread,Spider's Thread,313,1,PRS,assets/songs/spidersthread/1.aff,assets/songs/spidersthread/base.ogg,False,False,[],False,True,chunithm_append_2,False,
spidersthread,Spider's Thread,313,2,FTR,assets/songs/spidersthread/2.aff,assets/songs/spidersthread/base.ogg,False,False,[],False,True,chunithm_append_2,False,
lostemotion,Lost Emotion feat. nomico,314,0,PST,assets/songs/lostemotion/0.aff,assets/songs/lostemotion/base.ogg,False,False,[],False,True,extend_2,True,
lostemotion,Lost Emotion feat. nomico,314,1,PRS,assets/songs/lostemotion/1.aff,assets/songs/lostemotion/base.ogg,False,False,[],False,True,extend_2,True,
lostemotion,Lost Emotion feat. nomico,314,2,FTR,assets/songs/lostemotion/2.aff,assets/songs/lostemotion/base.ogg,False,False,[],False,True,extend_2,True,
gimmick,GIMMICK,315,0,PST,assets/songs/gimmick/0.aff,assets/songs/gimmick/base.ogg,False,False,[],False,True,extend_2,True,
gimmick,GIMMICK,315,1,PRS,assets/songs/gimmick/1.aff,assets/songs/gimmick/base.ogg,False,False,[],False,True,extend_2,True,
gimmick,GIMMICK,315,2,FTR,assets/songs/gimmick/2.aff,assets/songs/gimmick/base.ogg,False,False,[],False,True,extend_2,True,
thesurvivor,The Survivor (Game Edit),316,0,PST,assets/songs/thesurvivor/0.aff,assets/songs/thesurvivor/base.ogg,False,False,[],False,True,thesurvivor,False,
thesurvivor,The Survivor (Game Edit),316,1,PRS,assets/songs/thesurvivor/1.aff,assets/songs/thesurvivor/base.ogg,False,False,[],False,True,thesurvivor,False,
thesurvivor,The Survivor (Game Edit),316,2,FTR,assets/songs/thesurvivor/2.aff,assets/songs/thesurvivor/base.ogg,False,False,[],False,True,thesurvivor,False,
newyorkbackraise,New York Back Raise,317,0,PST,assets/songs/newyorkbackraise/0.aff,assets/songs/newyorkbackraise/base.ogg,False,False,[],False,True,newyorkbackraise,False,
newyorkbackraise,New York Back Raise,317,1,PRS,assets/songs/newyorkbackraise/1.aff,assets/songs/newyorkbackraise/base.ogg,False,False,[],False,True,newyorkbackraise,False,
newyorkbackraise,New York Back Raise,317,2,FTR,assets/songs/newyorkbackraise/2.aff,assets/songs/newyorkbackraise/base.ogg,False,False,[],False,True,newyorkbackraise,False,
galacticlove,Galactic Love,318,0,PST,assets/songs/galacticlove/0.aff,assets/songs/galacticlove/base.ogg,False,False,[],False,True,galacticlove,False,
galacticlove,Galactic Love,318,1,PRS,assets/songs/galacticlove/1.aff,assets/songs/galacticlove/base.ogg,False,False,[],False,True,galacticlove,False,
galacticlove,Galactic Love,318,2,FTR,assets/songs/galacticlove/2.aff,assets/songs/galacticlove/base.ogg,False,False,[],False,True,galacticlove,False,
lawlesspoint,Lawless Point,319,0,PST,assets/songs/lawlesspoint/0.aff,assets/songs/lawlesspoint/base.ogg,False,False,[],False,True,extend_2,True,
lawlesspoint,Lawless Point,319,1,PRS,assets/songs/lawlesspoint/1.aff,assets/songs/lawlesspoint/base.ogg,False,False,[],False,True,extend_2,True,
lawlesspoint,Lawless Point,319,2,FTR,assets/songs/lawlesspoint/2.aff,assets/songs/lawlesspoint/base.ogg,False,False,[],False,True,extend_2,True,
lostintheabyss,Lost in the Abyss,320,0,PST,assets/songs/lostintheabyss/0.aff,assets/songs/lostintheabyss/base.ogg,False,False,[],False,True,lostintheabyss,False,
lostintheabyss,Lost in the Abyss,320,1,PRS,assets/songs/lostintheabyss/1.aff,assets/songs/lostintheabyss/base.ogg,False,False,[],False,True,lostintheabyss,False,
lostintheabyss,Lost in the Abyss,320,2,FTR,assets/songs/lostintheabyss/2.aff,assets/songs/lostintheabyss/base.ogg,False,False,[],False,True,lostintheabyss,False,
hybris,Hybris (The one who shattered),321,0,PST,assets/songs/hybris/0.aff,assets/songs/hybris/base.ogg,False,False,[],False,True,extend_2,True,
hybris,Hybris (The one who shattered),321,1,PRS,assets/songs/hybris/1.aff,assets/songs/hybris/base.ogg,False,False,[],False,True,extend_2,True,
hybris,Hybris (The one who shattered),321,2,FTR,assets/songs/hybris/2.aff,assets/songs/hybris/base.ogg,False,False,[],False,True,extend_2,True,
tothemilkyway,To the Milky Way,322,0,PST,assets/songs/tothemilkyway/0.aff,assets/songs/tothemilkyway/base.ogg,False,False,[],False,True,tothemilkyway,False,
tothemilkyway,To the Milky Way,322,1,PRS,assets/songs/tothemilkyway/1.aff,assets/songs/tothemilkyway/base.ogg,False,False,[],False,True,tothemilkyway,False,
tothemilkyway,To the Milky Way,322,2,FTR,assets/songs/tothemilkyway/2.aff,assets/songs/tothemilkyway/base.ogg,False,False,[],False,True,tothemilkyway,False,
internetyamero,INTERNET YAMERO,323,0,PST,assets/songs/internetyamero/0.aff,assets/songs/internetyamero/base.ogg,False,False,[],False,True,internetyamero,False,
internetyamero,INTERNET YAMERO,323,1,PRS,assets/songs/internetyamero/1.aff,assets/songs/internetyamero/base.ogg,False,False,[],False,True,internetyamero,False,
internetyamero,INTERNET YAMERO,323,2,FTR,assets/songs/internetyamero/2.aff,assets/songs/internetyamero/base.ogg,False,False,[],False,True,internetyamero,False,
bulletwaiting,Bullet Waiting for Me (James Landino remix),324,0,PST,assets/songs/bulletwaiting/0.aff,assets/songs/bulletwaiting/base.ogg,False,False,[],False,True,cytusii,False,
bulletwaiting,Bullet Waiting for Me (James Landino remix),324,1,PRS,assets/songs/bulletwaiting/1.aff,assets/songs/bulletwaiting/base.ogg,False,False,[],False,True,cytusii,False,
bulletwaiting,Bullet Waiting for Me (James Landino remix),324,2,FTR,assets/songs/bulletwaiting/2.aff,assets/songs/bulletwaiting/base.ogg,False,False,[],False,True,cytusii,False,
devillicsphere,Devillic Sphere,325,0,PST,assets/songs/devillicsphere/0.aff,assets/songs/devillicsphere/base.ogg,False,False,[],False,True,cytusii,False,
devillicsphere,Devillic Sphere,325,1,PRS,assets/songs/devillicsphere/1.aff,assets/songs/devillicsphere/base.ogg,False,False,[],False,True,cytusii,False,
devillicsphere,Devillic Sphere,325,2,FTR,assets/songs/devillicsphere/2.aff,assets/songs/devillicsphere/base.ogg,False,False,[],False,True,cytusii,False,
lucidtraveler,Lucid Traveler,326,0,PST,assets/songs/lucidtraveler/0.aff,assets/songs/lucidtraveler/base.ogg,False,False,[],False,True,cytusii,False,
lucidtraveler,Lucid Traveler,326,1,PRS,assets/songs/lucidtraveler/1.aff,assets/songs/lucidtraveler/base.ogg,False,False,[],False,True,cytusii,False,
lucidtraveler,Lucid Traveler,326,2,FTR,assets/songs/lucidtraveler/2.aff,assets/songs/lucidtraveler/base.ogg,False,False,[],False,True,cytusii,False,
chaos,CHAOS,327,0,PST,assets/songs/chaos/0.aff,assets/songs/chaos/base.ogg,False,False,[],False,True,cytusii,False,
chaos,CHAOS,327,1,PRS,assets/songs/chaos/1.aff,assets/songs/chaos/base.ogg,False,False,[],False,True,cytusii,False,
chaos,CHAOS,327,2,FTR,assets/songs/chaos/2.aff,assets/songs/chaos/base.ogg,False,False,[],False,True,cytusii,False,
usedtobe,Used to be,328,0,PST,assets/songs/usedtobe/0.aff,assets/songs/usedtobe/base.ogg,False,False,[],False,True,cytusii,False,
usedtobe,Used to be,328,1,PRS,assets/songs/usedtobe/1.aff,assets/songs/usedtobe/base.ogg,False,False,[],False,True,cytusii,False,
usedtobe,Used to be,328,2,FTR,assets/songs/usedtobe/2.aff,assets/songs/usedtobe/base.ogg,False,False,[],False,True,cytusii,False,
ultimatetaste,Ultimate taste,329,0,PST,assets/songs/ultimatetaste/0.aff,assets/songs/ultimatetaste/base.ogg,False,False,[],False,True,extend_2,True,
ultimatetaste,Ultimate taste,329,1,PRS,assets/songs/ultimatetaste/1.aff,assets/songs/ultimatetaste/base.ogg,False,False,[],False,True,extend_2,True,
ultimatetaste,Ultimate taste,329,2,FTR,assets/songs/ultimatetaste/2.aff,assets/songs/ultimatetaste/base.ogg,False,False,[],False,True,extend_2,True,
syuten,syūten,330,0,PST,assets/songs/syuten/0.aff,assets/songs/syuten/base.ogg,False,False,[],False,True,cytusii_append_1,False,
syuten,syūten,330,1,PRS,assets/songs/syuten/1.aff,assets/songs/syuten/base.ogg,False,False,[],False,True,cytusii_append_1,False,
syuten,syūten,330,2,FTR,assets/songs/syuten/2.aff,assets/songs/syuten/base.ogg,False,False,[],False,True,cytusii_append_1,False,
drg,DRG,331,0,PST,assets/songs/drg/0.aff,assets/songs/drg/base.ogg,False,False,[],False,True,cytusii_append_1,False,
drg,DRG,331,1,PRS,assets/songs/drg/1.aff,assets/songs/drg/base.ogg,False,False,[],False,True,cytusii_append_1,False,
drg,DRG,331,2,FTR,assets/songs/drg/2.aff,assets/songs/drg/base.ogg,False,False,[],False,True,cytusii_append_1,False,
nnglooms,99 Glooms,332,0,PST,assets/songs/nnglooms/0.aff,assets/songs/nnglooms/base.ogg,False,False,[],False,True,cytusii_append_1,False,
nnglooms,99 Glooms,332,1,PRS,assets/songs/nnglooms/1.aff,assets/songs/nnglooms/base.ogg,False,False,[],False,True,cytusii_append_1,False,
nnglooms,99 Glooms,332,2,FTR,assets/songs/nnglooms/2.aff,assets/songs/nnglooms/base.ogg,False,False,[],False,True,cytusii_append_1,False,
ii, ͟͝͞Ⅱ́̕ ,333,0,PST,assets/songs/ii/0.aff,assets/songs/ii/base.ogg,False,False,[],False,True,cytusii_append_1,False,
ii, ͟͝͞Ⅱ́̕ ,333,1,PRS,assets/songs/ii/1.aff,assets/songs/ii/base.ogg,False,False,[],False,True,cytusii_append_1,False,
ii, ͟͝͞Ⅱ́̕ ,333,2,FTR,assets/songs/ii/2.aff,assets/songs/ii/base.ogg,False,False,[],False,True,cytusii_append_1,False,
magnolia,Magnolia,334,0,PST,assets/songs/magnolia/0.aff,assets/songs/magnolia/base.ogg,False,False,[],False,True,cytusii_append_1,False,
magnolia,Magnolia,334,1,PRS,assets/songs/magnolia/1.aff,assets/songs/magnolia/base.ogg,False,False,[],False,True,cytusii_append_1,False,
magnolia,Magnolia,334,2,FTR,assets/songs/magnolia/2.aff,assets/songs/magnolia/base.ogg,False,False,[],False,True,cytusii_append_1,False,
sacrifice,SACRIFICE feat. ayame,335,0,PST,assets/songs/sacrifice/0.aff,assets/songs/sacrifice/base.ogg,False,False,[],False,True,sacrifice,False,
sacrifice,SACRIFICE feat. ayame,335,1,PRS,assets/songs/sacrifice/1.aff,assets/songs/sacrifice/base.ogg,False,False,[],False,True,sacrifice,False,
sacrifice,SACRIFICE feat. ayame,335,2,FTR,assets/songs/sacrifice/2.aff,assets/songs/sacrifice/base.ogg,False,False,[],False,True,sacrifice,False,
rgb,RGB,336,0,PST,assets/songs/rgb/0.aff,assets/songs/rgb/base.ogg,False,False,[],False,True,extend_2,True,
rgb,RGB,336,1,PRS,assets/songs/rgb/1.aff,assets/songs/rgb/base.ogg,False,False,[],False,True,extend_2,True,
rgb,RGB,336,2,FTR,assets/songs/rgb/2.aff,assets/songs/rgb/base.ogg,False,False,[],False,True,extend_2,True,
waitfordawn,WAIT FOR DAWN,337,0,PST,assets/songs/waitfordawn/0.aff,assets/songs/waitfordawn/base.ogg,False,False,[],False,True,eden,False,
waitfordawn,WAIT FOR DAWN,337,1,PRS,assets/songs/waitfordawn/1.aff,assets/songs/waitfordawn/base.ogg,False,False,[],False,True,eden,False,
waitfordawn,WAIT FOR DAWN,337,2,FTR,assets/songs/waitfordawn/2.aff,assets/songs/waitfordawn/base.ogg,False,False,[],False,True,eden,False,
ravenspride,Raven's Pride,338,0,PST,assets/songs/ravenspride/0.aff,assets/songs/ravenspride/base.ogg,False,False,[],False,True,eden,False,
ravenspride,Raven's Pride,338,1,PRS,assets/songs/ravenspride/1.aff,assets/songs/ravenspride/base.ogg,False,False,[],False,True,eden,False,
ravenspride,Raven's Pride,338,2,FTR,assets/songs/ravenspride/2.aff,assets/songs/ravenspride/base.ogg,False,False,[],False,True,eden,False,
riseoftheworld,Rise of the World,339,0,PST,assets/songs/riseoftheworld/0.aff,assets/songs/riseoftheworld/base.ogg,False,False,[],False,True,eden,False,
riseoftheworld,Rise of the World,339,1,PRS,assets/songs/riseoftheworld/1.aff,assets/songs/riseoftheworld/base.ogg,False,False,[],False,True,eden,False,
riseoftheworld,Rise of the World,339,2,FTR,assets/songs/riseoftheworld/2.aff,assets/songs/riseoftheworld/base.ogg,False,False,[],False,True,eden,False,
unknownlevels,UNKNOWN LEVELS,340,0,PST,assets/songs/unknownlevels/0.aff,assets/songs/unknownlevels/base.ogg,False,False,[],False,True,eden,False,
unknownlevels,UNKNOWN LEVELS,340,1,PRS,assets/songs/unknownlevels/1.aff,assets/songs/unknownlevels/base.ogg,False,False,[],False,True,eden,False,
unknownlevels,UNKNOWN LEVELS,340,2,FTR,assets/songs/unknownlevels/2.aff,assets/songs/unknownlevels/base.ogg,False,False,[],False,True,eden,False,
abstrusedilemma,Abstruse Dilemma,341,0,PST,assets/songs/abstrusedilemma/0.aff,assets/songs/abstrusedilemma/base.ogg,False,False,[],False,True,eden,False,
abstrusedilemma,Abstruse Dilemma,341,1,PRS,assets/songs/abstrusedilemma/1.aff,assets/songs/abstrusedilemma/base.ogg,False,False,[],False,True,eden,False,
abstrusedilemma,Abstruse Dilemma,341,2,FTR,assets/songs/abstrusedilemma/2.aff,assets/songs/abstrusedilemma/base.ogg,False,False,[],False,True,eden,False,
matenrou,Kanjou no Matenrou ～Arr.Demetori,342,0,PST,assets/songs/matenrou/0.aff,assets/songs/matenrou/base.ogg,False,False,[],False,True,extend_2,True,
matenrou,Kanjou no Matenrou ～Arr.Demetori,342,1,PRS,assets/songs/matenrou/1.aff,assets/songs/matenrou/base.ogg,False,False,[],False,True,extend_2,True,
matenrou,Kanjou no Matenrou ～Arr.Demetori,342,2,FTR,assets/songs/matenrou/2.aff,assets/songs/matenrou/base.ogg,False,False,[],False,True,extend_2,True,
tothefurthestdream,To the Furthest Dream,343,0,PST,assets/songs/tothefurthestdream/0.aff,assets/songs/tothefurthestdream/base.ogg,False,False,[],False,True,tothefurthestdream,False,
tothefurthestdream,To the Furthest Dream,343,1,PRS,assets/songs/tothefurthestdream/1.aff,assets/songs/tothefurthestdream/base.ogg,False,False,[],False,True,tothefurthestdream,False,
tothefurthestdream,To the Furthest Dream,343,2,FTR,assets/songs/tothefurthestdream/2.aff,assets/songs/tothefurthestdream/base.ogg,False,False,[],False,True,tothefurthestdream,False,
remindthesouls,Remind the Souls (Short Version),344,0,PST,assets/songs/remindthesouls/0.aff,assets/songs/remindthesouls/base.ogg,True,True,[],True,False,,False,
remindthesouls,Remind the Souls (Short Version),344,1,PRS,assets/songs/remindthesouls/1.aff,assets/songs/remindthesouls/base.ogg,True,True,[],True,False,,False,
remindthesouls,Remind the Souls (Short Version),344,2,FTR,assets/songs/remindthesouls/2.aff,assets/songs/remindthesouls/base.ogg,True,True,[],True,False,,False,
dynitikos,Dynitikós,345,0,PST,assets/songs/dynitikos/0.aff,assets/songs/dynitikos/base.ogg,False,False,[],False,True,extend_2,True,
dynitikos,Dynitikós,345,1,PRS,assets/songs/dynitikos/1.aff,assets/songs/dynitikos/base.ogg,False,False,[],False,True,extend_2,True,
dynitikos,Dynitikós,345,2,FTR,assets/songs/dynitikos/2.aff,assets/songs/dynitikos/base.ogg,False,False,[],False,True,extend_2,True,
amekagura,Amekagura,346,0,PST,assets/songs/amekagura/0.aff,assets/songs/amekagura/base.ogg,False,False,[],False,True,extend_2,True,
amekagura,Amekagura,346,1,PRS,assets/songs/amekagura/1.aff,assets/songs/amekagura/base.ogg,False,False,[],False,True,extend_2,True,
amekagura,Amekagura,346,2,FTR,assets/songs/amekagura/2.aff,assets/songs/amekagura/base.ogg,False,False,[],False,True,extend_2,True,
bbkkbkk,B.B.K.K.B.K.K.,347,0,PST,assets/songs/bbkkbkk/0.aff,assets/songs/bbkkbkk/base.ogg,False,False,[],False,True,bbkkbkk,False,
bbkkbkk,B.B.K.K.B.K.K.,347,1,PRS,assets/songs/bbkkbkk/1.aff,assets/songs/bbkkbkk/base.ogg,False,False,[],False,True,bbkkbkk,False,
bbkkbkk,B.B.K.K.B.K.K.,347,2,FTR,assets/songs/bbkkbkk/2.aff,assets/songs/bbkkbkk/base.ogg,False,False,[],False,True,bbkkbkk,False,
primevaltexture,Primeval Texture,348,0,PST,assets/songs/primevaltexture/0.aff,assets/songs/primevaltexture/base.ogg,False,False,[],False,True,eden_append_1,False,
primevaltexture,Primeval Texture,348,1,PRS,assets/songs/primevaltexture/1.aff,assets/songs/primevaltexture/base.ogg,False,False,[],False,True,eden_append_1,False,
primevaltexture,Primeval Texture,348,2,FTR,assets/songs/primevaltexture/2.aff,assets/songs/primevaltexture/base.ogg,False,False,[],False,True,eden_append_1,False,
technicolour,Technicolour,349,0,PST,assets/songs/technicolour/0.aff,assets/songs/technicolour/base.ogg,False,False,[],False,True,eden_append_1,False,
technicolour,Technicolour,349,1,PRS,assets/songs/technicolour/1.aff,assets/songs/technicolour/base.ogg,False,False,[],False,True,eden_append_1,False,
technicolour,Technicolour,349,2,FTR,assets/songs/technicolour/2.aff,assets/songs/technicolour/base.ogg,False,False,[],False,True,eden_append_1,False,
logos,Logos,350,0,PST,assets/songs/logos/0.aff,assets/songs/logos/base.ogg,False,False,[],False,True,eden_append_1,False,
logos,Logos,350,1,PRS,assets/songs/logos/1.aff,assets/songs/logos/base.ogg,False,False,[],False,True,eden_append_1,False,
logos,Logos,350,2,FTR,assets/songs/logos/2.aff,assets/songs/logos/base.ogg,False,False,[],False,True,eden_append_1,False,
egoeimi,Ego Eimi,351,0,PST,assets/songs/egoeimi/0.aff,assets/songs/egoeimi/base.ogg,False,False,[],False,True,eden_append_1,False,
egoeimi,Ego Eimi,351,1,PRS,assets/songs/egoeimi/1.aff,assets/songs/egoeimi/base.ogg,False,False,[],False,True,eden_append_1,False,
egoeimi,Ego Eimi,351,2,FTR,assets/songs/egoeimi/2.aff,assets/songs/egoeimi/base.ogg,False,False,[],False,True,eden_append_1,False,
arghena,Arghena,352,0,PST,assets/songs/arghena/0.aff,assets/songs/arghena/base.ogg,False,False,[],False,True,eden_append_1,False,
arghena,Arghena,352,1,PRS,assets/songs/arghena/1.aff,assets/songs/arghena/base.ogg,False,False,[],False,True,eden_append_1,False,
arghena,Arghena,352,2,FTR,assets/songs/arghena/2.aff,assets/songs/arghena/base.ogg,False,False,[],False,True,eden_append_1,False,
fantasy,FANTA5Y,353,0,PST,assets/songs/fantasy/0.aff,assets/songs/fantasy/base.ogg,False,False,[],False,True,extend_2,True,
fantasy,FANTA5Y,353,1,PRS,assets/songs/fantasy/1.aff,assets/songs/fantasy/base.ogg,False,False,[],False,True,extend_2,True,
fantasy,FANTA5Y,353,2,FTR,assets/songs/fantasy/2.aff,assets/songs/fantasy/base.ogg,False,False,[],False,True,extend_2,True,
transientspace,Transient Space,354,0,PST,assets/songs/transientspace/0.aff,assets/songs/transientspace/base.ogg,False,False,[],False,True,eden_append_2,False,
transientspace,Transient Space,354,1,PRS,assets/songs/transientspace/1.aff,assets/songs/transientspace/base.ogg,False,False,[],False,True,eden_append_2,False,
transientspace,Transient Space,354,2,FTR,assets/songs/transientspace/2.aff,assets/songs/transientspace/base.ogg,False,False,[],False,True,eden_append_2,False,
namelesspassion,Nameless Passion,355,0,PST,assets/songs/namelesspassion/0.aff,assets/songs/namelesspassion/base.ogg,False,False,[],False,True,eden_append_2,False,
namelesspassion,Nameless Passion,355,1,PRS,assets/songs/namelesspassion/1.aff,assets/songs/namelesspassion/base.ogg,False,False,[],False,True,eden_append_2,False,
namelesspassion,Nameless Passion,355,2,FTR,assets/songs/namelesspassion/2.aff,assets/songs/namelesspassion/base.ogg,False,False,[],False,True,eden_append_2,False,
teravolt,TeraVolt,356,0,PST,assets/songs/teravolt/0.aff,assets/songs/teravolt/base.ogg,False,False,[],False,True,eden_append_2,False,
teravolt,TeraVolt,356,1,PRS,assets/songs/teravolt/1.aff,assets/songs/teravolt/base.ogg,False,False,[],False,True,eden_append_2,False,
teravolt,TeraVolt,356,2,FTR,assets/songs/teravolt/2.aff,assets/songs/teravolt/base.ogg,False,False,[],False,True,eden_append_2,False,
stratoliner,Stratoliner,357,0,PST,assets/songs/stratoliner/0.aff,assets/songs/stratoliner/base.ogg,False,False,[],False,True,wacca_append_1,False,
stratoliner,Stratoliner,357,1,PRS,assets/songs/stratoliner/1.aff,assets/songs/stratoliner/base.ogg,False,False,[],False,True,wacca_append_1,False,
stratoliner,Stratoliner,357,2,FTR,assets/songs/stratoliner/2.aff,assets/songs/stratoliner/base.ogg,False,False,[],False,True,wacca_append_1,False,
ouverture,Ouvertüre,358,0,PST,assets/songs/ouverture/0.aff,assets/songs/ouverture/base.ogg,False,False,[],False,True,wacca_append_1,False,
ouverture,Ouvertüre,358,1,PRS,assets/songs/ouverture/1.aff,assets/songs/ouverture/base.ogg,False,False,[],False,True,wacca_append_1,False,
ouverture,Ouvertüre,358,2,FTR,assets/songs/ouverture/2.aff,assets/songs/ouverture/base.ogg,False,False,[],False,True,wacca_append_1,False,
xtreme,XTREME,359,0,PST,assets/songs/xtreme/0.aff,assets/songs/xtreme/base.ogg,False,False,[],False,True,wacca_append_1,False,
xtreme,XTREME,359,1,PRS,assets/songs/xtreme/1.aff,assets/songs/xtreme/base.ogg,False,False,[],False,True,wacca_append_1,False,
xtreme,XTREME,359,2,FTR,assets/songs/xtreme/2.aff,assets/songs/xtreme/base.ogg,False,False,[],False,True,wacca_append_1,False,
edenwacca,eden,360,0,PST,assets/songs/edenwacca/0.aff,assets/songs/edenwacca/base.ogg,False,False,[],False,True,wacca_append_1,False,
edenwacca,eden,360,1,PRS,assets/songs/edenwacca/1.aff,assets/songs/edenwacca/base.ogg,False,False,[],False,True,wacca_append_1,False,
edenwacca,eden,360,2,FTR,assets/songs/edenwacca/2.aff,assets/songs/edenwacca/base.ogg,False,False,[],False,True,wacca_append_1,False,
metamysteria,Meta-Mysteria,361,0,PST,assets/songs/metamysteria/0.aff,assets/songs/metamysteria/base.ogg,False,False,[],False,True,wacca_append_1,False,
metamysteria,Meta-Mysteria,361,1,PRS,assets/songs/metamysteria/1.aff,assets/songs/metamysteria/base.ogg,False,False,[],False,True,wacca_append_1,False,
metamysteria,Meta-Mysteria,361,2,FTR,assets/songs/metamysteria/2.aff,assets/songs/metamysteria/base.ogg,False,False,[],False,True,wacca_append_1,False,
aloneandlorn,Alone & Lorn,362,0,PST,assets/songs/aloneandlorn/0.aff,assets/songs/aloneandlorn/base.ogg,False,False,[],False,True,extend_2,True,
aloneandlorn,Alone & Lorn,362,1,PRS,assets/songs/aloneandlorn/1.aff,assets/songs/aloneandlorn/base.ogg,False,False,[],False,True,extend_2,True,
aloneandlorn,Alone & Lorn,362,2,FTR,assets/songs/aloneandlorn/2.aff,assets/songs/aloneandlorn/base.ogg,False,False,[],False,True,extend_2,True,
wishuponasnow,Wish Upon a Snow,363,0,PST,assets/songs/wishuponasnow/0.aff,assets/songs/wishuponasnow/base.ogg,False,False,[],False,True,wishuponasnow,False,
wishuponasnow,Wish Upon a Snow,363,1,PRS,assets/songs/wishuponasnow/1.aff,assets/songs/wishuponasnow/base.ogg,False,False,[],False,True,wishuponasnow,False,
wishuponasnow,Wish Upon a Snow,363,2,FTR,assets/songs/wishuponasnow/2.aff,assets/songs/wishuponasnow/base.ogg,False,False,[],False,True,wishuponasnow,False,
overdrive,Kanbu de Tomatte Sugu Tokeru,364,0,PST,assets/songs/overdrive/0.aff,assets/songs/overdrive/base.ogg,False,False,[],False,True,overdrive,False,
overdrive,Kanbu de Tomatte Sugu Tokeru,364,1,PRS,assets/songs/overdrive/1.aff,assets/songs/overdrive/base.ogg,False,False,[],False,True,overdrive,False,
overdrive,Kanbu de Tomatte Sugu Tokeru,364,2,FTR,assets/songs/overdrive/2.aff,assets/songs/overdrive/base.ogg,False,False,[],False,True,overdrive,False,
felys,felys final remix,365,0,PST,assets/songs/felys/0.aff,assets/songs/felys/base.ogg,False,False,[],False,True,extend_2,True,
felys,felys final remix,365,1,PRS,assets/songs/felys/1.aff,assets/songs/felys/base.ogg,False,False,[],False,True,extend_2,True,
felys,felys final remix,365,2,FTR,assets/songs/felys/2.aff,assets/songs/felys/base.ogg,False,False,[],False,True,extend_2,True,
onandon,On And On!! feat. Jenga,366,0,PST,assets/songs/onandon/0.aff,assets/songs/onandon/base.ogg,False,False,[],False,True,extend_2,True,
onandon,On And On!! feat. Jenga,366,1,PRS,assets/songs/onandon/1.aff,assets/songs/onandon/base.ogg,False,False,[],False,True,extend_2,True,
onandon,On And On!! feat. Jenga,366,2,FTR,assets/songs/onandon/2.aff,assets/songs/onandon/base.ogg,False,False,[],False,True,extend_2,True,
lightmyway,LIVHT MY WΔY,367,0,PST,assets/songs/lightmyway/0.aff,assets/songs/lightmyway/base.ogg,False,False,[],False,True,lightmyway,False,
lightmyway,LIVHT MY WΔY,367,1,PRS,assets/songs/lightmyway/1.aff,assets/songs/lightmyway/base.ogg,False,False,[],False,True,lightmyway,False,
lightmyway,LIVHT MY WΔY,367,2,FTR,assets/songs/lightmyway/2.aff,assets/songs/lightmyway/base.ogg,False,False,[],False,True,lightmyway,False,
hotarubinoyuki,Hotarubi no Yuki,368,0,PST,assets/songs/hotarubinoyuki/0.aff,assets/songs/hotarubinoyuki/base.ogg,False,False,[],False,True,omatsuri,True,
hotarubinoyuki,Hotarubi no Yuki,368,1,PRS,assets/songs/hotarubinoyuki/1.aff,assets/songs/hotarubinoyuki/base.ogg,False,False,[],False,True,omatsuri,True,
hotarubinoyuki,Hotarubi no Yuki,368,2,FTR,assets/songs/hotarubinoyuki/2.aff,assets/songs/hotarubinoyuki/base.ogg,False,False,[],False,True,omatsuri,True,
theformula,The Formula,369,0,PST,assets/songs/theformula/0.aff,assets/songs/theformula/base.ogg,True,True,[],True,False,,False,
theformula,The Formula,369,1,PRS,assets/songs/theformula/1.aff,assets/songs/theformula/base.ogg,True,True,[],True,False,,False,
theformula,The Formula,369,2,FTR,assets/songs/theformula/2.aff,assets/songs/theformula/base.ogg,True,True,[],True,False,,False,
lunarossa,Luna Rossa,370,0,PST,assets/songs/lunarossa/0.aff,assets/songs/lunarossa/base.ogg,False,False,[],False,True,lunarossa,False,
lunarossa,Luna Rossa,370,1,PRS,assets/songs/lunarossa/1.aff,assets/songs/lunarossa/base.ogg,False,False,[],False,True,lunarossa,False,
lunarossa,Luna Rossa,370,2,FTR,assets/songs/lunarossa/2.aff,assets/songs/lunarossa/base.ogg,False,False,[],False,True,lunarossa,False,
jingle,Jingle,371,0,PST,assets/songs/jingle/0.aff,assets/songs/jingle/base.ogg,True,True,[],True,False,,False,
jingle,Jingle,371,1,PRS,assets/songs/jingle/1.aff,assets/songs/jingle/base.ogg,True,True,[],True,False,,False,
jingle,Jingle,371,2,FTR,assets/songs/jingle/2.aff,assets/songs/jingle/base.ogg,True,True,[],True,False,,False,
jingle,Jingle,371,4,ETR,assets/songs/jingle/4.aff,assets/songs/jingle/base.ogg,True,True,[],True,False,,False,
innocence,Innocence,372,0,PST,assets/songs/innocence/0.aff,assets/songs/innocence/base.ogg,False,False,[],False,True,,True,
innocence,Innocence,372,1,PRS,assets/songs/innocence/1.aff,assets/songs/innocence/base.ogg,False,False,[],False,True,,True,
innocence,Innocence,372,2,FTR,assets/songs/innocence/2.aff,assets/songs/innocence/base.ogg,False,False,[],False,True,,True,
innocence,Innocence,372,4,ETR,assets/songs/innocence/4.aff,assets/songs/innocence/base.ogg,False,False,[],False,True,,True,
ionostream,IONOSTREAM,373,0,PST,assets/songs/ionostream/0.aff,assets/songs/ionostream/base.ogg,False,False,[],False,True,ionostream,False,
ionostream,IONOSTREAM,373,1,PRS,assets/songs/ionostream/1.aff,assets/songs/ionostream/base.ogg,False,False,[],False,True,ionostream,False,
ionostream,IONOSTREAM,373,2,FTR,assets/songs/ionostream/2.aff,assets/songs/ionostream/base.ogg,False,False,[],False,True,ionostream,False,
ionostream,IONOSTREAM,373,4,ETR,assets/songs/ionostream/4.aff,assets/songs/ionostream/base.ogg,False,False,[],False,True,ionostream,False,
alephzero,Aleph-0,374,0,PST,assets/songs/alephzero/0.aff,assets/songs/alephzero/base.ogg,False,False,[],False,True,extend_2,True,
alephzero,Aleph-0,374,1,PRS,assets/songs/alephzero/1.aff,assets/songs/alephzero/base.ogg,False,False,[],False,True,extend_2,True,
alephzero,Aleph-0,374,2,FTR,assets/songs/alephzero/2.aff,assets/songs/alephzero/base.ogg,False,False,[],False,True,extend_2,True,
masqueradelegion,Masquerade Legion,375,0,PST,assets/songs/masqueradelegion/0.aff,assets/songs/masqueradelegion/base.ogg,False,False,[],False,True,masqueradelegion,False,
masqueradelegion,Masquerade Legion,375,1,PRS,assets/songs/masqueradelegion/1.aff,assets/songs/masqueradelegion/base.ogg,False,False,[],False,True,masqueradelegion,False,
masqueradelegion,Masquerade Legion,375,2,FTR,assets/songs/masqueradelegion/2.aff,assets/songs/masqueradelegion/base.ogg,False,False,[],False,True,masqueradelegion,False,
kyorenromance,KYOREN ROMANCE,376,0,PST,assets/songs/kyorenromance/0.aff,assets/songs/kyorenromance/base.ogg,False,False,[],False,True,kyorenromance,False,
kyorenromance,KYOREN ROMANCE,376,1,PRS,assets/songs/kyorenromance/1.aff,assets/songs/kyorenromance/base.ogg,False,False,[],False,True,kyorenromance,False,
kyorenromance,KYOREN ROMANCE,376,2,FTR,assets/songs/kyorenromance/2.aff,assets/songs/kyorenromance/base.ogg,False,False,[],False,True,kyorenromance,False,
qovat,Qovat,377,0,PST,assets/songs/qovat/0.aff,assets/songs/qovat/base.ogg,False,False,[],False,True,qovat,False,
qovat,Qovat,377,1,PRS,assets/songs/qovat/1.aff,assets/songs/qovat/base.ogg,False,False,[],False,True,qovat,False,
qovat,Qovat,377,2,FTR,assets/songs/qovat/2.aff,assets/songs/qovat/base.ogg,False,False,[],False,True,qovat,False,
hellohell,HELLOHELL,378,0,PST,assets/songs/hellohell/0.aff,assets/songs/hellohell/base.ogg,False,False,[],False,True,extend_3,True,
hellohell,HELLOHELL,378,1,PRS,assets/songs/hellohell/1.aff,assets/songs/hellohell/base.ogg,False,False,[],False,True,extend_3,True,
hellohell,HELLOHELL,378,2,FTR,assets/songs/hellohell/2.aff,assets/songs/hellohell/base.ogg,False,False,[],False,True,extend_3,True,
hellohell,HELLOHELL,378,4,ETR,assets/songs/hellohell/4.aff,assets/songs/hellohell/base.ogg,False,False,[],False,True,extend_3,True,
ichirin,〇、,379,0,PST,assets/songs/ichirin/0.aff,assets/songs/ichirin/base.ogg,False,False,[],False,True,extend_3,True,
ichirin,〇、,379,1,PRS,assets/songs/ichirin/1.aff,assets/songs/ichirin/base.ogg,False,False,[],False,True,extend_3,True,
ichirin,〇、,379,2,FTR,assets/songs/ichirin/2.aff,assets/songs/ichirin/base.ogg,False,False,[],False,True,extend_3,True,
awakeninruins,Awaken In Ruins,380,0,PST,assets/songs/awakeninruins/0.aff,assets/songs/awakeninruins/base.ogg,False,False,[],False,True,extend_3,True,
awakeninruins,Awaken In Ruins,380,1,PRS,assets/songs/awakeninruins/1.aff,assets/songs/awakeninruins/base.ogg,False,False,[],False,True,extend_3,True,
awakeninruins,Awaken In Ruins,380,2,FTR,assets/songs/awakeninruins/2.aff,assets/songs/awakeninruins/base.ogg,False,False,[],False,True,extend_3,True,
morningloom,MORNINGLOOM,381,0,PST,assets/songs/morningloom/0.aff,assets/songs/morningloom/base.ogg,False,False,[],False,True,extend_3,True,
morningloom,MORNINGLOOM,381,1,PRS,assets/songs/morningloom/1.aff,assets/songs/morningloom/base.ogg,False,False,[],False,True,extend_3,True,
morningloom,MORNINGLOOM,381,2,FTR,assets/songs/morningloom/2.aff,assets/songs/morningloom/base.ogg,False,False,[],False,True,extend_3,True,
morningloom,MORNINGLOOM,381,4,ETR,assets/songs/morningloom/4.aff,assets/songs/morningloom/base.ogg,False,False,[],False,True,extend_3,True,
lethalvoltage,Lethal Voltage,382,0,PST,assets/songs/lethalvoltage/0.aff,assets/songs/lethalvoltage/base.ogg,False,False,[],False,True,extend_3,True,
lethalvoltage,Lethal Voltage,382,1,PRS,assets/songs/lethalvoltage/1.aff,assets/songs/lethalvoltage/base.ogg,False,False,[],False,True,extend_3,True,
lethalvoltage,Lethal Voltage,382,2,FTR,assets/songs/lethalvoltage/2.aff,assets/songs/lethalvoltage/base.ogg,False,False,[],False,True,extend_3,True,
mirinae,MIRINAE,383,0,PST,assets/songs/mirinae/0.aff,assets/songs/mirinae/base.ogg,False,False,[],False,True,mirinae,False,
mirinae,MIRINAE,383,1,PRS,assets/songs/mirinae/1.aff,assets/songs/mirinae/base.ogg,False,False,[],False,True,mirinae,False,
mirinae,MIRINAE,383,2,FTR,assets/songs/mirinae/2.aff,assets/songs/mirinae/base.ogg,False,False,[],False,True,mirinae,False,
ultradiaxon,ultradiaxon-N3,384,0,PST,assets/songs/ultradiaxon/0.aff,assets/songs/ultradiaxon/base.ogg,False,False,[],False,True,ultradiaxon,False,
ultradiaxon,ultradiaxon-N3,384,1,PRS,assets/songs/ultradiaxon/1.aff,assets/songs/ultradiaxon/base.ogg,False,False,[],False,True,ultradiaxon,False,
ultradiaxon,ultradiaxon-N3,384,2,FTR,assets/songs/ultradiaxon/2.aff,assets/songs/ultradiaxon/base.ogg,False,False,[],False,True,ultradiaxon,False,
leaveallbehind,Leave All Behind,385,0,PST,assets/songs/leaveallbehind/0.aff,assets/songs/leaveallbehind/base.ogg,False,False,[],False,True,extend_3,True,
leaveallbehind,Leave All Behind,385,1,PRS,assets/songs/leaveallbehind/1.aff,assets/songs/leaveallbehind/base.ogg,False,False,[],False,True,extend_3,True,
leaveallbehind,Leave All Behind,385,2,FTR,assets/songs/leaveallbehind/2.aff,assets/songs/leaveallbehind/base.ogg,False,False,[],False,True,extend_3,True,
distortedfate,Distorted Fate,386,0,PST,assets/songs/distortedfate/0.aff,assets/songs/distortedfate/base.ogg,False,False,[],False,True,distortedfate,False,
distortedfate,Distorted Fate,386,1,PRS,assets/songs/distortedfate/1.aff,assets/songs/distortedfate/base.ogg,False,False,[],False,True,distortedfate,False,
distortedfate,Distorted Fate,386,2,FTR,assets/songs/distortedfate/2.aff,assets/songs/distortedfate/base.ogg,False,False,[],False,True,distortedfate,False,
distortedfate,Distorted Fate,386,4,ETR,assets/songs/distortedfate/4.aff,assets/songs/distortedfate/base.ogg,False,False,[],False,True,distortedfate,False,
floatingworld,Floating World,387,0,PST,assets/songs/floatingworld/0.aff,assets/songs/floatingworld/base.ogg,False,False,[],False,True,floatingworld,False,
floatingworld,Floating World,387,1,PRS,assets/songs/floatingworld/1.aff,assets/songs/floatingworld/base.ogg,False,False,[],False,True,floatingworld,False,
floatingworld,Floating World,387,2,FTR,assets/songs/floatingworld/2.aff,assets/songs/floatingworld/base.ogg,False,False,[],False,True,floatingworld,False,
chromafill,Chromafill,388,0,PST,assets/songs/chromafill/0.aff,assets/songs/chromafill/base.ogg,False,False,[],False,True,chromafill,False,
chromafill,Chromafill,388,1,PRS,assets/songs/chromafill/1.aff,assets/songs/chromafill/base.ogg,False,False,[],False,True,chromafill,False,
chromafill,Chromafill,388,2,FTR,assets/songs/chromafill/2.aff,assets/songs/chromafill/base.ogg,False,False,[],False,True,chromafill,False,
desive,Désive,389,0,PST,assets/songs/desive/0.aff,assets/songs/desive/base.ogg,False,False,[],False,True,,True,
desive,Désive,389,1,PRS,assets/songs/desive/1.aff,assets/songs/desive/base.ogg,False,False,[],False,True,,True,
desive,Désive,389,2,FTR,assets/songs/desive/2.aff,assets/songs/desive/base.ogg,False,False,[],False,True,,True,
desive,Désive,389,4,ETR,assets/songs/desive/4.aff,assets/songs/desive/base.ogg,False,False,[],False,True,,True,
epicurus,Hidden Rainbows of Epicurus,390,0,PST,assets/songs/epicurus/0.aff,assets/songs/epicurus/base.ogg,True,True,[],True,False,,False,
epicurus,Hidden Rainbows of Epicurus,390,1,PRS,assets/songs/epicurus/1.aff,assets/songs/epicurus/base.ogg,True,True,[],True,False,,False,
epicurus,Hidden Rainbows of Epicurus,390,2,FTR,assets/songs/epicurus/2.aff,assets/songs/epicurus/base.ogg,True,True,[],True,False,,False,
epicurus,Hidden Rainbows of Epicurus,390,4,ETR,assets/songs/epicurus/4.aff,assets/songs/epicurus/base.ogg,True,True,[],True,False,,False,
tasogare,Twilight Concerto,391,0,PST,assets/songs/tasogare/0.aff,assets/songs/tasogare/base.ogg,False,False,[],False,True,tasogare,False,
tasogare,Twilight Concerto,391,1,PRS,assets/songs/tasogare/1.aff,assets/songs/tasogare/base.ogg,False,False,[],False,True,tasogare,False,
tasogare,Twilight Concerto,391,2,FTR,assets/songs/tasogare/2.aff,assets/songs/tasogare/base.ogg,False,False,[],False,True,tasogare,False,
tasogare,Twilight Concerto,391,4,ETR,assets/songs/tasogare/4.aff,assets/songs/tasogare/base.ogg,False,False,[],False,True,tasogare,False,
oldschoolsalvage,Old School Salvage,392,0,PST,assets/songs/oldschoolsalvage/0.aff,assets/songs/oldschoolsalvage/base.ogg,False,False,[],False,True,extend_3,True,
oldschoolsalvage,Old School Salvage,392,1,PRS,assets/songs/oldschoolsalvage/1.aff,assets/songs/oldschoolsalvage/base.ogg,False,False,[],False,True,extend_3,True,
oldschoolsalvage,Old School Salvage,392,2,FTR,assets/songs/oldschoolsalvage/2.aff,assets/songs/oldschoolsalvage/base.ogg,False,False,[],False,True,extend_3,True,
beautifuldreamer,Beautiful Dreamer,393,0,PST,assets/songs/beautifuldreamer/0.aff,assets/songs/beautifuldreamer/base.ogg,False,False,[],False,True,beautifuldreamer,False,
beautifuldreamer,Beautiful Dreamer,393,1,PRS,assets/songs/beautifuldreamer/1.aff,assets/songs/beautifuldreamer/base.ogg,False,False,[],False,True,beautifuldreamer,False,
beautifuldreamer,Beautiful Dreamer,393,2,FTR,assets/songs/beautifuldreamer/2.aff,assets/songs/beautifuldreamer/base.ogg,False,False,[],False,True,beautifuldreamer,False,
backtobasics,Back to Basics,394,0,PST,assets/songs/backtobasics/0.aff,assets/songs/backtobasics/base.ogg,False,False,[],False,True,backtobasics,False,
backtobasics,Back to Basics,394,1,PRS,assets/songs/backtobasics/1.aff,assets/songs/backtobasics/base.ogg,False,False,[],False,True,backtobasics,False,
backtobasics,Back to Basics,394,2,FTR,assets/songs/backtobasics/2.aff,assets/songs/backtobasics/base.ogg,False,False,[],False,True,backtobasics,False,
stargateextreme,STARGATE EXTREME,395,0,PST,assets/songs/stargateextreme/0.aff,assets/songs/stargateextreme/base.ogg,False,False,[],False,True,stargateextreme,False,
stargateextreme,STARGATE EXTREME,395,1,PRS,assets/songs/stargateextreme/1.aff,assets/songs/stargateextreme/base.ogg,False,False,[],False,True,stargateextreme,False,
stargateextreme,STARGATE EXTREME,395,2,FTR,assets/songs/stargateextreme/2.aff,assets/songs/stargateextreme/base.ogg,False,False,[],False,True,stargateextreme,False,
stargateextreme,STARGATE EXTREME,395,4,ETR,assets/songs/stargateextreme/4.aff,assets/songs/stargateextreme/base.ogg,False,False,[],False,True,stargateextreme,False,
signof,"Sign of ""10.5km""",396,0,PST,assets/songs/signof/0.aff,assets/songs/signof/base.ogg,False,False,[],False,True,groovecoaster_append_1,False,
signof,"Sign of ""10.5km""",396,1,PRS,assets/songs/signof/1.aff,assets/songs/signof/base.ogg,False,False,[],False,True,groovecoaster_append_1,False,
signof,"Sign of ""10.5km""",396,2,FTR,assets/songs/signof/2.aff,assets/songs/signof/base.ogg,False,False,[],False,True,groovecoaster_append_1,False,
temptationgc,10pt8ion,397,0,PST,assets/songs/temptationgc/0.aff,assets/songs/temptationgc/base.ogg,False,False,[],False,True,groovecoaster_append_1,False,
temptationgc,10pt8ion,397,1,PRS,assets/songs/temptationgc/1.aff,assets/songs/temptationgc/base.ogg,False,False,[],False,True,groovecoaster_append_1,False,
temptationgc,10pt8ion,397,2,FTR,assets/songs/temptationgc/2.aff,assets/songs/temptationgc/base.ogg,False,False,[],False,True,groovecoaster_append_1,False,
temptationgc,10pt8ion,397,4,ETR,assets/songs/temptationgc/4.aff,assets/songs/temptationgc/base.ogg,False,False,[],False,True,groovecoaster_append_1,False,
blackmind,Black MInD,398,0,PST,assets/songs/blackmind/0.aff,assets/songs/blackmind/base.ogg,False,False,[],False,True,groovecoaster_append_1,False,
blackmind,Black MInD,398,1,PRS,assets/songs/blackmind/1.aff,assets/songs/blackmind/base.ogg,False,False,[],False,True,groovecoaster_append_1,False,
blackmind,Black MInD,398,2,FTR,assets/songs/blackmind/2.aff,assets/songs/blackmind/base.ogg,False,False,[],False,True,groovecoaster_append_1,False,
hypervision,HYPER VISION,399,0,PST,assets/songs/hypervision/0.aff,assets/songs/hypervision/base.ogg,False,False,[],False,True,hypervision,False,
hypervision,HYPER VISION,399,1,PRS,assets/songs/hypervision/1.aff,assets/songs/hypervision/base.ogg,False,False,[],False,True,hypervision,False,
hypervision,HYPER VISION,399,2,FTR,assets/songs/hypervision/2.aff,assets/songs/hypervision/base.ogg,False,False,[],False,True,hypervision,False,
distortionhuman,Distortion Human,401,0,PST,assets/songs/distortionhuman/0.aff,assets/songs/distortionhuman/base.ogg,False,False,[],False,True,extend_3,True,
distortionhuman,Distortion Human,401,1,PRS,assets/songs/distortionhuman/1.aff,assets/songs/distortionhuman/base.ogg,False,False,[],False,True,extend_3,True,
distortionhuman,Distortion Human,401,2,FTR,assets/songs/distortionhuman/2.aff,assets/songs/distortionhuman/base.ogg,False,False,[],False,True,extend_3,True,
shrink,shrink,402,0,PST,assets/songs/shrink/0.aff,assets/songs/shrink/base.ogg,False,False,[],False,True,shrink,False,
shrink,shrink,402,1,PRS,assets/songs/shrink/1.aff,assets/songs/shrink/base.ogg,False,False,[],False,True,shrink,False,
shrink,shrink,402,2,FTR,assets/songs/shrink/2.aff,assets/songs/shrink/base.ogg,False,False,[],False,True,shrink,False,
invain,In Vain,403,0,PST,assets/songs/invain/0.aff,assets/songs/invain/base.ogg,False,False,[],False,True,nihil,False,
invain,In Vain,403,1,PRS,assets/songs/invain/1.aff,assets/songs/invain/base.ogg,False,False,[],False,True,nihil,False,
invain,In Vain,403,2,FTR,assets/songs/invain/2.aff,assets/songs/invain/base.ogg,False,False,[],False,True,nihil,False,
hypnotize,Hypnotize,404,0,PST,assets/songs/hypnotize/0.aff,assets/songs/hypnotize/base.ogg,False,False,[],False,True,nihil,False,
hypnotize,Hypnotize,404,1,PRS,assets/songs/hypnotize/1.aff,assets/songs/hypnotize/base.ogg,False,False,[],False,True,nihil,False,
hypnotize,Hypnotize,404,2,FTR,assets/songs/hypnotize/2.aff,assets/songs/hypnotize/base.ogg,False,False,[],False,True,nihil,False,
hypnotize,Hypnotize,404,4,ETR,assets/songs/hypnotize/4.aff,assets/songs/hypnotize/base.ogg,False,False,[],False,True,nihil,False,
ashenboundary,Ashen 6oundary,405,0,PST,assets/songs/ashenboundary/0.aff,assets/songs/ashenboundary/base.ogg,False,False,[],False,True,nihil,False,
ashenboundary,Ashen 6oundary,405,1,PRS,assets/songs/ashenboundary/1.aff,assets/songs/ashenboundary/base.ogg,False,False,[],False,True,nihil,False,
ashenboundary,Ashen 6oundary,405,2,FTR,assets/songs/ashenboundary/2.aff,assets/songs/ashenboundary/base.ogg,False,False,[],False,True,nihil,False,
judgement,Judgement,406,0,PST,assets/songs/judgement/0.aff,assets/songs/judgement/base.ogg,False,False,[],False,True,nihil,False,
judgement,Judgement,406,1,PRS,assets/songs/judgement/1.aff,assets/songs/judgement/base.ogg,False,False,[],False,True,nihil,False,
judgement,Judgement,406,2,FTR,assets/songs/judgement/2.aff,assets/songs/judgement/base.ogg,False,False,[],False,True,nihil,False,
alterego,ALTER EGO,400,0,PST,assets/songs/alterego/0.aff,assets/songs/alterego/base.ogg,False,False,[],False,True,nihil,False,
alterego,ALTER EGO,400,1,PRS,assets/songs/alterego/1.aff,assets/songs/alterego/base.ogg,False,False,[],False,True,nihil,False,
alterego,ALTER EGO,400,2,FTR,assets/songs/alterego/2.aff,assets/songs/alterego/base.ogg,False,False,[],False,True,nihil,False,
alterego,ALTER EGO,400,4,ETR,assets/songs/alterego/4.aff,assets/songs/alterego/base.ogg,False,False,[],False,True,nihil,False,
epitaxy,epitaxy,407,0,PST,assets/songs/epitaxy/0.aff,assets/songs/epitaxy/base.ogg,False,False,[],False,True,extend_3,True,
epitaxy,epitaxy,407,1,PRS,assets/songs/epitaxy/1.aff,assets/songs/epitaxy/base.ogg,False,False,[],False,True,extend_3,True,
epitaxy,epitaxy,407,2,FTR,assets/songs/epitaxy/2.aff,assets/songs/epitaxy/base.ogg,False,False,[],False,True,extend_3,True,
epitaxy,epitaxy,407,4,ETR,assets/songs/epitaxy/4.aff,assets/songs/epitaxy/base.ogg,False,False,[],False,True,extend_3,True,
waltzforlorelei,Waltz for Lorelei,408,0,PST,assets/songs/waltzforlorelei/0.aff,assets/songs/waltzforlorelei/base.ogg,False,False,[],False,True,rotaeno,False,
waltzforlorelei,Waltz for Lorelei,408,1,PRS,assets/songs/waltzforlorelei/1.aff,assets/songs/waltzforlorelei/base.ogg,False,False,[],False,True,rotaeno,False,
waltzforlorelei,Waltz for Lorelei,408,2,FTR,assets/songs/waltzforlorelei/2.aff,assets/songs/waltzforlorelei/base.ogg,False,False,[],False,True,rotaeno,False,
waltzforlorelei,Waltz for Lorelei,408,4,ETR,assets/songs/waltzforlorelei/4.aff,assets/songs/waltzforlorelei/base.ogg,False,False,[],False,True,rotaeno,False,
dualdoom,Dual Doom Deathmatch,409,0,PST,assets/songs/dualdoom/0.aff,assets/songs/dualdoom/base.ogg,False,False,[],False,True,rotaeno,False,
dualdoom,Dual Doom Deathmatch,409,1,PRS,assets/songs/dualdoom/1.aff,assets/songs/dualdoom/base.ogg,False,False,[],False,True,rotaeno,False,
dualdoom,Dual Doom Deathmatch,409,2,FTR,assets/songs/dualdoom/2.aff,assets/songs/dualdoom/base.ogg,False,False,[],False,True,rotaeno,False,
dualdoom,Dual Doom Deathmatch,409,4,ETR,assets/songs/dualdoom/4.aff,assets/songs/dualdoom/base.ogg,False,False,[],False,True,rotaeno,False,
invertedworld,Inverted World,410,0,PST,assets/songs/invertedworld/0.aff,assets/songs/invertedworld/base.ogg,False,False,[],False,True,rotaeno,False,
invertedworld,Inverted World,410,1,PRS,assets/songs/invertedworld/1.aff,assets/songs/invertedworld/base.ogg,False,False,[],False,True,rotaeno,False,
invertedworld,Inverted World,410,2,FTR,assets/songs/invertedworld/2.aff,assets/songs/invertedworld/base.ogg,False,False,[],False,True,rotaeno,False,
invertedworld,Inverted World,410,4,ETR,assets/songs/invertedworld/4.aff,assets/songs/invertedworld/base.ogg,False,False,[],False,True,rotaeno,False,
mvurbd,MVURBD,411,0,PST,assets/songs/mvurbd/0.aff,assets/songs/mvurbd/base.ogg,False,False,[],False,True,rotaeno,False,
mvurbd,MVURBD,411,1,PRS,assets/songs/mvurbd/1.aff,assets/songs/mvurbd/base.ogg,False,False,[],False,True,rotaeno,False,
mvurbd,MVURBD,411,2,FTR,assets/songs/mvurbd/2.aff,assets/songs/mvurbd/base.ogg,False,False,[],False,True,rotaeno,False,
vulcanus,Vulcānus,412,0,PST,assets/songs/vulcanus/0.aff,assets/songs/vulcanus/base.ogg,False,False,[],False,True,rotaeno,False,
vulcanus,Vulcānus,412,1,PRS,assets/songs/vulcanus/1.aff,assets/songs/vulcanus/base.ogg,False,False,[],False,True,rotaeno,False,
vulcanus,Vulcānus,412,2,FTR,assets/songs/vulcanus/2.aff,assets/songs/vulcanus/base.ogg,False,False,[],False,True,rotaeno,False,
rainofconflict,Rain of Conflict in a Radiant Abyss,413,0,PST,assets/songs/rainofconflict/0.aff,assets/songs/rainofconflict/base.ogg,False,False,[],False,True,rainofconflict,False,
rainofconflict,Rain of Conflict in a Radiant Abyss,413,1,PRS,assets/songs/rainofconflict/1.aff,assets/songs/rainofconflict/base.ogg,False,False,[],False,True,rainofconflict,False,
rainofconflict,Rain of Conflict in a Radiant Abyss,413,2,FTR,assets/songs/rainofconflict/2.aff,assets/songs/rainofconflict/base.ogg,False,False,[],False,True,rainofconflict,False,
rainofconflict,Rain of Conflict in a Radiant Abyss,413,4,ETR,assets/songs/rainofconflict/4.aff,assets/songs/rainofconflict/base.ogg,False,False,[],False,True,rainofconflict,False,
saintorsinner,Saint or Sinner,414,0,PST,assets/songs/saintorsinner/0.aff,assets/songs/saintorsinner/base.ogg,False,False,[],False,True,prelude,False,
saintorsinner,Saint or Sinner,414,1,PRS,assets/songs/saintorsinner/1.aff,assets/songs/saintorsinner/base.ogg,False,False,[],False,True,prelude,False,
saintorsinner,Saint or Sinner,414,2,FTR,assets/songs/saintorsinner/2.aff,assets/songs/saintorsinner/base.ogg,False,False,[],False,True,prelude,False,
saintorsinner,Saint or Sinner,414,3,BYD,assets/songs/saintorsinner/3.aff,assets/songs/saintorsinner/base.ogg,False,False,[],False,True,prelude,False,
hailstone,Hailstone,415,0,PST,assets/songs/hailstone/0.aff,assets/songs/hailstone/base.ogg,False,False,[],False,True,extend_3,True,
hailstone,Hailstone,415,1,PRS,assets/songs/hailstone/1.aff,assets/songs/hailstone/base.ogg,False,False,[],False,True,extend_3,True,
hailstone,Hailstone,415,2,FTR,assets/songs/hailstone/2.aff,assets/songs/hailstone/base.ogg,False,False,[],False,True,extend_3,True,
furetemitai,FURETE-MITAI,416,0,PST,assets/songs/furetemitai/0.aff,assets/songs/furetemitai/base.ogg,False,False,[],False,True,extend_3,True,
furetemitai,FURETE-MITAI,416,1,PRS,assets/songs/furetemitai/1.aff,assets/songs/furetemitai/base.ogg,False,False,[],False,True,extend_3,True,
furetemitai,FURETE-MITAI,416,2,FTR,assets/songs/furetemitai/2.aff,assets/songs/furetemitai/base.ogg,False,False,[],False,True,extend_3,True,
furetemitai,FURETE-MITAI,416,4,ETR,assets/songs/furetemitai/4.aff,assets/songs/furetemitai/base.ogg,False,False,[],False,True,extend_3,True,
gensounosatellite,Gensou no Satellite,417,0,PST,assets/songs/gensounosatellite/0.aff,assets/songs/gensounosatellite/base.ogg,False,False,[],False,True,gensounosatellite,False,
gensounosatellite,Gensou no Satellite,417,1,PRS,assets/songs/gensounosatellite/1.aff,assets/songs/gensounosatellite/base.ogg,False,False,[],False,True,gensounosatellite,False,
gensounosatellite,Gensou no Satellite,417,2,FTR,assets/songs/gensounosatellite/2.aff,assets/songs/gensounosatellite/base.ogg,False,False,[],False,True,gensounosatellite,False,
gensounosatellite,Gensou no Satellite,417,4,ETR,assets/songs/gensounosatellite/4.aff,assets/songs/gensounosatellite/base.ogg,False,False,[],False,True,gensounosatellite,False,
prayer,Prayer,418,0,PST,assets/songs/prayer/0.aff,assets/songs/prayer/base.ogg,False,False,[],False,True,extend_3,True,
prayer,Prayer,418,1,PRS,assets/songs/prayer/1.aff,assets/songs/prayer/base.ogg,False,False,[],False,True,extend_3,True,
prayer,Prayer,418,2,FTR,assets/songs/prayer/2.aff,assets/songs/prayer/base.ogg,False,False,[],False,True,extend_3,True,
prayer,Prayer,418,4,ETR,assets/songs/prayer/4.aff,assets/songs/prayer/base.ogg,False,False,[],False,True,extend_3,True,
crimsonquartz,Crimson Quartz,419,0,PST,assets/songs/crimsonquartz/0.aff,assets/songs/crimsonquartz/base.ogg,False,False,[],False,True,crimsonquartz,False,
crimsonquartz,Crimson Quartz,419,1,PRS,assets/songs/crimsonquartz/1.aff,assets/songs/crimsonquartz/base.ogg,False,False,[],False,True,crimsonquartz,False,
crimsonquartz,Crimson Quartz,419,2,FTR,assets/songs/crimsonquartz/2.aff,assets/songs/crimsonquartz/base.ogg,False,False,[],False,True,crimsonquartz,False,
crimsonquartz,Crimson Quartz,419,4,ETR,assets/songs/crimsonquartz/4.aff,assets/songs/crimsonquartz/base.ogg,False,False,[],False,True,crimsonquartz,False,
thirdsun,Third Sun,420,0,PST,assets/songs/thirdsun/0.aff,assets/songs/thirdsun/base.ogg,False,False,[],False,True,thirdsun,False,
thirdsun,Third Sun,420,1,PRS,assets/songs/thirdsun/1.aff,assets/songs/thirdsun/base.ogg,False,False,[],False,True,thirdsun,False,
thirdsun,Third Sun,420,2,FTR,assets/songs/thirdsun/2.aff,assets/songs/thirdsun/base.ogg,False,False,[],False,True,thirdsun,False,
thirdsun,Third Sun,420,4,ETR,assets/songs/thirdsun/4.aff,assets/songs/thirdsun/base.ogg,False,False,[],False,True,thirdsun,False,
spiritdauntless,Spirit of the Dauntless,421,0,PST,assets/songs/spiritdauntless/0.aff,assets/songs/spiritdauntless/base.ogg,False,False,[],False,True,spiritdauntless,False,
spiritdauntless,Spirit of the Dauntless,421,1,PRS,assets/songs/spiritdauntless/1.aff,assets/songs/spiritdauntless/base.ogg,False,False,[],False,True,spiritdauntless,False,
spiritdauntless,Spirit of the Dauntless,421,2,FTR,assets/songs/spiritdauntless/2.aff,assets/songs/spiritdauntless/base.ogg,False,False,[],False,True,spiritdauntless,False,
diesirae,Dies irae,422,0,PST,assets/songs/diesirae/0.aff,assets/songs/diesirae/base.ogg,False,False,[],False,True,diesirae,False,
diesirae,Dies irae,422,1,PRS,assets/songs/diesirae/1.aff,assets/songs/diesirae/base.ogg,False,False,[],False,True,diesirae,False,
diesirae,Dies irae,422,2,FTR,assets/songs/diesirae/2.aff,assets/songs/diesirae/base.ogg,False,False,[],False,True,diesirae,False,
diesirae,Dies irae,422,4,ETR,assets/songs/diesirae/4.aff,assets/songs/diesirae/base.ogg,False,False,[],False,True,diesirae,False,
astralexe,astral.exe,423,0,PST,assets/songs/astralexe/0.aff,assets/songs/astralexe/base.ogg,False,False,[],False,True,extend_3,True,
astralexe,astral.exe,423,1,PRS,assets/songs/astralexe/1.aff,assets/songs/astralexe/base.ogg,False,False,[],False,True,extend_3,True,
astralexe,astral.exe,423,2,FTR,assets/songs/astralexe/2.aff,assets/songs/astralexe/base.ogg,False,False,[],False,True,extend_3,True,
liftoff,LiftOff,424,0,PST,assets/songs/liftoff/0.aff,assets/songs/liftoff/base.ogg,False,False,[],False,True,ongeki_append_2,False,
liftoff,LiftOff,424,1,PRS,assets/songs/liftoff/1.aff,assets/songs/liftoff/base.ogg,False,False,[],False,True,ongeki_append_2,False,
liftoff,LiftOff,424,2,FTR,assets/songs/liftoff/2.aff,assets/songs/liftoff/base.ogg,False,False,[],False,True,ongeki_append_2,False,
liftoff,LiftOff,424,4,ETR,assets/songs/liftoff/4.aff,assets/songs/liftoff/base.ogg,False,False,[],False,True,ongeki_append_2,False,
superambulance,SUPER AMBULANCE,425,0,PST,assets/songs/superambulance/0.aff,assets/songs/superambulance/base.ogg,False,False,[],False,True,ongeki_append_2,False,
superambulance,SUPER AMBULANCE,425,1,PRS,assets/songs/superambulance/1.aff,assets/songs/superambulance/base.ogg,False,False,[],False,True,ongeki_append_2,False,
superambulance,SUPER AMBULANCE,425,2,FTR,assets/songs/superambulance/2.aff,assets/songs/superambulance/base.ogg,False,False,[],False,True,ongeki_append_2,False,
dontfightmusic,Don't Fight The Music,426,0,PST,assets/songs/dontfightmusic/0.aff,assets/songs/dontfightmusic/base.ogg,False,False,[],False,True,ongeki_append_2,False,
dontfightmusic,Don't Fight The Music,426,1,PRS,assets/songs/dontfightmusic/1.aff,assets/songs/dontfightmusic/base.ogg,False,False,[],False,True,ongeki_append_2,False,
dontfightmusic,Don't Fight The Music,426,2,FTR,assets/songs/dontfightmusic/2.aff,assets/songs/dontfightmusic/base.ogg,False,False,[],False,True,ongeki_append_2,False,
dontfightmusic,Don't Fight The Music,426,4,ETR,assets/songs/dontfightmusic/4.aff,assets/songs/dontfightmusic/base.ogg,False,False,[],False,True,ongeki_append_2,False,
andrevivemelody,And Revive The Melody,427,0,PST,assets/songs/andrevivemelody/0.aff,assets/songs/andrevivemelody/base.ogg,False,False,[],False,True,ongeki_append_2,False,
andrevivemelody,And Revive The Melody,427,1,PRS,assets/songs/andrevivemelody/1.aff,assets/songs/andrevivemelody/base.ogg,False,False,[],False,True,ongeki_append_2,False,
andrevivemelody,And Revive The Melody,427,2,FTR,assets/songs/andrevivemelody/2.aff,assets/songs/andrevivemelody/base.ogg,False,False,[],False,True,ongeki_append_2,False,
swansong,Swan Song,428,0,PST,assets/songs/swansong/0.aff,assets/songs/swansong/base.ogg,False,False,[],False,True,lephon,False,
swansong,Swan Song,428,1,PRS,assets/songs/swansong/1.aff,assets/songs/swansong/base.ogg,False,False,[],False,True,lephon,False,
swansong,Swan Song,428,2,FTR,assets/songs/swansong/2.aff,assets/songs/swansong/base.ogg,False,False,[],False,True,lephon,False,
renegade,Renegade,429,0,PST,assets/songs/renegade/0.aff,assets/songs/renegade/base.ogg,False,False,[],False,True,lephon,False,
renegade,Renegade,429,1,PRS,assets/songs/renegade/1.aff,assets/songs/renegade/base.ogg,False,False,[],False,True,lephon,False,
renegade,Renegade,429,2,FTR,assets/songs/renegade/2.aff,assets/songs/renegade/base.ogg,False,False,[],False,True,lephon,False,
renegade,Renegade,429,3,BYD,assets/songs/renegade/3.aff,assets/songs/renegade/base.ogg,False,False,[],False,True,lephon,False,none
raysofremnant,Rays of Remnant,430,0,PST,assets/songs/raysofremnant/0.aff,assets/songs/raysofremnant/base.ogg,False,False,[],False,True,lephon,False,
raysofremnant,Rays of Remnant,430,1,PRS,assets/songs/raysofremnant/1.aff,assets/songs/raysofremnant/base.ogg,False,False,[],False,True,lephon,False,
raysofremnant,Rays of Remnant,430,2,FTR,assets/songs/raysofremnant/2.aff,assets/songs/raysofremnant/base.ogg,False,False,[],False,True,lephon,False,
raysofremnant,Rays of Remnant,430,3,BYD,assets/songs/raysofremnant/3.aff,assets/songs/raysofremnant/base.ogg,False,False,[],False,True,lephon,False,none
breachoffaith,Breach of Faith,431,0,PST,assets/songs/breachoffaith/0.aff,assets/songs/breachoffaith/base.ogg,False,False,[],False,True,lephon,False,
breachoffaith,Breach of Faith,431,1,PRS,assets/songs/breachoffaith/1.aff,assets/songs/breachoffaith/base.ogg,False,False,[],False,True,lephon,False,
breachoffaith,Breach of Faith,431,2,FTR,assets/songs/breachoffaith/2.aff,assets/songs/breachoffaith/base.ogg,False,False,[],False,True,lephon,False,
breachoffaith,Breach of Faith,431,3,BYD,assets/songs/breachoffaith/3.aff,assets/songs/breachoffaith/base.ogg,False,False,[],False,True,lephon,False,none
lamentrain,Lament Rain,432,0,PST,assets/songs/lamentrain/0.aff,assets/songs/lamentrain/base.ogg,False,False,[],False,True,lephon,False,
lamentrain,Lament Rain,432,1,PRS,assets/songs/lamentrain/1.aff,assets/songs/lamentrain/base.ogg,False,False,[],False,True,lephon,False,
lamentrain,Lament Rain,432,2,FTR,assets/songs/lamentrain/2.aff,assets/songs/lamentrain/base.ogg,False,False,[],False,True,lephon,False,
lamentrain,Lament Rain,432,3,BYD,assets/songs/lamentrain/3.aff,assets/songs/lamentrain/base.ogg,False,False,[],False,True,lephon,False,none
designant,Designant.,433,0,PST,assets/songs/designant/0.aff,assets/songs/designant/base.ogg,False,False,[],False,True,lephon,False,song
designant,Designant.,433,1,PRS,assets/songs/designant/1.aff,assets/songs/designant/base.ogg,False,False,[],False,True,lephon,False,song
designant,Designant.,433,2,FTR,assets/songs/designant/2.aff,assets/songs/designant/base.ogg,False,False,[],False,True,lephon,False,song
designant,Designant.,433,3,BYD,assets/songs/designant/3.aff,assets/songs/designant/base.ogg,False,False,[],False,True,lephon,False,song
astralquant,Astral Quantization,434,0,PST,assets/songs/astralquant/0.aff,assets/songs/astralquant/base.ogg,False,False,[],False,True,lephon,False,song
astralquant,Astral Quantization,434,1,PRS,assets/songs/astralquant/1.aff,assets/songs/astralquant/base.ogg,False,False,[],False,True,lephon,False,song
astralquant,Astral Quantization,434,2,FTR,assets/songs/astralquant/2.aff,assets/songs/astralquant/base.ogg,False,False,[],False,True,lephon,False,song
ignition,Ignition,435,0,PST,assets/songs/ignition/0.aff,assets/songs/ignition/base.ogg,False,False,[],False,True,chunithm_append_3,False,
ignition,Ignition,435,1,PRS,assets/songs/ignition/1.aff,assets/songs/ignition/base.ogg,False,False,[],False,True,chunithm_append_3,False,
ignition,Ignition,435,2,FTR,assets/songs/ignition/2.aff,assets/songs/ignition/base.ogg,False,False,[],False,True,chunithm_append_3,False,
blazingair,BlazinG AIR,436,0,PST,assets/songs/blazingair/0.aff,assets/songs/blazingair/base.ogg,False,False,[],False,True,chunithm_append_3,False,
blazingair,BlazinG AIR,436,1,PRS,assets/songs/blazingair/1.aff,assets/songs/blazingair/base.ogg,False,False,[],False,True,chunithm_append_3,False,
blazingair,BlazinG AIR,436,2,FTR,assets/songs/blazingair/2.aff,assets/songs/blazingair/base.ogg,False,False,[],False,True,chunithm_append_3,False,
blazingair,BlazinG AIR,436,4,ETR,assets/songs/blazingair/4.aff,assets/songs/blazingair/base.ogg,False,False,[],False,True,chunithm_append_3,False,
eightem,8-EM,437,0,PST,assets/songs/eightem/0.aff,assets/songs/eightem/base.ogg,False,False,[],False,True,chunithm_append_3,False,
eightem,8-EM,437,1,PRS,assets/songs/eightem/1.aff,assets/songs/eightem/base.ogg,False,False,[],False,True,chunithm_append_3,False,
eightem,8-EM,437,2,FTR,assets/songs/eightem/2.aff,assets/songs/eightem/base.ogg,False,False,[],False,True,chunithm_append_3,False,
eightem,8-EM,437,4,ETR,assets/songs/eightem/4.aff,assets/songs/eightem/base.ogg,False,False,[],False,True,chunithm_append_3,False,
daat,DA'AT -The First Seeker of Souls-,438,0,PST,assets/songs/daat/0.aff,assets/songs/daat/base.ogg,False,False,[],False,True,chunithm_append_3,False,
daat,DA'AT -The First Seeker of Souls-,438,1,PRS,assets/songs/daat/1.aff,assets/songs/daat/base.ogg,False,False,[],False,True,chunithm_append_3,False,
daat,DA'AT -The First Seeker of Souls-,438,2,FTR,assets/songs/daat/2.aff,assets/songs/daat/base.ogg,False,False,[],False,True,chunithm_append_3,False,
breakbreak,BREaK! BREaK! BREaK!,439,0,PST,assets/songs/breakbreak/0.aff,assets/songs/breakbreak/base.ogg,False,False,[],False,True,maimai_append_2,False,
breakbreak,BREaK! BREaK! BREaK!,439,1,PRS,assets/songs/breakbreak/1.aff,assets/songs/breakbreak/base.ogg,False,False,[],False,True,maimai_append_2,False,
breakbreak,BREaK! BREaK! BREaK!,439,2,FTR,assets/songs/breakbreak/2.aff,assets/songs/breakbreak/base.ogg,False,False,[],False,True,maimai_append_2,False,
breakbreak,BREaK! BREaK! BREaK!,439,4,ETR,assets/songs/breakbreak/4.aff,assets/songs/breakbreak/base.ogg,False,False,[],False,True,maimai_append_2,False,
straightintolights,Straight into the lights,440,0,PST,assets/songs/straightintolights/0.aff,assets/songs/straightintolights/base.ogg,False,False,[],False,True,maimai_append_2,False,
straightintolights,Straight into the lights,440,1,PRS,assets/songs/straightintolights/1.aff,assets/songs/straightintolights/base.ogg,False,False,[],False,True,maimai_append_2,False,
straightintolights,Straight into the lights,440,2,FTR,assets/songs/straightintolights/2.aff,assets/songs/straightintolights/base.ogg,False,False,[],False,True,maimai_append_2,False,
straightintolights,Straight into the lights,440,4,ETR,assets/songs/straightintolights/4.aff,assets/songs/straightintolights/base.ogg,False,False,[],False,True,maimai_append_2,False,
virtus,ViRTUS,441,0,PST,assets/songs/virtus/0.aff,assets/songs/virtus/base.ogg,False,False,[],False,True,maimai_append_2,False,
virtus,ViRTUS,441,1,PRS,assets/songs/virtus/1.aff,assets/songs/virtus/base.ogg,False,False,[],False,True,maimai_append_2,False,
virtus,ViRTUS,441,2,FTR,assets/songs/virtus/2.aff,assets/songs/virtus/base.ogg,False,False,[],False,True,maimai_append_2,False,
virtus,ViRTUS,441,4,ETR,assets/songs/virtus/4.aff,assets/songs/virtus/base.ogg,False,False,[],False,True,maimai_append_2,False,
yomibitoshirazu,yomibito_shirazu,442,0,PST,assets/songs/yomibitoshirazu/0.aff,assets/songs/yomibitoshirazu/base.ogg,False,False,[],False,True,maimai_append_2,False,
yomibitoshirazu,yomibito_shirazu,442,1,PRS,assets/songs/yomibitoshirazu/1.aff,assets/songs/yomibitoshirazu/base.ogg,False,False,[],False,True,maimai_append_2,False,
yomibitoshirazu,yomibito_shirazu,442,2,FTR,assets/songs/yomibitoshirazu/2.aff,assets/songs/yomibitoshirazu/base.ogg,False,False,[],False,True,maimai_append_2,False,
aethercrest,Aether Crest: Astral,443,0,PST,assets/songs/aethercrest/0.aff,assets/songs/aethercrest/base.ogg,False,False,[],False,True,chunithm_append_3,False,
aethercrest,Aether Crest: Astral,443,1,PRS,assets/songs/aethercrest/1.aff,assets/songs/aethercrest/base.ogg,False,False,[],False,True,chunithm_append_3,False,
aethercrest,Aether Crest: Astral,443,2,FTR,assets/songs/aethercrest/2.aff,assets/songs/aethercrest/base.ogg,False,False,[],False,True,chunithm_append_3,False,
aethercrest,Aether Crest: Astral,443,4,ETR,assets/songs/aethercrest/4.aff,assets/songs/aethercrest/base.ogg,False,False,[],False,True,chunithm_append_3,False,
heartache,Heartache,444,0,PST,assets/songs/heartache/0.aff,assets/songs/heartache/base.ogg,False,False,[],False,True,undertale,False,
heartache,Heartache,444,1,PRS,assets/songs/heartache/1.aff,assets/songs/heartache/base.ogg,False,False,[],False,True,undertale,False,
heartache,Heartache,444,2,FTR,assets/songs/heartache/2.aff,assets/songs/heartache/base.ogg,False,False,[],False,True,undertale,False,
heartache,Heartache,444,4,ETR,assets/songs/heartache/4.aff,assets/songs/heartache/base.ogg,False,False,[],False,True,undertale,False,
deathbyglamour,Death By Glamour,445,0,PST,assets/songs/deathbyglamour/0.aff,assets/songs/deathbyglamour/base.ogg,False,False,[],False,True,undertale,False,
deathbyglamour,Death By Glamour,445,1,PRS,assets/songs/deathbyglamour/1.aff,assets/songs/deathbyglamour/base.ogg,False,False,[],False,True,undertale,False,
deathbyglamour,Death By Glamour,445,2,FTR,assets/songs/deathbyglamour/2.aff,assets/songs/deathbyglamour/base.ogg,False,False,[],False,True,undertale,False,
deathbyglamour,Death By Glamour,445,4,ETR,assets/songs/deathbyglamour/4.aff,assets/songs/deathbyglamour/base.ogg,False,False,[],False,True,undertale,False,
yourbestnightmare,Your Best Nightmare,446,0,PST,assets/songs/yourbestnightmare/0.aff,assets/songs/yourbestnightmare/base.ogg,False,False,[],False,True,undertale,False,
yourbestnightmare,Your Best Nightmare,446,1,PRS,assets/songs/yourbestnightmare/1.aff,assets/songs/yourbestnightmare/base.ogg,False,False,[],False,True,undertale,False,
yourbestnightmare,Your Best Nightmare,446,2,FTR,assets/songs/yourbestnightmare/2.aff,assets/songs/yourbestnightmare/base.ogg,False,False,[],False,True,undertale,False,
yourbestnightmare,Your Best Nightmare,446,3,BYD,assets/songs/yourbestnightmare/3.aff,assets/songs/yourbestnightmare/base.ogg,False,False,[],False,True,undertale,False,none
lastgoodbye,Last Goodbye,447,0,PST,assets/songs/lastgoodbye/0.aff,assets/songs/lastgoodbye/base.ogg,False,False,[],False,True,undertale,False,
lastgoodbye,Last Goodbye,447,1,PRS,assets/songs/lastgoodbye/1.aff,assets/songs/lastgoodbye/base.ogg,False,False,[],False,True,undertale,False,
lastgoodbye,Last Goodbye,447,2,FTR,assets/songs/lastgoodbye/2.aff,assets/songs/lastgoodbye/base.ogg,False,False,[],False,True,undertale,False,
lastgoodbye,Last Goodbye,447,4,ETR,assets/songs/lastgoodbye/4.aff,assets/songs/lastgoodbye/base.ogg,False,False,[],False,True,undertale,False,
megalovania,MEGALOVANIA,448,0,PST,assets/songs/megalovania/0.aff,assets/songs/megalovania/base.ogg,False,False,[],False,True,undertale,False,
megalovania,MEGALOVANIA,448,1,PRS,assets/songs/megalovania/1.aff,assets/songs/megalovania/base.ogg,False,False,[],False,True,undertale,False,
megalovania,MEGALOVANIA,448,2,FTR,assets/songs/megalovania/2.aff,assets/songs/megalovania/base.ogg,False,False,[],False,True,undertale,False,
megalovania,MEGALOVANIA,448,4,ETR,assets/songs/megalovania/4.aff,assets/songs/megalovania/base.ogg,False,False,[],False,True,undertale,False,
megalovaniarmx,MEGALOVANIA (Camellia Remix),449,0,PST,assets/songs/megalovaniarmx/0.aff,assets/songs/megalovaniarmx/base.ogg,False,False,[],False,True,megalovaniarmx,False,
megalovaniarmx,MEGALOVANIA (Camellia Remix),449,1,PRS,assets/songs/megalovaniarmx/1.aff,assets/songs/megalovaniarmx/base.ogg,False,False,[],False,True,megalovaniarmx,False,
megalovaniarmx,MEGALOVANIA (Camellia Remix),449,2,FTR,assets/songs/megalovaniarmx/2.aff,assets/songs/megalovaniarmx/base.ogg,False,False,[],False,True,megalovaniarmx,False,
megalovaniarmx,MEGALOVANIA (Camellia Remix),449,4,ETR,assets/songs/megalovaniarmx/4.aff,assets/songs/megalovaniarmx/base.ogg,False,False,[],False,True,megalovaniarmx,False,
placebobattler,Placebo♥Battler,450,0,PST,assets/songs/placebobattler/0.aff,assets/songs/placebobattler/base.ogg,False,False,[],False,True,placebobattler,False,
placebobattler,Placebo♥Battler,450,1,PRS,assets/songs/placebobattler/1.aff,assets/songs/placebobattler/base.ogg,False,False,[],False,True,placebobattler,False,
placebobattler,Placebo♥Battler,450,2,FTR,assets/songs/placebobattler/2.aff,assets/songs/placebobattler/base.ogg,False,False,[],False,True,placebobattler,False,
blackmirror,Black Mirror on the Wall,451,0,PST,assets/songs/blackmirror/0.aff,assets/songs/blackmirror/base.ogg,False,False,[],False,True,extend_3,True,
blackmirror,Black Mirror on the Wall,451,1,PRS,assets/songs/blackmirror/1.aff,assets/songs/blackmirror/base.ogg,False,False,[],False,True,extend_3,True,
blackmirror,Black Mirror on the Wall,451,2,FTR,assets/songs/blackmirror/2.aff,assets/songs/blackmirror/base.ogg,False,False,[],False,True,extend_3,True,
blackmirror,Black Mirror on the Wall,451,4,ETR,assets/songs/blackmirror/4.aff,assets/songs/blackmirror/base.ogg,False,False,[],False,True,extend_3,True,
shinchoku,Shinchoku Doudesuka?,452,0,PST,assets/songs/shinchoku/0.aff,assets/songs/shinchoku/base.ogg,False,False,[],False,True,shinchoku,False,
shinchoku,Shinchoku Doudesuka?,452,1,PRS,assets/songs/shinchoku/1.aff,assets/songs/shinchoku/base.ogg,False,False,[],False,True,shinchoku,False,
shinchoku,Shinchoku Doudesuka?,452,2,FTR,assets/songs/shinchoku/2.aff,assets/songs/shinchoku/base.ogg,False,False,[],False,True,shinchoku,False,
shinchoku,Shinchoku Doudesuka?,452,4,ETR,assets/songs/shinchoku/4.aff,assets/songs/shinchoku/base.ogg,False,False,[],False,True,shinchoku,False,
trpno,TRPNO,453,0,PST,assets/songs/trpno/0.aff,assets/songs/trpno/base.ogg,False,False,[],False,True,extend_3,True,
trpno,TRPNO,453,1,PRS,assets/songs/trpno/1.aff,assets/songs/trpno/base.ogg,False,False,[],False,True,extend_3,True,
trpno,TRPNO,453,2,FTR,assets/songs/trpno/2.aff,assets/songs/trpno/base.ogg,False,False,[],False,True,extend_3,True,
tau,τ (tau),454,0,PST,assets/songs/tau/0.aff,assets/songs/tau/base.ogg,False,False,[],False,True,extend_3,True,
tau,τ (tau),454,1,PRS,assets/songs/tau/1.aff,assets/songs/tau/base.ogg,False,False,[],False,True,extend_3,True,
tau,τ (tau),454,2,FTR,assets/songs/tau/2.aff,assets/songs/tau/base.ogg,False,False,[],False,True,extend_3,True,
dullblade,Dull Blade,455,0,PST,assets/songs/dullblade/0.aff,assets/songs/dullblade/base.ogg,False,False,[],False,True,dullblade,False,
dullblade,Dull Blade,455,1,PRS,assets/songs/dullblade/1.aff,assets/songs/dullblade/base.ogg,False,False,[],False,True,dullblade,False,
dullblade,Dull Blade,455,2,FTR,assets/songs/dullblade/2.aff,assets/songs/dullblade/base.ogg,False,False,[],False,True,dullblade,False,
wontbackdown,Won't Back Down,456,0,PST,assets/songs/wontbackdown/0.aff,assets/songs/wontbackdown/base.ogg,False,False,[],False,True,extend_3,True,
wontbackdown,Won't Back Down,456,1,PRS,assets/songs/wontbackdown/1.aff,assets/songs/wontbackdown/base.ogg,False,False,[],False,True,extend_3,True,
wontbackdown,Won't Back Down,456,2,FTR,assets/songs/wontbackdown/2.aff,assets/songs/wontbackdown/base.ogg,False,False,[],False,True,extend_3,True,
dontdie,Don't Die,457,0,PST,assets/songs/dontdie/0.aff,assets/songs/dontdie/base.ogg,False,False,[],False,True,dontdie,False,
dontdie,Don't Die,457,1,PRS,assets/songs/dontdie/1.aff,assets/songs/dontdie/base.ogg,False,False,[],False,True,dontdie,False,
dontdie,Don't Die,457,2,FTR,assets/songs/dontdie/2.aff,assets/songs/dontdie/base.ogg,False,False,[],False,True,dontdie,False,
dontdie,Don't Die,457,4,ETR,assets/songs/dontdie/4.aff,assets/songs/dontdie/base.ogg,False,False,[],False,True,dontdie,False,
ladymadestar,Ladymade Star,458,0,PST,assets/songs/ladymadestar/0.aff,assets/songs/ladymadestar/base.ogg,False,False,[],False,True,djmax,False,
ladymadestar,Ladymade Star,458,1,PRS,assets/songs/ladymadestar/1.aff,assets/songs/ladymadestar/base.ogg,False,False,[],False,True,djmax,False,
ladymadestar,Ladymade Star,458,2,FTR,assets/songs/ladymadestar/2.aff,assets/songs/ladymadestar/base.ogg,False,False,[],False,True,djmax,False,
ladymadestar,Ladymade Star,458,4,ETR,assets/songs/ladymadestar/4.aff,assets/songs/ladymadestar/base.ogg,False,False,[],False,True,djmax,False,
endmoonlight,End of The Moonlight,459,0,PST,assets/songs/endmoonlight/0.aff,assets/songs/endmoonlight/base.ogg,False,False,[],False,True,djmax,False,
endmoonlight,End of The Moonlight,459,1,PRS,assets/songs/endmoonlight/1.aff,assets/songs/endmoonlight/base.ogg,False,False,[],False,True,djmax,False,
endmoonlight,End of The Moonlight,459,2,FTR,assets/songs/endmoonlight/2.aff,assets/songs/endmoonlight/base.ogg,False,False,[],False,True,djmax,False,
uad,U.A.D,460,0,PST,assets/songs/uad/0.aff,assets/songs/uad/base.ogg,False,False,[],False,True,djmax,False,
uad,U.A.D,460,1,PRS,assets/songs/uad/1.aff,assets/songs/uad/base.ogg,False,False,[],False,True,djmax,False,
uad,U.A.D,460,2,FTR,assets/songs/uad/2.aff,assets/songs/uad/base.ogg,False,False,[],False,True,djmax,False,
uad,U.A.D,460,4,ETR,assets/songs/uad/4.aff,assets/songs/uad/base.ogg,False,False,[],False,True,djmax,False,
oblivion,OBLIVION,461,0,PST,assets/songs/oblivion/0.aff,assets/songs/oblivion/base.ogg,False,False,[],False,True,djmax,False,
oblivion,OBLIVION,461,1,PRS,assets/songs/oblivion/1.aff,assets/songs/oblivion/base.ogg,False,False,[],False,True,djmax,False,
oblivion,OBLIVION,461,2,FTR,assets/songs/oblivion/2.aff,assets/songs/oblivion/base.ogg,False,False,[],False,True,djmax,False,
oblivion,OBLIVION,461,4,ETR,assets/songs/oblivion/4.aff,assets/songs/oblivion/base.ogg,False,False,[],False,True,djmax,False,
nightmare,Nightmare,462,0,PST,assets/songs/nightmare/0.aff,assets/songs/nightmare/base.ogg,False,False,[],False,True,djmax,False,
nightmare,Nightmare,462,1,PRS,assets/songs/nightmare/1.aff,assets/songs/nightmare/base.ogg,False,False,[],False,True,djmax,False,
nightmare,Nightmare,462,2,FTR,assets/songs/nightmare/2.aff,assets/songs/nightmare/base.ogg,False,False,[],False,True,djmax,False,
nightmare,Nightmare,462,4,ETR,assets/songs/nightmare/4.aff,assets/songs/nightmare/base.ogg,False,False,[],False,True,djmax,False,
tictactoe,Tic! Tac! Toe!,463,0,PST,assets/songs/tictactoe/0.aff,assets/songs/tictactoe/base.ogg,False,False,[],False,True,tictactoe,False,
tictactoe,Tic! Tac! Toe!,463,1,PRS,assets/songs/tictactoe/1.aff,assets/songs/tictactoe/base.ogg,False,False,[],False,True,tictactoe,False,
tictactoe,Tic! Tac! Toe!,463,2,FTR,assets/songs/tictactoe/2.aff,assets/songs/tictactoe/base.ogg,False,False,[],False,True,tictactoe,False,
tictactoe,Tic! Tac! Toe!,463,4,ETR,assets/songs/tictactoe/4.aff,assets/songs/tictactoe/base.ogg,False,False,[],False,True,tictactoe,False,
satisfaction,SATISFACTION,464,0,PST,assets/songs/satisfaction/0.aff,assets/songs/satisfaction/base.ogg,True,True,[],True,False,,False,
satisfaction,SATISFACTION,464,1,PRS,assets/songs/satisfaction/1.aff,assets/songs/satisfaction/base.ogg,True,True,[],True,False,,False,
satisfaction,SATISFACTION,464,2,FTR,assets/songs/satisfaction/2.aff,assets/songs/satisfaction/base.ogg,True,True,[],True,False,,False,
satisfaction,SATISFACTION,464,4,ETR,assets/songs/satisfaction/4.aff,assets/songs/satisfaction/base.ogg,True,True,[],True,False,,False,
someday,Someday,465,0,PST,assets/songs/someday/0.aff,assets/songs/someday/base.ogg,False,False,[],False,True,extend_3,True,
someday,Someday,465,1,PRS,assets/songs/someday/1.aff,assets/songs/someday/base.ogg,False,False,[],False,True,extend_3,True,
someday,Someday,465,2,FTR,assets/songs/someday/2.aff,assets/songs/someday/base.ogg,False,False,[],False,True,extend_3,True,
miles,Miles,466,0,PST,assets/songs/miles/0.aff,assets/songs/miles/base.ogg,False,False,[],False,True,miles,False,
miles,Miles,466,1,PRS,assets/songs/miles/1.aff,assets/songs/miles/base.ogg,False,False,[],False,True,miles,False,
miles,Miles,466,2,FTR,assets/songs/miles/2.aff,assets/songs/miles/base.ogg,False,False,[],False,True,miles,False,
miles,Miles,466,4,ETR,assets/songs/miles/4.aff,assets/songs/miles/base.ogg,False,False,[],False,True,miles,False,
iwantyou,I want You,467,0,PST,assets/songs/iwantyou/0.aff,assets/songs/iwantyou/base.ogg,False,False,[],False,True,djmax_append_1,False,
iwantyou,I want You,467,1,PRS,assets/songs/iwantyou/1.aff,assets/songs/iwantyou/base.ogg,False,False,[],False,True,djmax_append_1,False,
iwantyou,I want You,467,2,FTR,assets/songs/iwantyou/2.aff,assets/songs/iwantyou/base.ogg,False,False,[],False,True,djmax_append_1,False,
iwantyou,I want You,467,4,ETR,assets/songs/iwantyou/4.aff,assets/songs/iwantyou/base.ogg,False,False,[],False,True,djmax_append_1,False,
syriana,Syriana,468,0,PST,assets/songs/syriana/0.aff,assets/songs/syriana/base.ogg,False,False,[],False,True,djmax_append_1,False,
syriana,Syriana,468,1,PRS,assets/songs/syriana/1.aff,assets/songs/syriana/base.ogg,False,False,[],False,True,djmax_append_1,False,
syriana,Syriana,468,2,FTR,assets/songs/syriana/2.aff,assets/songs/syriana/base.ogg,False,False,[],False,True,djmax_append_1,False,
liar,Liar,469,0,PST,assets/songs/liar/0.aff,assets/songs/liar/base.ogg,False,False,[],False,True,djmax_append_1,False,
liar,Liar,469,1,PRS,assets/songs/liar/1.aff,assets/songs/liar/base.ogg,False,False,[],False,True,djmax_append_1,False,
liar,Liar,469,2,FTR,assets/songs/liar/2.aff,assets/songs/liar/base.ogg,False,False,[],False,True,djmax_append_1,False,
blythe,BlythE,470,0,PST,assets/songs/blythe/0.aff,assets/songs/blythe/base.ogg,False,False,[],False,True,djmax_append_1,False,
blythe,BlythE,470,1,PRS,assets/songs/blythe/1.aff,assets/songs/blythe/base.ogg,False,False,[],False,True,djmax_append_1,False,
blythe,BlythE,470,2,FTR,assets/songs/blythe/2.aff,assets/songs/blythe/base.ogg,False,False,[],False,True,djmax_append_1,False,
blythe,BlythE,470,4,ETR,assets/songs/blythe/4.aff,assets/songs/blythe/base.ogg,False,False,[],False,True,djmax_append_1,False,
wereallgonnadie,We're All Gonna Die,471,0,PST,assets/songs/wereallgonnadie/0.aff,assets/songs/wereallgonnadie/base.ogg,False,False,[],False,True,djmax_append_1,False,
wereallgonnadie,We're All Gonna Die,471,1,PRS,assets/songs/wereallgonnadie/1.aff,assets/songs/wereallgonnadie/base.ogg,False,False,[],False,True,djmax_append_1,False,
wereallgonnadie,We're All Gonna Die,471,2,FTR,assets/songs/wereallgonnadie/2.aff,assets/songs/wereallgonnadie/base.ogg,False,False,[],False,True,djmax_append_1,False,
wereallgonnadie,We're All Gonna Die,471,4,ETR,assets/songs/wereallgonnadie/4.aff,assets/songs/wereallgonnadie/base.ogg,False,False,[],False,True,djmax_append_1,False,
dematerialized,Dematerialized,472,0,PST,assets/songs/dematerialized/0.aff,assets/songs/dematerialized/base.ogg,True,True,[],True,False,,False,
dematerialized,Dematerialized,472,1,PRS,assets/songs/dematerialized/1.aff,assets/songs/dematerialized/base.ogg,True,True,[],True,False,,False,
dematerialized,Dematerialized,472,2,FTR,assets/songs/dematerialized/2.aff,assets/songs/dematerialized/base.ogg,True,True,[],True,False,,False,
dematerialized,Dematerialized,472,4,ETR,assets/songs/dematerialized/4.aff,assets/songs/dematerialized/base.ogg,True,True,[],True,False,,False,
seethelights,See the Lights!,473,0,PST,assets/songs/seethelights/0.aff,assets/songs/seethelights/base.ogg,False,False,[],False,True,anima,False,
seethelights,See the Lights!,473,1,PRS,assets/songs/seethelights/1.aff,assets/songs/seethelights/base.ogg,False,False,[],False,True,anima,False,
seethelights,See the Lights!,473,2,FTR,assets/songs/seethelights/2.aff,assets/songs/seethelights/base.ogg,False,False,[],False,True,anima,False,
seethelights,See the Lights!,473,4,ETR,assets/songs/seethelights/4.aff,assets/songs/seethelights/base.ogg,False,False,[],False,True,anima,False,
scarletlunar,Scarlet Lunar Empress,474,0,PST,assets/songs/scarletlunar/0.aff,assets/songs/scarletlunar/base.ogg,False,False,[],False,True,anima,False,
scarletlunar,Scarlet Lunar Empress,474,1,PRS,assets/songs/scarletlunar/1.aff,assets/songs/scarletlunar/base.ogg,False,False,[],False,True,anima,False,
scarletlunar,Scarlet Lunar Empress,474,2,FTR,assets/songs/scarletlunar/2.aff,assets/songs/scarletlunar/base.ogg,False,False,[],False,True,anima,False,
dualdependency,Dual Dependency,475,0,PST,assets/songs/dualdependency/0.aff,assets/songs/dualdependency/base.ogg,False,False,[],False,True,anima,False,
dualdependency,Dual Dependency,475,1,PRS,assets/songs/dualdependency/1.aff,assets/songs/dualdependency/base.ogg,False,False,[],False,True,anima,False,
dualdependency,Dual Dependency,475,2,FTR,assets/songs/dualdependency/2.aff,assets/songs/dualdependency/base.ogg,False,False,[],False,True,anima,False,
dualdependency,Dual Dependency,475,4,ETR,assets/songs/dualdependency/4.aff,assets/songs/dualdependency/base.ogg,False,False,[],False,True,anima,False,
lilly,Lilly,476,0,PST,assets/songs/lilly/0.aff,assets/songs/lilly/base.ogg,False,False,[],False,True,anima,False,
lilly,Lilly,476,1,PRS,assets/songs/lilly/1.aff,assets/songs/lilly/base.ogg,False,False,[],False,True,anima,False,
lilly,Lilly,476,2,FTR,assets/songs/lilly/2.aff,assets/songs/lilly/base.ogg,False,False,[],False,True,anima,False,
lilly,Lilly,476,4,ETR,assets/songs/lilly/4.aff,assets/songs/lilly/base.ogg,False,False,[],False,True,anima,False,
extradimensional,Extradimensional Cosmic Phenomenon,477,0,PST,assets/songs/extradimensional/0.aff,assets/songs/extradimensional/base.ogg,False,False,[],False,True,anima,False,
extradimensional,Extradimensional Cosmic Phenomenon,477,1,PRS,assets/songs/extradimensional/1.aff,assets/songs/extradimensional/base.ogg,False,False,[],False,True,anima,False,
extradimensional,Extradimensional Cosmic Phenomenon,477,2,FTR,assets/songs/extradimensional/2.aff,assets/songs/extradimensional/base.ogg,False,False,[],False,True,anima,False,
extradimensional,Extradimensional Cosmic Phenomenon,477,4,ETR,assets/songs/extradimensional/4.aff,assets/songs/extradimensional/base.ogg,False,False,[],False,True,anima,False,
disintegration,disintegration,478,0,PST,assets/songs/disintegration/0.aff,assets/songs/disintegration/base.ogg,False,False,[],False,True,extend_3,True,
disintegration,disintegration,478,1,PRS,assets/songs/disintegration/1.aff,assets/songs/disintegration/base.ogg,False,False,[],False,True,extend_3,True,
disintegration,disintegration,478,2,FTR,assets/songs/disintegration/2.aff,assets/songs/disintegration/base.ogg,False,False,[],False,True,extend_3,True,
disintegration,disintegration,478,4,ETR,assets/songs/disintegration/4.aff,assets/songs/disintegration/base.ogg,False,False,[],False,True,extend_3,True,
factorder,Factorder,479,0,PST,assets/songs/factorder/0.aff,assets/songs/factorder/base.ogg,False,False,[],False,True,anima_append_1,False,
factorder,Factorder,479,1,PRS,assets/songs/factorder/1.aff,assets/songs/factorder/base.ogg,False,False,[],False,True,anima_append_1,False,
factorder,Factorder,479,2,FTR,assets/songs/factorder/2.aff,assets/songs/factorder/base.ogg,False,False,[],False,True,anima_append_1,False,
factorder,Factorder,479,4,ETR,assets/songs/factorder/4.aff,assets/songs/factorder/base.ogg,False,False,[],False,True,anima_append_1,False,
incompleteone,incomplete the one,480,0,PST,assets/songs/incompleteone/0.aff,assets/songs/incompleteone/base.ogg,False,False,[],False,True,anima_append_1,False,
incompleteone,incomplete the one,480,1,PRS,assets/songs/incompleteone/1.aff,assets/songs/incompleteone/base.ogg,False,False,[],False,True,anima_append_1,False,
incompleteone,incomplete the one,480,2,FTR,assets/songs/incompleteone/2.aff,assets/songs/incompleteone/base.ogg,False,False,[],False,True,anima_append_1,False,
incompleteone,incomplete the one,480,4,ETR,assets/songs/incompleteone/4.aff,assets/songs/incompleteone/base.ogg,False,False,[],False,True,anima_append_1,False,
chaosblast,CHAOSBLAST,481,0,PST,assets/songs/chaosblast/0.aff,assets/songs/chaosblast/base.ogg,False,False,[],False,True,anima_append_1,False,
chaosblast,CHAOSBLAST,481,1,PRS,assets/songs/chaosblast/1.aff,assets/songs/chaosblast/base.ogg,False,False,[],False,True,anima_append_1,False,
chaosblast,CHAOSBLAST,481,2,FTR,assets/songs/chaosblast/2.aff,assets/songs/chaosblast/base.ogg,False,False,[],False,True,anima_append_1,False,
chaosblast,CHAOSBLAST,481,4,ETR,assets/songs/chaosblast/4.aff,assets/songs/chaosblast/base.ogg,False,False,[],False,True,anima_append_1,False,
welcomequeen,"Welcome, Queen of Fiction.",482,0,PST,assets/songs/welcomequeen/0.aff,assets/songs/welcomequeen/base.ogg,False,False,[],False,True,anima_append_1,False,
welcomequeen,"Welcome, Queen of Fiction.",482,1,PRS,assets/songs/welcomequeen/1.aff,assets/songs/welcomequeen/base.ogg,False,False,[],False,True,anima_append_1,False,
welcomequeen,"Welcome, Queen of Fiction.",482,2,FTR,assets/songs/welcomequeen/2.aff,assets/songs/welcomequeen/base.ogg,False,False,[],False,True,anima_append_1,False,
welcomequeen,"Welcome, Queen of Fiction.",482,4,ETR,assets/songs/welcomequeen/4.aff,assets/songs/welcomequeen/base.ogg,False,False,[],False,True,anima_append_1,False,unlockconditions
altergate,AlterGate,483,0,PST,assets/songs/altergate/0.aff,assets/songs/altergate/base.ogg,False,False,[],False,True,anima_append_1,False,
altergate,AlterGate,483,1,PRS,assets/songs/altergate/1.aff,assets/songs/altergate/base.ogg,False,False,[],False,True,anima_append_1,False,
altergate,AlterGate,483,2,FTR,assets/songs/altergate/2.aff,assets/songs/altergate/base.ogg,False,False,[],False,True,anima_append_1,False,
acheron,Acheron,484,0,PST,assets/songs/acheron/0.aff,assets/songs/acheron/base.ogg,False,False,[],False,True,,True,difficulty
acheron,Acheron,484,1,PRS,assets/songs/acheron/1.aff,assets/songs/acheron/base.ogg,False,False,[],False,True,,True,difficulty
acheron,Acheron,484,2,FTR,assets/songs/acheron/2.aff,assets/songs/acheron/base.ogg,False,False,[],False,True,,True,difficulty
eternitybreak,Eternity Break,485,0,PST,assets/songs/eternitybreak/0.aff,assets/songs/eternitybreak/base.ogg,False,False,[],False,True,eternitybreak,False,
eternitybreak,Eternity Break,485,1,PRS,assets/songs/eternitybreak/1.aff,assets/songs/eternitybreak/base.ogg,False,False,[],False,True,eternitybreak,False,
eternitybreak,Eternity Break,485,2,FTR,assets/songs/eternitybreak/2.aff,assets/songs/eternitybreak/base.ogg,False,False,[],False,True,eternitybreak,False,
eternitybreak,Eternity Break,485,4,ETR,assets/songs/eternitybreak/4.aff,assets/songs/eternitybreak/base.ogg,False,False,[],False,True,eternitybreak,False,
rostpagegene,ROST PAGE GENE,486,0,PST,assets/songs/rostpagegene/0.aff,assets/songs/rostpagegene/base.ogg,False,False,[],False,True,extend_3,True,
rostpagegene,ROST PAGE GENE,486,1,PRS,assets/songs/rostpagegene/1.aff,assets/songs/rostpagegene/base.ogg,False,False,[],False,True,extend_3,True,
rostpagegene,ROST PAGE GENE,486,2,FTR,assets/songs/rostpagegene/2.aff,assets/songs/rostpagegene/base.ogg,False,False,[],False,True,extend_3,True,
violaillyria,Viola Illyria,487,0,PST,assets/songs/violaillyria/0.aff,assets/songs/violaillyria/base.ogg,False,False,[],False,True,eclipse,False,
violaillyria,Viola Illyria,487,1,PRS,assets/songs/violaillyria/1.aff,assets/songs/violaillyria/base.ogg,False,False,[],False,True,eclipse,False,
violaillyria,Viola Illyria,487,2,FTR,assets/songs/violaillyria/2.aff,assets/songs/violaillyria/base.ogg,False,False,[],False,True,eclipse,False,
vainspire,Vainspire,488,0,PST,assets/songs/vainspire/0.aff,assets/songs/vainspire/base.ogg,False,False,[],False,True,eclipse,False,
vainspire,Vainspire,488,1,PRS,assets/songs/vainspire/1.aff,assets/songs/vainspire/base.ogg,False,False,[],False,True,eclipse,False,
vainspire,Vainspire,488,2,FTR,assets/songs/vainspire/2.aff,assets/songs/vainspire/base.ogg,False,False,[],False,True,eclipse,False,
vainspire,Vainspire,488,4,ETR,assets/songs/vainspire/4.aff,assets/songs/vainspire/base.ogg,False,False,[],False,True,eclipse,False,
nowayback,No Way Back,489,0,PST,assets/songs/nowayback/0.aff,assets/songs/nowayback/base.ogg,False,False,[],False,True,eclipse,False,
nowayback,No Way Back,489,1,PRS,assets/songs/nowayback/1.aff,assets/songs/nowayback/base.ogg,False,False,[],False,True,eclipse,False,
nowayback,No Way Back,489,2,FTR,assets/songs/nowayback/2.aff,assets/songs/nowayback/base.ogg,False,False,[],False,True,eclipse,False,
nowayback,No Way Back,489,4,ETR,assets/songs/nowayback/4.aff,assets/songs/nowayback/base.ogg,False,False,[],False,True,eclipse,False,
andorxor,ANDORXOR,490,0,PST,assets/songs/andorxor/0.aff,assets/songs/andorxor/base.ogg,False,False,[],False,True,eclipse,False,
andorxor,ANDORXOR,490,1,PRS,assets/songs/andorxor/1.aff,assets/songs/andorxor/base.ogg,False,False,[],False,True,eclipse,False,
andorxor,ANDORXOR,490,2,FTR,assets/songs/andorxor/2.aff,assets/songs/andorxor/base.ogg,False,False,[],False,True,eclipse,False,
andorxor,ANDORXOR,490,4,ETR,assets/songs/andorxor/4.aff,assets/songs/andorxor/base.ogg,False,False,[],False,True,eclipse,False,
undyingmacula,Undying Macula,491,0,PST,assets/songs/undyingmacula/0.aff,assets/songs/undyingmacula/base.ogg,False,False,"['video.mp4', 'video_audio.ogg']",False,True,eclipse,False,
undyingmacula,Undying Macula,491,1,PRS,assets/songs/undyingmacula/1.aff,assets/songs/undyingmacula/base.ogg,False,False,"['video.mp4', 'video_audio.ogg']",False,True,eclipse,False,
undyingmacula,Undying Macula,491,2,FTR,assets/songs/undyingmacula/2.aff,assets/songs/undyingmacula/base.ogg,False,False,"['video.mp4', 'video_audio.ogg']",False,True,eclipse,False,
undyingmacula,Undying Macula,491,4,ETR,assets/songs/undyingmacula/4.aff,assets/songs/undyingmacula/base.ogg,False,False,"['video.mp4', 'video_audio.ogg']",False,True,eclipse,False,
awakening,Wake in Hour,493,0,PST,assets/songs/awakening/0.aff,assets/songs/awakening/base.ogg,False,False,[],False,True,extend_4,True,
awakening,Wake in Hour,493,1,PRS,assets/songs/awakening/1.aff,assets/songs/awakening/base.ogg,False,False,[],False,True,extend_4,True,
awakening,Wake in Hour,493,2,FTR,assets/songs/awakening/2.aff,assets/songs/awakening/base.ogg,False,False,[],False,True,extend_4,True,
awakening,Wake in Hour,493,4,ETR,assets/songs/awakening/4.aff,assets/songs/awakening/base.ogg,False,False,[],False,True,extend_4,True,
mod,mod,494,0,PST,assets/songs/mod/0.aff,assets/songs/mod/base.ogg,False,False,[],False,True,extend_4,True,
mod,mod,494,1,PRS,assets/songs/mod/1.aff,assets/songs/mod/base.ogg,False,False,[],False,True,extend_4,True,
mod,mod,494,2,FTR,assets/songs/mod/2.aff,assets/songs/mod/base.ogg,False,False,[],False,True,extend_4,True,
particle,Particle,495,0,PST,assets/songs/particle/0.aff,assets/songs/particle/base.ogg,False,False,[],False,True,extend_4,True,
particle,Particle,495,1,PRS,assets/songs/particle/1.aff,assets/songs/particle/base.ogg,False,False,[],False,True,extend_4,True,
particle,Particle,495,2,FTR,assets/songs/particle/2.aff,assets/songs/particle/base.ogg,False,False,[],False,True,extend_4,True,
particle,Particle,495,4,ETR,assets/songs/particle/4.aff,assets/songs/particle/base.ogg,False,False,[],False,True,extend_4,True,
paradoxpalette,Paradox Palette,496,0,PST,assets/songs/paradoxpalette/0.aff,assets/songs/paradoxpalette/base.ogg,False,False,[],False,True,extend_4,True,
paradoxpalette,Paradox Palette,496,1,PRS,assets/songs/paradoxpalette/1.aff,assets/songs/paradoxpalette/base.ogg,False,False,[],False,True,extend_4,True,
paradoxpalette,Paradox Palette,496,2,FTR,assets/songs/paradoxpalette/2.aff,assets/songs/paradoxpalette/base.ogg,False,False,[],False,True,extend_4,True,
paradoxpalette,Paradox Palette,496,4,ETR,assets/songs/paradoxpalette/4.aff,assets/songs/paradoxpalette/base.ogg,False,False,[],False,True,extend_4,True,
xxium,Xxium and Purple haze,497,0,PST,assets/songs/xxium/0.aff,assets/songs/xxium/base.ogg,False,False,[],False,True,extend_4,True,
xxium,Xxium and Purple haze,497,1,PRS,assets/songs/xxium/1.aff,assets/songs/xxium/base.ogg,False,False,[],False,True,extend_4,True,
xxium,Xxium and Purple haze,497,2,FTR,assets/songs/xxium/2.aff,assets/songs/xxium/base.ogg,False,False,[],False,True,extend_4,True,
xxium,Xxium and Purple haze,497,4,ETR,assets/songs/xxium/4.aff,assets/songs/xxium/base.ogg,False,False,[],False,True,extend_4,True,
angelsboundary,Angel's Boundary,498,0,PST,assets/songs/angelsboundary/0.aff,assets/songs/angelsboundary/base.ogg,False,False,[],False,True,angelsboundary,False,
angelsboundary,Angel's Boundary,498,1,PRS,assets/songs/angelsboundary/1.aff,assets/songs/angelsboundary/base.ogg,False,False,[],False,True,angelsboundary,False,
angelsboundary,Angel's Boundary,498,2,FTR,assets/songs/angelsboundary/2.aff,assets/songs/angelsboundary/base.ogg,False,False,[],False,True,angelsboundary,False,
xterfusion,Xterfusion,499,0,PST,assets/songs/xterfusion/0.aff,assets/songs/xterfusion/base.ogg,False,False,[],False,True,xterfusion,False,
xterfusion,Xterfusion,499,1,PRS,assets/songs/xterfusion/1.aff,assets/songs/xterfusion/base.ogg,False,False,[],False,True,xterfusion,False,
xterfusion,Xterfusion,499,2,FTR,assets/songs/xterfusion/2.aff,assets/songs/xterfusion/base.ogg,False,False,[],False,True,xterfusion,False,
xterfusion,Xterfusion,499,4,ETR,assets/songs/xterfusion/4.aff,assets/songs/xterfusion/base.ogg,False,False,[],False,True,xterfusion,False,
infinitedim,INFINITE DIMENSION,500,0,PST,assets/songs/infinitedim/0.aff,assets/songs/infinitedim/base.ogg,False,False,[],False,True,nextstage,False,
infinitedim,INFINITE DIMENSION,500,1,PRS,assets/songs/infinitedim/1.aff,assets/songs/infinitedim/base.ogg,False,False,[],False,True,nextstage,False,
infinitedim,INFINITE DIMENSION,500,2,FTR,assets/songs/infinitedim/2.aff,assets/songs/infinitedim/base.ogg,False,False,[],False,True,nextstage,False,
infinitedim,INFINITE DIMENSION,500,4,ETR,assets/songs/infinitedim/4.aff,assets/songs/infinitedim/base.ogg,False,False,[],False,True,nextstage,False,
incarnator,INCARNATOR₀₀,501,0,PST,assets/songs/incarnator/0.aff,assets/songs/incarnator/base.ogg,False,False,[],False,True,nextstage,False,
incarnator,INCARNATOR₀₀,501,1,PRS,assets/songs/incarnator/1.aff,assets/songs/incarnator/base.ogg,False,False,[],False,True,nextstage,False,
incarnator,INCARNATOR₀₀,501,2,FTR,assets/songs/incarnator/2.aff,assets/songs/incarnator/base.ogg,False,False,[],False,True,nextstage,False,
incarnator,INCARNATOR₀₀,501,4,ETR,assets/songs/incarnator/4.aff,assets/songs/incarnator/base.ogg,False,False,[],False,True,nextstage,False,
zephyrlast,zephyrlasting,502,0,PST,assets/songs/zephyrlast/0.aff,assets/songs/zephyrlast/base.ogg,False,False,[],False,True,nextstage,False,
zephyrlast,zephyrlasting,502,1,PRS,assets/songs/zephyrlast/1.aff,assets/songs/zephyrlast/base.ogg,False,False,[],False,True,nextstage,False,
zephyrlast,zephyrlasting,502,2,FTR,assets/songs/zephyrlast/2.aff,assets/songs/zephyrlast/base.ogg,False,False,[],False,True,nextstage,False,
zephyrlast,zephyrlasting,502,4,ETR,assets/songs/zephyrlast/4.aff,assets/songs/zephyrlast/base.ogg,False,False,[],False,True,nextstage,False,
marenyx,MARENYX,503,0,PST,assets/songs/marenyx/0.aff,assets/songs/marenyx/base.ogg,False,False,[],False,True,nextstage,False,
marenyx,MARENYX,503,1,PRS,assets/songs/marenyx/1.aff,assets/songs/marenyx/base.ogg,False,False,[],False,True,nextstage,False,
marenyx,MARENYX,503,2,FTR,assets/songs/marenyx/2.aff,assets/songs/marenyx/base.ogg,False,False,[],False,True,nextstage,False,
marenyx,MARENYX,503,4,ETR,assets/songs/marenyx/4.aff,assets/songs/marenyx/base.ogg,False,False,[],False,True,nextstage,False,
codeoblivion,Code: Oblivion,504,0,PST,assets/songs/codeoblivion/0.aff,assets/songs/codeoblivion/base.ogg,False,False,[],False,True,nextstage,False,
codeoblivion,Code: Oblivion,504,1,PRS,assets/songs/codeoblivion/1.aff,assets/songs/codeoblivion/base.ogg,False,False,[],False,True,nextstage,False,
codeoblivion,Code: Oblivion,504,2,FTR,assets/songs/codeoblivion/2.aff,assets/songs/codeoblivion/base.ogg,False,False,[],False,True,nextstage,False,
codeoblivion,Code: Oblivion,504,4,ETR,assets/songs/codeoblivion/4.aff,assets/songs/codeoblivion/base.ogg,False,False,[],False,True,nextstage,False,
azalea,ΛZΛLEΛ,505,0,PST,assets/songs/azalea/0.aff,assets/songs/azalea/base.ogg,False,False,[],False,True,nextstage,False,
azalea,ΛZΛLEΛ,505,1,PRS,assets/songs/azalea/1.aff,assets/songs/azalea/base.ogg,False,False,[],False,True,nextstage,False,
azalea,ΛZΛLEΛ,505,2,FTR,assets/songs/azalea/2.aff,assets/songs/azalea/base.ogg,False,False,[],False,True,nextstage,False,
azalea,ΛZΛLEΛ,505,4,ETR,assets/songs/azalea/4.aff,assets/songs/azalea/base.ogg,False,False,[],False,True,nextstage,False,
tabootears,taboo tears you up 2017,506,0,PST,assets/songs/tabootears/0.aff,assets/songs/tabootears/base.ogg,False,False,[],False,True,extend_4,True,
tabootears,taboo tears you up 2017,506,1,PRS,assets/songs/tabootears/1.aff,assets/songs/tabootears/base.ogg,False,False,[],False,True,extend_4,True,
tabootears,taboo tears you up 2017,506,2,FTR,assets/songs/tabootears/2.aff,assets/songs/tabootears/base.ogg,False,False,[],False,True,extend_4,True,
tabootears,taboo tears you up 2017,506,4,ETR,assets/songs/tabootears/4.aff,assets/songs/tabootears/base.ogg,False,False,[],False,True,extend_4,True,
grandspell,Grandspell,507,0,PST,assets/songs/grandspell/0.aff,assets/songs/grandspell/base.ogg,False,False,[],False,True,grandspell,False,
grandspell,Grandspell,507,1,PRS,assets/songs/grandspell/1.aff,assets/songs/grandspell/base.ogg,False,False,[],False,True,grandspell,False,
grandspell,Grandspell,507,2,FTR,assets/songs/grandspell/2.aff,assets/songs/grandspell/base.ogg,False,False,[],False,True,grandspell,False,
undefined,undefined,508,0,PST,assets/songs/undefined/0.aff,assets/songs/undefined/base.ogg,False,False,[],False,True,extend_4,True,
undefined,undefined,508,1,PRS,assets/songs/undefined/1.aff,assets/songs/undefined/base.ogg,False,False,[],False,True,extend_4,True,
undefined,undefined,508,2,FTR,assets/songs/undefined/2.aff,assets/songs/undefined/base.ogg,False,False,[],False,True,extend_4,True,
mask,~_+,509,0,PST,assets/songs/mask/0.aff,assets/songs/mask/base.ogg,False,False,[],False,True,extend_4,True,
mask,~_+,509,1,PRS,assets/songs/mask/1.aff,assets/songs/mask/base.ogg,False,False,[],False,True,extend_4,True,
mask,~_+,509,2,FTR,assets/songs/mask/2.aff,assets/songs/mask/base.ogg,False,False,[],False,True,extend_4,True,
paranoidarc,Paranoid Arc,510,0,PST,assets/songs/paranoidarc/0.aff,assets/songs/paranoidarc/base.ogg,False,False,[],False,True,paranoidarc,False,
paranoidarc,Paranoid Arc,510,1,PRS,assets/songs/paranoidarc/1.aff,assets/songs/paranoidarc/base.ogg,False,False,[],False,True,paranoidarc,False,
paranoidarc,Paranoid Arc,510,2,FTR,assets/songs/paranoidarc/2.aff,assets/songs/paranoidarc/base.ogg,False,False,[],False,True,paranoidarc,False,
paranoidarc,Paranoid Arc,510,4,ETR,assets/songs/paranoidarc/4.aff,assets/songs/paranoidarc/base.ogg,False,False,[],False,True,paranoidarc,False,
subsphere,Subsphere in Eclosion,511,0,PST,assets/songs/subsphere/0.aff,assets/songs/subsphere/base.ogg,False,False,[],False,True,subsphere,False,
subsphere,Subsphere in Eclosion,511,1,PRS,assets/songs/subsphere/1.aff,assets/songs/subsphere/base.ogg,False,False,[],False,True,subsphere,False,
subsphere,Subsphere in Eclosion,511,2,FTR,assets/songs/subsphere/2.aff,assets/songs/subsphere/base.ogg,False,False,[],False,True,subsphere,False,
subsphere,Subsphere in Eclosion,511,4,ETR,assets/songs/subsphere/4.aff,assets/songs/subsphere/base.ogg,False,False,[],False,True,subsphere,False,
theraft,The 'Raft' taught me: your heart will always find a way.,512,0,PST,assets/songs/theraft/0.aff,assets/songs/theraft/base.ogg,False,False,[],False,True,theraft,False,
theraft,The 'Raft' taught me: your heart will always find a way.,512,1,PRS,assets/songs/theraft/1.aff,assets/songs/theraft/base.ogg,False,False,[],False,True,theraft,False,
theraft,The 'Raft' taught me: your heart will always find a way.,512,2,FTR,assets/songs/theraft/2.aff,assets/songs/theraft/base.ogg,False,False,[],False,True,theraft,False,
theraft,The 'Raft' taught me: your heart will always find a way.,512,4,ETR,assets/songs/theraft/4.aff,assets/songs/theraft/base.ogg,False,False,[],False,True,theraft,False,
omajinai,OMAJINAI,513,0,PST,assets/songs/omajinai/0.aff,assets/songs/omajinai/base.ogg,False,False,[],False,True,extend_4,True,
omajinai,OMAJINAI,513,1,PRS,assets/songs/omajinai/1.aff,assets/songs/omajinai/base.ogg,False,False,[],False,True,extend_4,True,
omajinai,OMAJINAI,513,2,FTR,assets/songs/omajinai/2.aff,assets/songs/omajinai/base.ogg,False,False,[],False,True,extend_4,True,
chaintonite,CHAIN2NITE,514,0,PST,assets/songs/chaintonite/0.aff,assets/songs/chaintonite/base.ogg,False,False,[],False,True,megarex,False,
chaintonite,CHAIN2NITE,514,1,PRS,assets/songs/chaintonite/1.aff,assets/songs/chaintonite/base.ogg,False,False,[],False,True,megarex,False,
chaintonite,CHAIN2NITE,514,2,FTR,assets/songs/chaintonite/2.aff,assets/songs/chaintonite/base.ogg,False,False,[],False,True,megarex,False,
chaintonite,CHAIN2NITE,514,4,ETR,assets/songs/chaintonite/4.aff,assets/songs/chaintonite/base.ogg,False,False,[],False,True,megarex,False,
onestepcloser,One Step Closer,515,0,PST,assets/songs/onestepcloser/0.aff,assets/songs/onestepcloser/base.ogg,False,False,[],False,True,megarex,False,
onestepcloser,One Step Closer,515,1,PRS,assets/songs/onestepcloser/1.aff,assets/songs/onestepcloser/base.ogg,False,False,[],False,True,megarex,False,
onestepcloser,One Step Closer,515,2,FTR,assets/songs/onestepcloser/2.aff,assets/songs/onestepcloser/base.ogg,False,False,[],False,True,megarex,False,
mylifeismine,My life is mine alone!,516,0,PST,assets/songs/mylifeismine/0.aff,assets/songs/mylifeismine/base.ogg,False,False,[],False,True,megarex,False,
mylifeismine,My life is mine alone!,516,1,PRS,assets/songs/mylifeismine/1.aff,assets/songs/mylifeismine/base.ogg,False,False,[],False,True,megarex,False,
mylifeismine,My life is mine alone!,516,2,FTR,assets/songs/mylifeismine/2.aff,assets/songs/mylifeismine/base.ogg,False,False,[],False,True,megarex,False,
mylifeismine,My life is mine alone!,516,4,ETR,assets/songs/mylifeismine/4.aff,assets/songs/mylifeismine/base.ogg,False,False,[],False,True,megarex,False,
meltyrhapsody,Melty Rhapsody,517,0,PST,assets/songs/meltyrhapsody/0.aff,assets/songs/meltyrhapsody/base.ogg,False,False,[],False,True,megarex,False,
meltyrhapsody,Melty Rhapsody,517,1,PRS,assets/songs/meltyrhapsody/1.aff,assets/songs/meltyrhapsody/base.ogg,False,False,[],False,True,megarex,False,
meltyrhapsody,Melty Rhapsody,517,2,FTR,assets/songs/meltyrhapsody/2.aff,assets/songs/meltyrhapsody/base.ogg,False,False,[],False,True,megarex,False,
meltyrhapsody,Melty Rhapsody,517,4,ETR,assets/songs/meltyrhapsody/4.aff,assets/songs/meltyrhapsody/base.ogg,False,False,[],False,True,megarex,False,
signal,Signal,518,0,PST,assets/songs/signal/0.aff,assets/songs/signal/base.ogg,False,False,[],False,True,megarex,False,
signal,Signal,518,1,PRS,assets/songs/signal/1.aff,assets/songs/signal/base.ogg,False,False,[],False,True,megarex,False,
signal,Signal,518,2,FTR,assets/songs/signal/2.aff,assets/songs/signal/base.ogg,False,False,[],False,True,megarex,False,
signal,Signal,518,4,ETR,assets/songs/signal/4.aff,assets/songs/signal/base.ogg,False,False,[],False,True,megarex,False,
caramelpop,Gimme Caramel Popcorn!,519,0,PST,assets/songs/caramelpop/0.aff,assets/songs/caramelpop/base.ogg,True,True,[],True,False,,False,
caramelpop,Gimme Caramel Popcorn!,519,1,PRS,assets/songs/caramelpop/1.aff,assets/songs/caramelpop/base.ogg,True,True,[],True,False,,False,
caramelpop,Gimme Caramel Popcorn!,519,2,FTR,assets/songs/caramelpop/2.aff,assets/songs/caramelpop/base.ogg,True,True,[],True,False,,False,
caramelpop,Gimme Caramel Popcorn!,519,4,ETR,assets/songs/caramelpop/4.aff,assets/songs/caramelpop/base.ogg,True,True,[],True,False,,False,
shinoukyoseki,The Forgotten Forest Haven,520,0,PST,assets/songs/shinoukyoseki/0.aff,assets/songs/shinoukyoseki/base.ogg,False,False,[],False,True,extend_4,True,
shinoukyoseki,The Forgotten Forest Haven,520,1,PRS,assets/songs/shinoukyoseki/1.aff,assets/songs/shinoukyoseki/base.ogg,False,False,[],False,True,extend_4,True,
shinoukyoseki,The Forgotten Forest Haven,520,2,FTR,assets/songs/shinoukyoseki/2.aff,assets/songs/shinoukyoseki/base.ogg,False,False,[],False,True,extend_4,True,
unknownnum,+1(UNKNOWN)-NUMBER,521,0,PST,assets/songs/unknownnum/0.aff,assets/songs/unknownnum/base.ogg,False,False,[],False,True,unknownnum,False,
unknownnum,+1(UNKNOWN)-NUMBER,521,1,PRS,assets/songs/unknownnum/1.aff,assets/songs/unknownnum/base.ogg,False,False,[],False,True,unknownnum,False,
unknownnum,+1(UNKNOWN)-NUMBER,521,2,FTR,assets/songs/unknownnum/2.aff,assets/songs/unknownnum/base.ogg,False,False,[],False,True,unknownnum,False,
thirdavenue,3rd Avenue,522,0,PST,assets/songs/thirdavenue/0.aff,assets/songs/thirdavenue/base.ogg,False,False,[],False,True,extend_4,True,
thirdavenue,3rd Avenue,522,1,PRS,assets/songs/thirdavenue/1.aff,assets/songs/thirdavenue/base.ogg,False,False,[],False,True,extend_4,True,
thirdavenue,3rd Avenue,522,2,FTR,assets/songs/thirdavenue/2.aff,assets/songs/thirdavenue/base.ogg,False,False,[],False,True,extend_4,True,
vallista,Vallista,523,0,PST,assets/songs/vallista/0.aff,assets/songs/vallista/base.ogg,False,False,[],False,True,extend_4,True,
vallista,Vallista,523,1,PRS,assets/songs/vallista/1.aff,assets/songs/vallista/base.ogg,False,False,[],False,True,extend_4,True,
vallista,Vallista,523,2,FTR,assets/songs/vallista/2.aff,assets/songs/vallista/base.ogg,False,False,[],False,True,extend_4,True,
goodrage,GOODRAGE,524,0,PST,assets/songs/goodrage/0.aff,assets/songs/goodrage/base.ogg,False,False,[],False,True,goodrage,False,
goodrage,GOODRAGE,524,1,PRS,assets/songs/goodrage/1.aff,assets/songs/goodrage/base.ogg,False,False,[],False,True,goodrage,False,
goodrage,GOODRAGE,524,2,FTR,assets/songs/goodrage/2.aff,assets/songs/goodrage/base.ogg,False,False,[],False,True,goodrage,False,
goodrage,GOODRAGE,524,4,ETR,assets/songs/goodrage/4.aff,assets/songs/goodrage/base.ogg,False,False,[],False,True,goodrage,False,
cryogenic,Cryogenic,525,0,PST,assets/songs/cryogenic/0.aff,assets/songs/cryogenic/base.ogg,False,False,[],False,True,cryogenic,False,
cryogenic,Cryogenic,525,1,PRS,assets/songs/cryogenic/1.aff,assets/songs/cryogenic/base.ogg,False,False,[],False,True,cryogenic,False,
cryogenic,Cryogenic,525,2,FTR,assets/songs/cryogenic/2.aff,assets/songs/cryogenic/base.ogg,False,False,[],False,True,cryogenic,False,
cryogenic,Cryogenic,525,4,ETR,assets/songs/cryogenic/4.aff,assets/songs/cryogenic/base.ogg,False,False,[],False,True,cryogenic,False,
desertrealm,Desertrealm,526,0,PST,assets/songs/desertrealm/0.aff,assets/songs/desertrealm/base.ogg,False,False,[],False,True,desertrealm,False,
desertrealm,Desertrealm,526,1,PRS,assets/songs/desertrealm/1.aff,assets/songs/desertrealm/base.ogg,False,False,[],False,True,desertrealm,False,
desertrealm,Desertrealm,526,2,FTR,assets/songs/desertrealm/2.aff,assets/songs/desertrealm/base.ogg,False,False,[],False,True,desertrealm,False,
spiderdance,Spider Dance,527,0,PST,assets/songs/spiderdance/0.aff,assets/songs/spiderdance/base.ogg,False,False,[],False,True,undertale_append_1,False,
spiderdance,Spider Dance,527,1,PRS,assets/songs/spiderdance/1.aff,assets/songs/spiderdance/base.ogg,False,False,[],False,True,undertale_append_1,False,
spiderdance,Spider Dance,527,2,FTR,assets/songs/spiderdance/2.aff,assets/songs/spiderdance/base.ogg,False,False,[],False,True,undertale_append_1,False,
spiderdance,Spider Dance,527,4,ETR,assets/songs/spiderdance/4.aff,assets/songs/spiderdance/base.ogg,False,False,[],False,True,undertale_append_1,False,
spearofjustice,Spear of Justice,528,0,PST,assets/songs/spearofjustice/0.aff,assets/songs/spearofjustice/base.ogg,False,False,[],False,True,undertale_append_1,False,
spearofjustice,Spear of Justice,528,1,PRS,assets/songs/spearofjustice/1.aff,assets/songs/spearofjustice/base.ogg,False,False,[],False,True,undertale_append_1,False,
spearofjustice,Spear of Justice,528,2,FTR,assets/songs/spearofjustice/2.aff,assets/songs/spearofjustice/base.ogg,False,False,[],False,True,undertale_append_1,False,
spearofjustice,Spear of Justice,528,4,ETR,assets/songs/spearofjustice/4.aff,assets/songs/spearofjustice/base.ogg,False,False,[],False,True,undertale_append_1,False,
asgore,ASGORE,529,0,PST,assets/songs/asgore/0.aff,assets/songs/asgore/base.ogg,False,False,[],False,True,undertale_append_1,False,
asgore,ASGORE,529,1,PRS,assets/songs/asgore/1.aff,assets/songs/asgore/base.ogg,False,False,[],False,True,undertale_append_1,False,
asgore,ASGORE,529,2,FTR,assets/songs/asgore/2.aff,assets/songs/asgore/base.ogg,False,False,[],False,True,undertale_append_1,False,
asgore,ASGORE,529,4,ETR,assets/songs/asgore/4.aff,assets/songs/asgore/base.ogg,False,False,[],False,True,undertale_append_1,False,
mirrorrmx,MIRROR - kamome sano remix,530,0,PST,assets/songs/mirrorrmx/0.aff,assets/songs/mirrorrmx/base.ogg,False,False,[],False,True,extend_4,True,
mirrorrmx,MIRROR - kamome sano remix,530,1,PRS,assets/songs/mirrorrmx/1.aff,assets/songs/mirrorrmx/base.ogg,False,False,[],False,True,extend_4,True,
mirrorrmx,MIRROR - kamome sano remix,530,2,FTR,assets/songs/mirrorrmx/2.aff,assets/songs/mirrorrmx/base.ogg,False,False,[],False,True,extend_4,True,
riotsystem,Riot in the System,531,0,PST,assets/songs/riotsystem/0.aff,assets/songs/riotsystem/base.ogg,False,False,[],False,True,extend_4,True,
riotsystem,Riot in the System,531,1,PRS,assets/songs/riotsystem/1.aff,assets/songs/riotsystem/base.ogg,False,False,[],False,True,extend_4,True,
riotsystem,Riot in the System,531,2,FTR,assets/songs/riotsystem/2.aff,assets/songs/riotsystem/base.ogg,False,False,[],False,True,extend_4,True,
riotsystem,Riot in the System,531,4,ETR,assets/songs/riotsystem/4.aff,assets/songs/riotsystem/base.ogg,False,False,[],False,True,extend_4,True,
cosmogyral,Cosmogyral,532,0,PST,assets/songs/cosmogyral/0.aff,assets/songs/cosmogyral/base.ogg,False,False,[],False,True,extend_4,True,
cosmogyral,Cosmogyral,532,1,PRS,assets/songs/cosmogyral/1.aff,assets/songs/cosmogyral/base.ogg,False,False,[],False,True,extend_4,True,
cosmogyral,Cosmogyral,532,2,FTR,assets/songs/cosmogyral/2.aff,assets/songs/cosmogyral/base.ogg,False,False,[],False,True,extend_4,True,
cosmogyral,Cosmogyral,532,4,ETR,assets/songs/cosmogyral/4.aff,assets/songs/cosmogyral/base.ogg,False,False,[],False,True,extend_4,True,
flexidefine,flexidefine,533,0,PST,assets/songs/flexidefine/0.aff,assets/songs/flexidefine/base.ogg,False,False,[],False,True,extend_4,True,
flexidefine,flexidefine,533,1,PRS,assets/songs/flexidefine/1.aff,assets/songs/flexidefine/base.ogg,False,False,[],False,True,extend_4,True,
flexidefine,flexidefine,533,2,FTR,assets/songs/flexidefine/2.aff,assets/songs/flexidefine/base.ogg,False,False,[],False,True,extend_4,True,
altersist,Altersist,534,0,PST,assets/songs/altersist/0.aff,assets/songs/altersist/base.ogg,False,False,[],False,True,altersist,False,
altersist,Altersist,534,1,PRS,assets/songs/altersist/1.aff,assets/songs/altersist/base.ogg,False,False,[],False,True,altersist,False,
altersist,Altersist,534,2,FTR,assets/songs/altersist/2.aff,assets/songs/altersist/base.ogg,False,False,[],False,True,altersist,False,
altersist,Altersist,534,4,ETR,assets/songs/altersist/4.aff,assets/songs/altersist/base.ogg,False,False,[],False,True,altersist,False,
csqn,c.s.q.n.,535,0,PST,assets/songs/csqn/0.aff,assets/songs/csqn/base.ogg,False,False,[],False,True,csqn,False,
csqn,c.s.q.n.,535,1,PRS,assets/songs/csqn/1.aff,assets/songs/csqn/base.ogg,False,False,[],False,True,csqn,False,
csqn,c.s.q.n.,535,2,FTR,assets/songs/csqn/2.aff,assets/songs/csqn/base.ogg,False,False,[],False,True,csqn,False,
csqn,c.s.q.n.,535,4,ETR,assets/songs/csqn/4.aff,assets/songs/csqn/base.ogg,False,False,[],False,True,csqn,False,
sucromania,Sucromania,536,0,PST,assets/songs/sucromania/0.aff,assets/songs/sucromania/base.ogg,False,False,[],False,True,sucromania,False,
sucromania,Sucromania,536,1,PRS,assets/songs/sucromania/1.aff,assets/songs/sucromania/base.ogg,False,False,[],False,True,sucromania,False,
sucromania,Sucromania,536,2,FTR,assets/songs/sucromania/2.aff,assets/songs/sucromania/base.ogg,False,False,[],False,True,sucromania,False,
sucromania,Sucromania,536,4,ETR,assets/songs/sucromania/4.aff,assets/songs/sucromania/base.ogg,False,False,[],False,True,sucromania,False,
lavie,Lavie,537,0,PST,assets/songs/lavie/0.aff,assets/songs/lavie/base.ogg,False,False,[],False,True,virtualsingers,False,
lavie,Lavie,537,1,PRS,assets/songs/lavie/1.aff,assets/songs/lavie/base.ogg,False,False,[],False,True,virtualsingers,False,
lavie,Lavie,537,2,FTR,assets/songs/lavie/2.aff,assets/songs/lavie/base.ogg,False,False,[],False,True,virtualsingers,False,
lavie,Lavie,537,4,ETR,assets/songs/lavie/4.aff,assets/songs/lavie/base.ogg,False,False,[],False,True,virtualsingers,False,
kamippoi,God-ish,538,0,PST,assets/songs/kamippoi/0.aff,assets/songs/kamippoi/base.ogg,False,False,[],False,True,virtualsingers,False,
kamippoi,God-ish,538,1,PRS,assets/songs/kamippoi/1.aff,assets/songs/kamippoi/base.ogg,False,False,[],False,True,virtualsingers,False,
kamippoi,God-ish,538,2,FTR,assets/songs/kamippoi/2.aff,assets/songs/kamippoi/base.ogg,False,False,[],False,True,virtualsingers,False,
kamippoi,God-ish,538,4,ETR,assets/songs/kamippoi/4.aff,assets/songs/kamippoi/base.ogg,False,False,[],False,True,virtualsingers,False,
override,Override,539,0,PST,assets/songs/override/0.aff,assets/songs/override/base.ogg,False,False,[],False,True,virtualsingers,False,
override,Override,539,1,PRS,assets/songs/override/1.aff,assets/songs/override/base.ogg,False,False,[],False,True,virtualsingers,False,
override,Override,539,2,FTR,assets/songs/override/2.aff,assets/songs/override/base.ogg,False,False,[],False,True,virtualsingers,False,
override,Override,539,4,ETR,assets/songs/override/4.aff,assets/songs/override/base.ogg,False,False,[],False,True,virtualsingers,False,
telepathy,Telepathy,540,0,PST,assets/songs/telepathy/0.aff,assets/songs/telepathy/base.ogg,False,False,[],False,True,virtualsingers,False,
telepathy,Telepathy,540,1,PRS,assets/songs/telepathy/1.aff,assets/songs/telepathy/base.ogg,False,False,[],False,True,virtualsingers,False,
telepathy,Telepathy,540,2,FTR,assets/songs/telepathy/2.aff,assets/songs/telepathy/base.ogg,False,False,[],False,True,virtualsingers,False,
telepathy,Telepathy,540,4,ETR,assets/songs/telepathy/4.aff,assets/songs/telepathy/base.ogg,False,False,[],False,True,virtualsingers,False,
aishite,"Love me, Love me, Love me",541,0,PST,assets/songs/aishite/0.aff,assets/songs/aishite/base.ogg,False,False,[],False,True,virtualsingers,False,
aishite,"Love me, Love me, Love me",541,1,PRS,assets/songs/aishite/1.aff,assets/songs/aishite/base.ogg,False,False,[],False,True,virtualsingers,False,
aishite,"Love me, Love me, Love me",541,2,FTR,assets/songs/aishite/2.aff,assets/songs/aishite/base.ogg,False,False,[],False,True,virtualsingers,False,
aishite,"Love me, Love me, Love me",541,4,ETR,assets/songs/aishite/4.aff,assets/songs/aishite/base.ogg,False,False,[],False,True,virtualsingers,False,
synthesis,Synthesis.,542,0,PST,assets/songs/synthesis/0.aff,assets/songs/synthesis/base.ogg,False,False,[],False,True,synthesis,False,
synthesis,Synthesis.,542,1,PRS,assets/songs/synthesis/1.aff,assets/songs/synthesis/base.ogg,False,False,[],False,True,synthesis,False,
synthesis,Synthesis.,542,2,FTR,assets/songs/synthesis/2.aff,assets/songs/synthesis/base.ogg,False,False,[],False,True,synthesis,False,
synthesis,Synthesis.,542,4,ETR,assets/songs/synthesis/4.aff,assets/songs/synthesis/base.ogg,False,False,[],False,True,synthesis,False,
acidgod,Acid God,543,0,PST,assets/songs/acidgod/0.aff,assets/songs/acidgod/base.ogg,False,False,[],False,True,acidgod,False,
acidgod,Acid God,543,1,PRS,assets/songs/acidgod/1.aff,assets/songs/acidgod/base.ogg,False,False,[],False,True,acidgod,False,
acidgod,Acid God,543,2,FTR,assets/songs/acidgod/2.aff,assets/songs/acidgod/base.ogg,False,False,[],False,True,acidgod,False,
acidgod,Acid God,543,4,ETR,assets/songs/acidgod/4.aff,assets/songs/acidgod/base.ogg,False,False,[],False,True,acidgod,False,
diein,DIE IN,544,0,PST,assets/songs/diein/0.aff,assets/songs/diein/base.ogg,False,False,[],False,True,,True,
diein,DIE IN,544,1,PRS,assets/songs/diein/1.aff,assets/songs/diein/base.ogg,False,False,[],False,True,,True,
diein,DIE IN,544,2,FTR,assets/songs/diein/2.aff,assets/songs/diein/base.ogg,False,False,[],False,True,,True,
diein,DIE IN,544,4,ETR,assets/songs/diein/4.aff,assets/songs/diein/base.ogg,False,False,[],False,True,,True,
chronologia,chronologia,545,0,PST,assets/songs/chronologia/0.aff,assets/songs/chronologia/base.ogg,False,False,[],False,True,chronologia,False,
chronologia,chronologia,545,1,PRS,assets/songs/chronologia/1.aff,assets/songs/chronologia/base.ogg,False,False,[],False,True,chronologia,False,
chronologia,chronologia,545,2,FTR,assets/songs/chronologia/2.aff,assets/songs/chronologia/base.ogg,False,False,[],False,True,chronologia,False,
chronologia,chronologia,545,4,ETR,assets/songs/chronologia/4.aff,assets/songs/chronologia/base.ogg,False,False,[],False,True,chronologia,False,
balor,Balor,546,0,PST,assets/songs/balor/0.aff,assets/songs/balor/base.ogg,False,False,[],False,True,konzetsu,False,
balor,Balor,546,1,PRS,assets/songs/balor/1.aff,assets/songs/balor/base.ogg,False,False,[],False,True,konzetsu,False,
balor,Balor,546,2,FTR,assets/songs/balor/2.aff,assets/songs/balor/base.ogg,False,False,[],False,True,konzetsu,False,
balor,Balor,546,4,ETR,assets/songs/balor/4.aff,assets/songs/balor/base.ogg,False,False,[],False,True,konzetsu,False,
dreadarea,DREAD AREA,547,0,PST,assets/songs/dreadarea/0.aff,assets/songs/dreadarea/base.ogg,False,False,[],False,True,konzetsu,False,
dreadarea,DREAD AREA,547,1,PRS,assets/songs/dreadarea/1.aff,assets/songs/dreadarea/base.ogg,False,False,[],False,True,konzetsu,False,
dreadarea,DREAD AREA,547,2,FTR,assets/songs/dreadarea/2.aff,assets/songs/dreadarea/base.ogg,False,False,[],False,True,konzetsu,False,
dreadarea,DREAD AREA,547,3,BYD,assets/songs/dreadarea/3.aff,assets/songs/dreadarea/base.ogg,False,False,[],False,True,konzetsu,False,difficulty
un,un,548,0,PST,assets/songs/un/0.aff,assets/songs/un/base.ogg,False,False,[],False,True,konzetsu,False,
un,un,548,1,PRS,assets/songs/un/1.aff,assets/songs/un/base.ogg,False,False,[],False,True,konzetsu,False,
un,un,548,2,FTR,assets/songs/un/2.aff,assets/songs/un/base.ogg,False,False,[],False,True,konzetsu,False,
un,un,548,4,ETR,assets/songs/un/4.aff,assets/songs/un/base.ogg,False,False,[],False,True,konzetsu,False,
rivenpilgrim,Riven Pilgrimage,549,0,PST,assets/songs/rivenpilgrim/0.aff,assets/songs/rivenpilgrim/base.ogg,False,False,[],False,True,konzetsu,False,
rivenpilgrim,Riven Pilgrimage,549,1,PRS,assets/songs/rivenpilgrim/1.aff,assets/songs/rivenpilgrim/base.ogg,False,False,[],False,True,konzetsu,False,
rivenpilgrim,Riven Pilgrimage,549,2,FTR,assets/songs/rivenpilgrim/2.aff,assets/songs/rivenpilgrim/base.ogg,False,False,[],False,True,konzetsu,False,
rivenpilgrim,Riven Pilgrimage,549,3,BYD,assets/songs/rivenpilgrim/3.aff,assets/songs/rivenpilgrim/base.ogg,False,False,[],False,True,konzetsu,False,difficulty
cataclysmcry,Cataclysm Cry,550,0,PST,assets/songs/cataclysmcry/0.aff,assets/songs/cataclysmcry/base.ogg,False,False,"['video.mp4', 'video_audio.ogg']",False,True,konzetsu,False,
cataclysmcry,Cataclysm Cry,550,1,PRS,assets/songs/cataclysmcry/1.aff,assets/songs/cataclysmcry/base.ogg,False,False,"['video.mp4', 'video_audio.ogg']",False,True,konzetsu,False,
cataclysmcry,Cataclysm Cry,550,2,FTR,assets/songs/cataclysmcry/2.aff,assets/songs/cataclysmcry/base.ogg,False,False,"['video.mp4', 'video_audio.ogg']",False,True,konzetsu,False,
cataclysmcry,Cataclysm Cry,550,3,BYD,assets/songs/cataclysmcry/3.aff,assets/songs/cataclysmcry/base.ogg,False,False,"['video.mp4', 'video_audio.ogg']",False,True,konzetsu,False,difficulty
deinosphainein,DEINOS PHAINEIN,551,0,PST,assets/songs/deinosphainein/0.aff,assets/songs/deinosphainein/base.ogg,False,False,"['video.mp4', 'video_audio.ogg']",False,True,konzetsu,False,song
deinosphainein,DEINOS PHAINEIN,551,1,PRS,assets/songs/deinosphainein/1.aff,assets/songs/deinosphainein/base.ogg,False,False,"['video.mp4', 'video_audio.ogg']",False,True,konzetsu,False,song
deinosphainein,DEINOS PHAINEIN,551,2,FTR,assets/songs/deinosphainein/2.aff,assets/songs/deinosphainein/base.ogg,False,False,"['video.mp4', 'video_audio.ogg']",False,True,konzetsu,False,song
deinosphainein,DEINOS PHAINEIN,551,3,BYD,assets/songs/deinosphainein/3.aff,assets/songs/deinosphainein/base.ogg,False,False,"['video.mp4', 'video_audio.ogg']",False,True,konzetsu,False,difficulty
ember,Ember,552,0,PST,assets/songs/ember/0.aff,assets/songs/ember/base.ogg,False,False,[],False,True,konzetsu,False,song
ember,Ember,552,1,PRS,assets/songs/ember/1.aff,assets/songs/ember/base.ogg,False,False,[],False,True,konzetsu,False,song
ember,Ember,552,2,FTR,assets/songs/ember/2.aff,assets/songs/ember/base.ogg,False,False,[],False,True,konzetsu,False,song
sacrosanct,⊥⊬,553,0,PST,assets/songs/sacrosanct/0.aff,assets/songs/sacrosanct/base.ogg,False,False,[],False,True,konzetsu,False,song
sacrosanct,⊥⊬,553,1,PRS,assets/songs/sacrosanct/1.aff,assets/songs/sacrosanct/base.ogg,False,False,[],False,True,konzetsu,False,song
sacrosanct,⊥⊬,553,2,FTR,assets/songs/sacrosanct/2.aff,assets/songs/sacrosanct/base.ogg,False,False,[],False,True,konzetsu,False,song
